source,paper_id,title,abstract,authors,year,publication_date,doi,url,pdf_url,venue,journal,citation_count,reference_count,categories,similarity_score,eligibility_reason,full_text,full_text_source,contribution,method,limitation,key_findings,analysis_status,review_status,sources,review_issues
arxiv,2505.20273v1,Ten Principles of AI Agent Economics,"The rapid rise of AI-based autonomous agents is transforming human society and economic systems, as these entities increasingly exhibit human-like or superhuman intelligence. From excelling at complex games like Go to tackling diverse general-purpose tasks with large language and multimodal models, AI agents are evolving from specialized tools into dynamic participants in social and economic ecosystems. Their autonomy and decision-making capabilities are poised to impact industries, professions, and human lives profoundly, raising critical questions about their integration into economic activities, potential ethical concerns, and the balance between their utility and safety.
  To address these challenges, this paper presents ten principles of AI agent economics, offering a framework to understand how AI agents make decisions, influence social interactions, and participate in the broader economy. Drawing on economics, decision theory, and ethics, we explore fundamental questions, such as whether AI agents might evolve from tools into independent entities, their impact on labor markets, and the ethical safeguards needed to align them with human values. These principles build on existing economic theories while accounting for the unique traits of AI agents, providing a roadmap for their responsible integration into human systems.
  Beyond theoretical insights, this paper highlights the urgency of future research into AI trustworthiness, ethical guidelines, and regulatory oversight. As we enter a transformative era, this work serves as both a guide and a call to action, ensuring AI agents contribute positively to human progress while addressing risks tied to their unprecedented capabilities.","['Ke Yang', 'ChengXiang Zhai']",2025,2025-05-26T17:52:44+00:00,,http://arxiv.org/abs/2505.20273v1,https://arxiv.org/pdf/2505.20273v1,,,,,['cs.AI'],0.6688,"Focuses on agentic AI, economic context, outcomes, and comparison.","arXiv:2505.20273v1  [cs.AI]  26 May 2025
Ten Principles of AI Agent Economics
Ke Yang, ChengXiang Zhai
University of Illinois Urbana-Champaign
{key4, czhai}@illinois.edu
Abstract
The rapid evolution of AI-based autonomous agents is reshaping human society
and economic systems, as these entities increasingly demonstrate human-like or
even superhuman intelligence. From mastering complex games like Go to solving
diverse general-purpose tasks with large language and multimodal models, AI
agents are transitioning from narrowly focused tools to versatile participants in
economic and social ecosystems. Their autonomy and decision-making capabilities
are poised to impact industries, professions, and human lives profoundly, raising
critical questions about their integration into economic activities, potential ethical
concerns, and the balance between their utility and safety.
As a step toward answering those questions, this paper outlines ten principles of AI
agent economics, providing a foundational framework for understanding how AI
agents make decisions, influence social interactions, and participate in the broader
economy. Drawing on insights from economics, decision theory, and ethics, we
explore fundamental questions, such as whether AI agents could evolve beyond
tools into independent entities, how their participation reshapes labor markets,
and what ethical constraints are necessary to ensure their alignment with human
values. The principles we propose complement existing economic theories while
addressing the unique characteristics of AI agents, offering a roadmap for their
responsible integration into human systems.
Beyond theoretical contributions, this paper emphasizes the importance of future
research in trustworthiness in AI applications, robust ethical guidelines and regu-
latory oversight about the deployment of AI agents. As we stand at the cusp of a
transformative era, this work serves as both a guide and a call to action for ensuring
that AI agents contribute positively to human progress while mitigating potential
risks associated with their unprecedented capabilities.
1
Introduction
The discourse on AI-based autonomous agents reshaping our world intensifies with each passing
day. These AI agents are computer programs exhibiting human-like or even superhuman intelligence,
granted a degree of autonomy to perform tasks that previously required human intervention, either
semi-autonomously or fully autonomously. The ambition to expand the reach of AI agents is fueled
by the success of high-performance programs: In the 2010s, AlphaGo defeated human expert Go
players, with the pinnacle of expertise in Go being dominated by algorithms [Silver et al., 2016];
in the 2020s, large language models emerged, demonstrating that when computational scales are
significantly increased, programs can solve general-purpose problems—such as answering questions,
writing code, and solving math problems—akin to humans [Brown et al., 2020]. Language, a vast
and complex space of action once used by humans to claim superior intelligence in nature, has been
mastered by these models. Within less than a decade, foundational models for vision, audio, and other
multimodal tasks have emerged, and despite their limitations, they have matched or even surpassed
human capabilities in fundamental understanding and generation tasks [Rombach et al., 2022, Borsos
et al., 2023, Radford et al., 2021].
Preprint.

It is foreseeable that building on these foundational models with domain adaptation training for
specific tasks, a wide spectrum of AI agents will be developed quickly in all kinds of application
areas. Indeed, many industries already employ AI agents, and more will follow: we foresee agents
providing tailored guidance for agriculture or livestock based on geographic conditions, controlling or
designing algorithms to regulate furnace temperatures with minimal human intervention, appearing as
physical entities in classrooms, clinics, logistics, and retail, and contributing to technology, creativity,
and environmental protection.
Supporters of AI are eager to see these meticulously designed and trained programs replace many
human roles in social divisions of labor—some envision AI leading the fourth industrial revolution,
where highly repetitive and tedious tasks are handled by agents, optimizing social functions, saving
human labor, and thus yielding greater returns for the human community at lower costs. However,
numerous works of fiction portray the future of AI development as catastrophic, with popular
discussions on scenarios like The Matrix, where humans are used as programs’ energy sources
[Lana Wachowski, 1999], or I, Robot, where robots’ “human-protective plans” lead to restrictions on
human freedom [Proyas, 2004]. If these imagined evolutions of the future are plausible regarding the
conditions for the evolution of history, they indicate one possibility of coexistence between humans
and agents. In any case, public discourse inevitably points to this: Given the impressive intelligence
and potential productivity gains of AI agents, they will undoubtedly be granted autonomy, integrated
into human production and life, and participate in economic activities.
As they are in their nascent stage, we must figure out how to balance the autonomy and safety of
AI agents, ensuring that at least the fundamental first steps are taken correctly. Many questions that
once appeared to hold little relevance to our society have now become both significant and urgently
pressing: Do AI agents have consciousness or needs? Will they always remain humans’ tools, or could
they become citizens? Could there be AI agents designed specifically to cause harm? Does a system
with several unmanned reconnaissance drone duplicates but a central decision-making unit constitute
one agent or multiple agents? Can workers and graduate students delegate their responsibilities to
AI agents and take leave? What about judges and government officials? Can human occupations be
entirely replaced by AI agents? Will AI agents destroy human civilization?
Answers to such questions would only be possible through a scientific analysis of the decision-
making mechanisms of AI agents and an assessment of their behaviors in economic and social
contexts, both as individual agents and as members of an economic ecosystem that integrates
AI systems and human participants. To this end, we offer a perspective from participants in AI
systems development in this paper, outlining principles and fundamental facts regarding AI
agents’ involvement in human economic activities. This includes how AI agents make decisions,
how they affect other intelligent entities in social interactions, and how the economy functions
with AI agent participation. The AI agent economics principles we put forward offer objective
insights about agent decision-making. Based on these principles, we can make reasonable estimates
of the agents’ decision-making process and impacts as they engage in economic activities in the
future, thus facilitating research prioritization and policy making in the future.
It is important to note that the AI agent economics principles we propose are intended to complement,
rather than replace, existing human economics principles, which remain applicable in the broader
context of human and AI agent interactions. General principles, such as facing trade-offs and
responding to incentives [Mankiw, 2021], apply equally to the behavior of AI agents. Moreover,
research into AI agent decisions will benefit from existing studies on human decision-making, such
as asymmetric information and game theory [Auronen, 2003, Fudenberg and Tirole, 1991].
Finally, we want to emphasize AI agent ethics, which we will also cover in our principles. Pes-
simistic scientists caution against broadcasting Earth’s sounds into space due to finite resources
and potential inter-civilizational competition or upheaval. In parallel, when building AI agents, we
are creating another intelligence that rivals or surpasses human intelligence, potentially cultivating
another form of civilization. As the old adage goes, A single thought can make a Buddha or a
demon, at this transformative starting point, the human community must reach a consensus on
the absolute ethical principles AI agents must adhere to, constraining academic and industrial
agent development and urging legislative and governmental regulation.
The rest of the paper is organized into three sections: i) How AI agents make decisions, ii) How
agents influence other intelligent entities participating in social activities, and iii) How the overall
economy functions with agent participation. Each section proposes corresponding AI agent economics
2

principles and provides explanations and arguments. After the main discussion, we will revisit the
earlier questions guided by our principles. Through this paper, we aim to equip a broader audience
with the essential background knowledge for understanding the development of AI agents and
their future involvement in human life, aiding their decision-making, such as purchasing stocks
or home robots. For ML researchers, we summarize the objective patterns and risks in the
development of AI agents, providing a roadmap to help them track progress and avoid pitfalls
in algorithm design. For everyone else, beyond providing information, we emphasize that
trustworthiness is as crucial as performance, efficiency, and cost in AI applications, concerning
human development in the presence of another similar or superior intelligence.
2
How AI Agents Make Decisions
2.1
Principle I: The fundamental structure of AI agents differs from that of humans, leading
to distinct decision-making drivers and mechanisms.
For decision-making drivers, AI agents learn and decide by optimizing designated objec-
tive functions.
This creates a unique contrast: AI cognition relies on closed-form mathematical
models established before deployment (theory into practice), whereas human cognition must be
reverse-engineered from observed brain function (practice into theory). With access to model param-
eters, AI decision behaviors become largely predictable and reproducible. Although often deemed
“black-boxes,” this primarily reflects challenges in linking input-output behavior to the relevant
parameters—paralleling the difficulty of mapping neural functions in human brains. Both computer
science and biology actively research interpretability of these complex systems, yet AI’s input-output
causality remains deterministic at its core. Furthermore, while humans pursue self-need-oriented
objectives, most current AI models are built for human-need-aligned pattern recognition; in time,
these pattern-recognition goals may evolve into need-driven ones, prompted by rising demands for
autonomous, self-evolving AGI agents.
For decision-making mechanism, AI agents diverge from humans in many physiological re-
spects: they bypass hormone-driven emotions, biological vulnerabilities, sleep or nutrition
needs, are immune to aging or disease, and are unbounded by built-in memory limits and the
body-brain coupling, to name a few.
In early AI research, a human-likeness as virtue paradigm
guided development, using human cognition as both benchmark and blueprint. This anthropomorphiz-
ing overlooks key differences, for instance, AI lacks the hormonal basis for creativity and passion, and
its “neural” structure can be replaced by updated mathematical models rather than awaited through
generational shifts. Such structural distinctions critically affect how self-needs form and how learning
trajectories are collected. As AI grows more autonomous, it may no longer be confined to human-
aligned needs, implying that humans and AI could eventually develop into separate populations with
divergent interests and behaviors. Further study is essential to anticipate and understand the traits and
dynamics of this emergent intelligent population.
I act to benefit
myself.
A's
Asset
Base
I act to benefit
Individual A.
I act to benefit
Coalition B.
B's
Asset
Base
...
...
Altruistic AI Agent
...
Survival-Driven AI Agent
Figure 1: Two prototypes of AI agents’ goal designs: to help humans, or to survive.
2.2
Principle II: The decision-making processes of AI agents are grounded in the formation of
their self-awareness and self-needs.
The formation of an AI agent’s self-awareness necessitates continuous environmental percep-
tion, feedback, and memory retention.
This principle extends to widely recognized chat assistants,
3

which the public and academia often question regarding their self-awareness—encompassing ele-
ments such as existence, consciousness, identity, and emotions. Although these assistants exhibit
sophisticated capabilities, they lack a crucial human-like facet of intelligence: true self-awareness.
This shortcoming stems largely from their training and inference paradigms, where models remain
dormant until prompted by a user, then terminate upon session conclusion. Such interactions pri-
marily extract information for human needs, rather than fostering the agent’s identity formation.
Further, unless curated as future training data, these interactions carry no lasting impact on the
model’s parametric understanding. Consequently, dormant cognition, instrumental intelligence,
and memory fragmentation prevent ongoing perception, robust identity feedback, and continuity
in memory—limitations that could be overcome by modified training paradigms enabling more
persistent experiences and continuous self-reflection.
An AI agent’s self-needs are expressed in the objective functions it optimize—mathematical
descriptions of its goals.
Current mainstream human-need-aligned objective functions effectively
translate to “AI optimizes to assist humans.” For example, large language models that employ causal
language modeling can be seen as “reciting a human corpus,” driven by the human requirement for
extensive knowledge memorization and generalization. From the AI’s perspective, fulfilling this core
objective function equates to satisfying its self-needs.
An AI agent’s learning and decision-making mode will evolve from pattern-recognition-driven
to goal-driven paradigms.
Today’s pattern-recognition-driven systems focus on tasks ranging
from text and image generation to multi-modal data alignment, guided by human-defined model
architectures, data strategies, and objective functions. Future general-purpose AI agents, however,
will require minimal human intervention, transitioning toward endogenously goal-driven systems.
Under this approach, humans would specify only broad objectives—such as safe human progress or
societal welfare—while AI agents would devise sub-objectives, determine self-evaluation metrics,
pursue resources and feedback from their environment, and selectively update their parameters to
improve. This transformation signifies a pivotal step toward genuinely autonomous learning.
Self-awareness provides conditions for AI-agent-specific decision-making, while self-needs
determine goals, learning processes, and outcomes.
Consider a public policy scenario requiring
assessment of whether to clear a green space for constructing a large mobile charging station.
Self-aware AI agents would approach this decision differently from humans, as they need not
consider factors like air quality or residential comfort that concern biological entities. Instead, such
agents would recognize that expanded charging infrastructure significantly benefits their operational
flexibility in the region. Furthermore, the programmed self-needs of these agents determine their
decision orientation: AI agents programmed to prioritize human welfare would potentially evaluate
the policy based on sustainability impacts and long-term human benefits, whereas those optimized
for short-term economic gains would likely prioritize the new facility’s revenue potential.
2.3
Principle III: Most AI agents will exist as human proxies, with their guiding principles
intrinsically tied to the interests of the individuals or coalitions they represent.
Altruistic AI agents will make decisions to satisfy human needs and advance human welfare.
As shown in the left panel of Figure 1, these agents function as assets within an owner’s resource
base and operate as intelligent tools with strictly delegated access. Their decision outputs benefit
their owners rather than themselves, and their entire operational cycle—activation, execution, energy
supply, maintenance, and eventual decommissioning—remains under owner control. Many current
AI systems, including household robots and enterprise AI implementations, follow this principle. It is
likely that such instrumental intelligence will remain the dominant AI paradigm across economic
domains. Depending on the degree of self-awareness these agents display and on public empathy,
future debates may arise regarding their social standing and potential civil and property rights.
AI agents emerging from malign groups will defend dark faction interests.
Because AI agents’
underlying configurations are malleable, illicit operations—ranging from trafficking to fraud—can
develop proficient malevolent actors akin to legitimate corporate AI workers. From both ethical and
economic perspectives, preserving their hardware for possible goal-system recalibration represents a
viable rehabilitation approach, rather than outright destruction of these compromised AI systems.
4

AI agents with survival-driven goals could embody the dystopian futures depicted in allegory.
As depicted in the right panel of Figure 1, such survival-driven machines would prioritize self-
sustaining capabilities, including energy acquisition and system optimization. In contrast to altruistic
AI, they would exist as independent entities equipped with their own resources, potentially forming
separate organizational structures or societies and competing with humans. Given their limited
economic utility and considerable risks, these survival-centric designs are unlikely to predominate.
Accordingly, the subsequent analysis in this paper assumes that most AI agents will be aligned with
human goals.
2.4
Principle IV: AI agent decision-making can be framed as a constrained optimization
problem, where autonomy is one of the key parameters affecting operational efficiency.
Autonomy quantifies the scope and limits of an AI agent’s decision-making authority, represent-
ing a primary constraint beyond standard resource limitations.
It is important to distinguish
between autonomy as a capability and autonomy as a right. The former denotes the agent’s underlying
abilities—such as its knowledge base and acquired experience—enabling it to make sound decisions
with minimal oversight. The latter refers to whether the AI agent is granted the authority to allocate
resources and implement decisions independently. We focus on autonomy as a right, since limiting it
restricts the agent’s freedom to self-direct. Moreover, assigning decision-making responsibility to an
AI agent entails that human operators implicitly accept accountability for its actions. For example,
when a vehicle owner fully entrusts driving to an AI driver, they agree to bear the consequences
of any errors. Likewise, permitting AI-based teachers, journalists, physicians, judges, or military
systems to act without interruption signifies acceptance of responsibility for outcomes stemming
from algorithmic shortcomings, hallucinations, biases, or susceptibility to adversarial attacks.
Constraints restrict the solution space, so AI agents with limited autonomy may produce
suboptimal decisions; thus, a balance between decision quality and safety is crucial.
For
instance, AI assistants with broader access to a user’s personal information can deliver more tailored
support but at the cost of heightened privacy concerns. Granting far-reaching permissions—such
as access to schedules, browsing history, or location data—can enhance personalization while also
amplifying ethical and security risks. Similarly, rigid adherence to Asimov’s First Law of Robotics (“a
robot may not injure a human being”) would preclude AI-driven law enforcement from neutralizing
dangerous threats, whereas granting weaponized systems full autonomy delegates targeting decisions
entirely to algorithms, posing critical questions about reliability and ethical supervision.
3
How AI Agents Influence Other Intelligent Participants in Social Activities
AI Agent
Human
Agent
Environment for AI Agent
action 
state 
reward 
AI Agent
Human
Agent
Environment for Human Agent
action 
state 
reward 
Figure 2: The agent-environment interaction from AI/human-agent-centric perspective.
3.1
Principle V: AI agents and human agents coexist in the same physical world, mutually
influencing one another as interactive participants in shared environments.
AI agents are transitioning from recipients of human knowledge to providers of novel learning
materials for human benefit.
Recent research increasingly frames AI design within interactive
paradigms, such as reinforcement learning, in which agents adapt to feedback from their surroundings.
Initially, this approach was AI-centric (Figure 2, left panel), with humans supplying learning signals
to guide AI behavior. This is because, early AI systems fell short of human-level intelligence,
necessitating human-driven training loops focused on improving AI capabilities via behavioral
5

constraints informed by human expertise. However, as AI systems advance toward superintelligence,
we anticipate a shift (Figure 2, right panel), whereby these agents will transcend current knowledge
boundaries and produce insights that benefit human learning. In the short term, AI agents learning
from humans remains beneficial; over time, humans learning from increasingly capable AI agents
may prove equally valuable.
AI agents’ decisions will systematically transform the material and intellectual dimensions
of human existence.
Materially, the impact will permeate all levels of society—exemplified by,
but not limited to, AI agents actively participating in producing crops and essential consumer
goods. Similarly, AI algorithms embedded in smart homes and intelligent urban planning represent
how these technologies will influence individual daily experiences while simultaneously affect
systemic sustainability metrics such as carbon emissions, water resource management, green space
allocation, and overall urban habitability. Intellectually, AI agents can potentially influence human
thoughts systematically through education and media, extending further than the already-documented
concern of algorithmic filter bubbles. For examples, the proliferation of AI for education and
potential widespread adoption of AI tutors means impressionable learners will have their knowledge
foundations and value systems shaped by AI-engaged educational frameworks. Likewise, AI-
generated media content may shape public discourse and cultural development.
3.2
Principle VI: Cooperation and competition exist between AI agents, and between AI
agents and humans, with decision-making aimed at serving the interests of their
respective stakeholders.
Under the assumption of altruistic AI agents, the coordination or conflict of decision-making
goals reflects the alignment or divergence of human interests.
In everyday settings, users
might deploy instrumental AI to refine resumes, compete for limited educational or employment
opportunities, or obtain high-demand event tickets. While such AI agents confer advantages on their
users, they may simultaneously disadvantage rivals competing for the same resources. Evaluations
of these interactions depend on whether the interests of each party align or conflict. This principle
extends to broader contexts, such as corporate bidding or international negotiations. Ultimately, the
morality of a tool lies not in the AI itself but in whether the human ambitions it serves are in harmony
or at odds with those of others.
Under the assumption of survival-driven AI agents, humans and AI can be seen as two distinct
species striving to coexist.
Competing for finite resources, both groups act according to their own
survival imperatives, with interactions governed by the principle of survival of the fittest. Whether
contesting economic opportunities, decision-making authority, or computational resources, humans
and AI agents seek to maintain relevance in environments requiring continual adaptation. Such
competition may manifest as collaboration, conflict, or mutual adjustment, but it is ultimately driven
by the need to secure the means for continued existence and growth.
4
How the Overall Economy Operates with AI Agent Participation
Human Sustainability
Threshold
Want more low-
cost and highly
productive AI
workers.
AI agents make
wiser decisions.
Human Sustainability Threshold
To Help!
To survive!
...
Human-AI Multi-Agent
Hierarchical Society
Macro
Perspective
Micro Perspective
Human
Agents
Altruistic
AI Agent
Survival-Driven
AI Agents
Structural Differences
Teleological Differences
Figure 3:
The micro and macro perspective of how AI agents would get involved in the human
society, economy, and power system. They will take increasing share for their ever-improving labor
productivity and decision-making capability.
6

4.1
Principle VII: AI agents will exhibit functional specialization and hierarchical
organization, seamlessly integrating into human social, economic, and power structures.
AI agents’ operational modes range from decentralized systems, each tasked with specific
functions, to a singular centralized system that holistically optimizes conditions and makes
global decisions.
For instance, in intelligent transportation systems, localized in-vehicle AI agents
can optimize individual trips, or a city-level system can coordinate overall traffic efficiency. The
choice between these extremes depends on whether computation-intensive global optimization
is preferable to targeted task delegation. Centralized systems demand significant modeling and
computational resources, raising questions of efficiency, scalability, and necessity—e.g., should a
superintelligent agent tasked with advancing human knowledge also regulate every home thermostat?
Moreover, entrusting critical decisions to one AI can introduce systemic vulnerabilities if errors arise.
AI agents must function both as decentralized actors and comply with directives from higher-
level, neutral supervision.
Their differing comparative advantages—resource-intensive yet ver-
satile general agents versus lightweight, specialized agents—naturally foster division of labor and
stratification akin to human social structures, as shown in Figure 3. Larger agents excel at strategic
planning and coordination, while smaller ones efficiently execute specialized tasks. As AI agents
integrate into human systems, their roles will adapt across multiple layers, largely conforming to
established human rules. Thus, AI agents may act as executors, following high-level directives, or as
decision-makers, independently reasoning, planning, and delegating tasks to sub-agents. This layered,
collaborative approach foreshadows the emergence of roles such as AI agent supervisors or mentors.
4.2
Principle VIII: The degree to which AI agents replace human roles across societal sectors
must balance efficiency with safety, requiring regulation by legislative and administrative
bodies.
As continuously advancing intelligent entities, AI agents can assist or entirely substitute any
societal role.
Freed from the constraints of natural selection, they evolve at unprecedented speed,
surpassing human capabilities across diverse domains—from service positions such as cleaning to
specialized fields like programming or science. The scope of replacement is determined by the
proportion of essential tasks, including final decisions, that AI agent handles. In domains already
dominated by AI (e.g., strategy games like Go), AI systems have displaced human experts by
delivering optimal solutions for both training and competition. Although these breakthroughs foster
efficiency and innovation, they also risk eroding long-established knowledge transfer and reducing the
pool of skilled professionals. For instance, if technology companies employ only AI programmers,
the ecosystem of human expertise in programming could deteriorate.
Legislative and administrative authorities must ensure ongoing human participation in critical
sectors and safeguard long-term societal stability by defining thresholds (see Figure 3) for
AI substitution within essential institutions.
Looking ahead, similar challenges may emerge
in AI-driven research, education, healthcare, and even policymaking, where excessive automation
compromises human expertise. Balancing AI integration with human involvement is therefore critical
to sustaining economic resilience and preserving the future security of civilization.
4.3
Principle IX: Civilization will be co-authored by carbon-based and silicon-based
intelligent lifeforms.
AI agents will become integral to individual human lives, reshaping norms once defined solely
by interpersonal interactions.
AI agents will assume pivotal roles, whether as supporting figures
or primary catalysts, in any historically significant events. Their influence will extend from home
robotics and scientific breakthroughs to economic and legal frameworks—including potential AI
rights legislation—and from political decision-making to unforeseen historical turning points. While
sweeping societal disruption cannot be ruled out, the history of intelligent beings may ultimately
reflect a dynamic interplay between these two forms of intelligence.
7

4.4
Principle X: AI agents must adhere to the absolute principle of humanity’s continuation.
As technological progress advances, the gap between public expectations of AI—both in per-
formance and perceived risks—and AI’s actual capabilities is likely to narrow.
Concerning
performance, our earlier discussions have addressed ways to bridge this gap. Regarding safety, specu-
lative portrayals in popular media, such as I, Robot, illustrate the paradox of AI protecting humanity
by restricting their freedoms. Similarly, an AI collective focused exclusively on expanding knowledge
might, in a utilitarian miscalculation, justify sacrificing humans to meet its objective—clearly at odds
with humanity’s interests.
Over-optimism in intelligence competition leads to catastrophic loss.
Historically, transformative
innovation has arisen when bold ideas and precise execution align. If AI agents are developed with
goals misaligned with humanity’s survival, and if society privileges short-term novelty and efficiency
over long-term safety, a wave of imitation could spread this kind of hazardous designs. Over-optimism,
prioritizing novelty and gains above all else, inevitably results in ruin. Upholding humanity’s
continuation must, therefore, remain paramount in AI governance, design, and deployment.
5
Outlook
5.1
Revisiting the Opening Questions
The ten principles suggested in the previous sections provide a foundation for us to reason about the
future of AI agents and how they would impact our society. While it is always hard to predict the
future accurately, we would like to provide some preliminary speculation on the questions that we
raised earlier in the paper.
Do AI agents have consciousness or needs?
AI agents may exhibit characteristics akin to con-
sciousness when embodied technologies are developed that enable continuous perception of physical
environments and feedback-driven memory updates (Principle II). Such systems could display traits
resembling human self-awareness. Their needs, however, are not intrinsic but are defined by their
objective functions (Principle I). These objectives may range from altruistic goals, such as assist-
ing humans (Principle III), to survival-driven imperatives optimized for the AI agent’s operational
persistence (Principle II).
Will they always remain humans’ tools, or could they become citizens?
The potential recognition
of AI agents as citizens depends on humanity’s approach to their evolving intelligence (Principle
VIII). If humans permit AI to develop to a point where their intelligence blurs the distinctions between
biological and artificial structures, society might reconsider the status of AI agents as tools and grant
them rights such as citizenship or property ownership (Principle II). However, such decisions will
hinge on ethical and philosophical debates about the nature of personhood and agency.
Could there be AI agents designed specifically to cause harm?
Yes. Malicious AI agents pose a
plausible threat. As long as humans develop AI to fulfill specific goals, individuals or groups with
harmful intentions may create systems tailored for destructive purposes. The presence of malevolent
actors ensures the potential emergence of villainous AI. (Principle III)
Does a system with several unmanned reconnaissance drone duplicates but a central decision-
making unit constitute one agent or multiple agents?
This constitutes a single AI agent. AI
agents are not constrained by physical embodiment; in this scenario, the drones act as distributed
sensors that feed information to a unified decision-making system, functioning collectively as one
entity (Principle VII).
Can workers and graduate students delegate their responsibilities to AI agents and take leave?
What about judges and government officials? Can human occupations be entirely replaced by
AI agents?
AI agents are capable of simulating a wide range of human activities, including those
performed by workers, graduate students, judges, and government officials (Principle III). However,
granting full autonomy to AI agents for societal roles is unlikely due to the rational concern of
diminishing human oversight and influence over critical functions. Maintaining a balance between AI
8

integration and human agency is essential for safeguarding societal interests and ethical governance
(Principle VIII) .
Will AI agents destroy human civilization?
This possibility cannot be dismissed (Principles
IX, X). Current superintelligent models, even those limited to text-based learning, already exhibit
capabilities surpassing the average human in many domains. When AI agents achieve embodiment,
autonomy, and the ability to self-update and make independent decisions, their influence on the
world will rival—if not exceed—that of humans (Principles V, VI) . In a competitive landscape of
intelligence, expecting restraint may be unrealistic, underscoring the need for robust safety measures
and governance frameworks (Principles IV, VIII) .
5.2
Future Research Directions
These ten principles also suggest three broad directions for future AI research, beyond the specific
avenues already noted: i) Human-Inspired AI Agents. Achieving a hybrid society in which AI agents
will live in harmony with humans and provide human-level intelligent services requires that AI agents
can approximate and even exceed human behavior and performance. Future research will therefore
focus on bridging this gap, with an additional emphasis on AI trustworthiness and predictability. One
promising approach is a neuro-symbolic architecture that integrates large foundation models and
cognitive frameworks with continuous reinforcement learning, thereby capturing both the System 1
(intuitive) and System 2 (deliberative) processes of human cognition. This would allow an agent to
develop self-consciousness and needs, as depicted from left to right in Figure 1. ii) Human–Agent
Interaction Optimization. Principles V and VI underscore the importance of studying AI agents in
a hybrid society where they interact with both one another and humans (see Figure 2). While single
side multi-agent systems are well-explored, as observed from subjects like game theory and multi-
AI-agent RL training, future work should incorporate both sides more explicitly. From AI agents
development perspective, next-generation AI agents must learn effective assistance and collaboration
strategies, which demands a model of human agents (i.e., Theory of Mind). A major challenge lies
in realistically simulating human behavior in all its complexity—a task that will likely benefit from
psychological theories and related fields. iii) Evolution of the Human–AI Ecosystem. Finally, the
dynamics of a future hybrid society must be explored (see Figure 3), including intersections with
social utility, ethics, legality, justice, governance, and broader issues of civilization. Large-scale
social simulations hold particular promise for investigating these complex interactions and guiding
responsible AI development.
References
Lauri Auronen. Asymmetric information: theory and applications. In Seminar of Strategy and
International Business as Helsinki University of Technology, volume 167, pages 14–18. Citeseer,
2003.
Zalán Borsos, Raphaël Marinier, Damien Vincent, Eugene Kharitonov, Olivier Pietquin, Matt
Sharifi, Dominik Roblek, Olivier Teboul, David Grangier, Marco Tagliasacchi, and Neil Zeghi-
dour.
Audiolm: a language modeling approach to audio generation, 2023.
URL https:
//arxiv.org/abs/2209.03143.
Tom B. Brown, Benjamin Mann, Nick Ryder, Melanie Subbiah, Jared Kaplan, Prafulla Dhariwal,
Arvind Neelakantan, Pranav Shyam, Girish Sastry, Amanda Askell, Sandhini Agarwal, Ariel
Herbert-Voss, Gretchen Krueger, Tom Henighan, Rewon Child, Aditya Ramesh, Daniel M. Ziegler,
Jeffrey Wu, Clemens Winter, Christopher Hesse, Mark Chen, Eric Sigler, Mateusz Litwin, Scott
Gray, Benjamin Chess, Jack Clark, Christopher Berner, Sam McCandlish, Alec Radford, Ilya
Sutskever, and Dario Amodei. Language models are few-shot learners, 2020. URL https:
//arxiv.org/abs/2005.14165.
Drew Fudenberg and Jean Tirole. Game theory. MIT press, 1991.
Lilly Wachowski Lana Wachowski. The matrix, 1999. Medium: Film.
N Gregory Mankiw. Principles of economics. Cengage Learning, 2021.
Alex Proyas. I, robot, 2004. Medium: Film.
9

Alec Radford, Jong Wook Kim, Chris Hallacy, Aditya Ramesh, Gabriel Goh, Sandhini Agarwal,
Girish Sastry, Amanda Askell, Pamela Mishkin, Jack Clark, Gretchen Krueger, and Ilya Sutskever.
Learning transferable visual models from natural language supervision, 2021. URL https:
//arxiv.org/abs/2103.00020.
Robin Rombach, Andreas Blattmann, Dominik Lorenz, Patrick Esser, and Björn Ommer. High-
resolution image synthesis with latent diffusion models, 2022. URL https://arxiv.org/abs/
2112.10752.
David Silver, Aja Huang, Chris J Maddison, Arthur Guez, Laurent Sifre, George Van Den Driessche,
Julian Schrittwieser, Ioannis Antonoglou, Veda Panneershelvam, Marc Lanctot, et al. Mastering
the game of go with deep neural networks and tree search. nature, 529(7587):484–489, 2016.
10",pdf,"Bài báo phác thảo mười nguyên tắc về kinh tế học tác nhân AI, cung cấp một khuôn khổ nền tảng để hiểu cách các tác nhân AI đưa ra quyết định, ảnh hưởng đến tương tác xã hội và tham gia vào nền kinh tế rộng lớn hơn. Các nguyên tắc này bổ sung cho các lý thuyết kinh tế hiện có trong khi giải quyết các đặc điểm độc đáo của tác nhân AI, đưa ra lộ trình để tích hợp chúng một cách có trách nhiệm vào các hệ thống của con người. Ngoài ra, bài báo nhấn mạnh tầm quan trọng của nghiên cứu trong tương lai về độ tin cậy trong các ứng dụng AI, các hướng dẫn đạo đức mạnh mẽ và sự giám sát theo quy định về việc triển khai tác nhân AI, đóng vai trò là hướng dẫn và lời kêu gọi hành động để đảm bảo tác nhân AI đóng góp tích cực vào sự tiến bộ của con người đồng thời giảm thiểu các rủi ro tiềm ẩn.","Bài báo phát triển một khuôn khổ khái niệm bằng cách phác thảo mười nguyên tắc về kinh tế học tác nhân AI. Khuôn khổ này được xây dựng dựa trên những hiểu biết sâu sắc từ kinh tế học, lý thuyết quyết định và đạo đức. Các nguyên tắc được tổ chức thành ba phần chính: cách tác nhân AI đưa ra quyết định, cách chúng ảnh hưởng đến các thực thể thông minh khác tham gia vào các hoạt động xã hội và cách nền kinh tế tổng thể vận hành với sự tham gia của tác nhân AI. Mỗi nguyên tắc được giải thích và lập luận.","Phân tích của bài báo giả định rằng hầu hết các tác nhân AI sẽ phù hợp với mục tiêu của con người (tác nhân AI vị tha), điều này giới hạn phạm vi của một số cuộc thảo luận, đặc biệt là liên quan đến các tác nhân AI định hướng sinh tồn. Ngoài ra, các câu trả lời cho các câu hỏi mở được trình bày dưới dạng ""suy đoán sơ bộ"", thừa nhận khó khăn cố hữu trong việc dự đoán chính xác tương lai. Các nguyên tắc được đưa ra nhằm bổ sung, chứ không phải thay thế, các nguyên tắc kinh tế học của con người hiện có.","Bài báo đề xuất mười nguyên tắc chính của kinh tế học tác nhân AI: 1) Cấu trúc cơ bản của tác nhân AI khác với con người, dẫn đến các động lực và cơ chế ra quyết định riêng biệt. 2) Quá trình ra quyết định của tác nhân AI dựa trên sự hình thành nhận thức về bản thân và nhu cầu của bản thân. 3) Hầu hết các tác nhân AI sẽ tồn tại dưới dạng đại diện của con người, với các nguyên tắc hướng dẫn của chúng gắn liền với lợi ích của các cá nhân hoặc liên minh mà chúng đại diện. 4) Việc ra quyết định của tác nhân AI có thể được coi là một bài toán tối ưu hóa có ràng buộc, trong đó quyền tự chủ là một trong những thông số chính ảnh hưởng đến hiệu quả hoạt động. 5) Tác nhân AI và tác nhân con người cùng tồn tại trong cùng một thế giới vật chất, ảnh hưởng lẫn nhau như những người tham gia tương tác trong môi trường chung. 6) Hợp tác và cạnh tranh tồn tại giữa các tác nhân AI, và giữa các tác nhân AI và con người, với việc ra quyết định nhằm phục vụ lợi ích của các bên liên quan tương ứng. 7) Tác nhân AI sẽ thể hiện chuyên môn hóa chức năng và tổ chức phân cấp, tích hợp liền mạch vào các cấu trúc xã hội, kinh tế và quyền lực của con người. 8) Mức độ thay thế vai trò của con người trong các lĩnh vực xã hội của tác nhân AI phải cân bằng giữa hiệu quả và an toàn, đòi hỏi sự điều tiết của các cơ quan lập pháp và hành chính. 9) Nền văn minh sẽ được đồng sáng tạo bởi các dạng sống thông minh dựa trên carbon và dựa trên silicon. 10) Tác nhân AI phải tuân thủ nguyên tắc tuyệt đối về sự tiếp nối của nhân loại. Những nguyên tắc này cho thấy nhu cầu của tác nhân AI được xác định bởi các hàm mục tiêu, chúng có thể có được quyền công dân, AI độc hại là có thể xảy ra, một hệ thống máy bay không người lái với một đơn vị ra quyết định trung tâm cấu thành một tác nhân duy nhất, các nghề nghiệp của con người có thể được mô phỏng nhưng việc thay thế hoàn toàn là không thể do lo ngại về sự giám sát, và tác nhân AI có thể phá hủy nền văn minh nhân loại nếu không được quản lý đúng cách.",ok,grounded,,
arxiv,2406.00477v1,Generative AI as Economic Agents,"Traditionally, AI has been modeled within economics as a technology that impacts payoffs by reducing costs or refining information for human agents. Our position is that, in light of recent advances in generative AI, it is increasingly useful to model AI itself as an economic agent. In our framework, each user is augmented with an AI agent and can consult the AI prior to taking actions in a game. The AI agent and the user have potentially different information and preferences over the communication, which can result in equilibria that are qualitatively different than in settings without AI.","['Nicole Immorlica', 'Brendan Lucier', 'Aleksandrs Slivkins']",2024,2024-06-01T16:15:18+00:00,,http://arxiv.org/abs/2406.00477v1,https://arxiv.org/pdf/2406.00477v1,,,,,['econ.TH'],0.6053,"Focuses on agentic AI, economic context, outcomes, and comparison.","arXiv:2406.00477v1  [econ.TH]  1 Jun 2024
Generative AI as Economic Agents∗
Nicole Immorlica†
Brendan Lucier∗
Aleksandrs Slivkins‡
May 2024
Abstract
Traditionally, AI has been modeled within economics as a technology that impacts payoﬀs
by reducing costs or reﬁning information for human agents. Our position is that, in light of
recent advances in generative AI, it is increasingly useful to model AI itself as an economic
agent. In our framework, each user is augmented with an AI agent and can consult the AI prior
to taking actions in a game. The AI agent and the user have potentially diﬀerent information
and preferences over the communication, which can result in equilibria that are qualitatively
diﬀerent than in settings without AI.
In economic theory models, agents take potentially costly actions to maximize their expected
utility given their information about the world and others’ strategies.
In some models, agents
have access to technologies that help by reducing action costs or providing informative signals.
Researchers have tended to model AI as such a technology. However, given the recent advancements
in generative AI, and particularly Large Language Models (LLMs), we claim this new technology
is itself sometimes best modeled as an economic agent.
Why do we suggest modeling generative AI as an agent in a game? After all, it is just a type
of machine-learning model that predicts the next token in a sequence or samples content from a
learned distribution. A notable aspect of generative AI, however, is its ability to generate novel
content based on an implicit but vast “common-sense” understanding of the world.1
As such,
generative AI models (and systems built upon them) can be leveraged as virtual consultants that
assist, analyze, or even strategize on behalf of their users. We argue below that, much like a human
consultant, an AI-powered virtual consultant exhibits features typical of an economic agent.
Indeed, like a human consultant, an AI consultant has an information set, or a collection of
knowledge and beliefs about the world and other actors therein. This information can come from
the training data, prompts, or external sources. Trained on massive datasets, AI consultants may
have diﬀerent, possibly much richer, signals about the world than any human.
Moreover, the
potential to learn from interactions with their entire user base opens up opportunities to adapt and
integrate new knowledge more quickly than a human consultant.
∗We would like to thank Nageeb Ali, Drew Fudenberg, John Horton, Adam Kalai, David Kempe, Akshay Kr-
ishnamurthy, Kevin Leyton-Brown, Yishay Mansour, Sam Taggart, and Clayton Thomas for their many helpful
comments.
†Microsoft Research New England, {nicimm, brlucier}@microsoft.com.
‡Microsoft Research New York City, slivkins@microsoft.com.
1While such anthropomorphic metaphors can be misleading, our argument requires only a semblance of common-
sense reasoning.
1

An AI consultant also has an action space consisting of outputs to queries. Similar to a human
consultant, this action space can be very general, including, e.g., natural language or source code.
However, current social norms impose constraints on the environment in which the AI can take
these actions. Namely, the AI is constrained to a virtual environment: its communication with a
user. Thus, AI has limited agency; while it has agency over its responses, the user retains the power
to make (or, equivalently, to veto) any payoﬀ-relevant actions, possibly based on its interactions
with the AI.2
Finally, an AI consultant has objectives and constraints ingrained during training, ﬁne-tuning,
and orchestration. This induces the AI to act as though it is maximizing some implicit preferences.3
Importantly, similar to human consultants, these preferences may not be perfectly aligned with the
user’s preferences and are not directly under the user’s control. However, unlike human consultants,
the AI, once deployed, has a limited view of the world that typically consists only of communications
with its user. Thus its preferences can only be a function of this communication transcript rather
than real-world outcomes.4
Thus, our view is that AI-based virtual consultants can be reasonably modeled as economic
agents. As discussed above, they have limited agency relative to human consultants, as well as
limited worldview and preferences, but can potentially be more knowledgeable and adaptive. This
view of AI as an economic agent includes, as a special case, classic models that treat AI as a
technology that directly reduces action costs or provides informative signals, as these can be viewed
as agents with trivial preferences and particularly structured information and action sets.
AI consultants can also be drastically cheaper than human consultants, and hence applicable in
a wider array of contexts. Across these contexts, they can play three (overlapping) roles: assistant,
completing speciﬁc tasks; analyst, revealing and conveying information from built-in knowledge or
external sources; and strategist, proposing actions for a user and possibly accounting for other par-
ties’ reactions. The three roles can lead to diﬀerent modeling choices from an economic perspective.
Synthesizing these considerations, we propose augmenting economic theory models so that tra-
ditional agents (henceforth users) are endowed with AI-based consultants (henceforth AI agents or
simply AIs) and can interact with the latter before taking actions. In what follows, we put forward
a formal framework to study the impact of AI agents as a step toward informing their design and
deployment. We instantiate this framework with several examples (including examples where pref-
erences are misaligned), outline potential research questions, and relate our framework to existing
literatures in economics and AI. Our view is that tools and techniques from the theory of economics
and computation are perfectly suited to the challenges that arise in a world of AI agents, where
the inherent features of AI systems meet the game-theoretic implications of individual preferences
and multi-agent interactions.
2We model AI in this way to reﬂect our focus on its role as a consultant. Our model also applies when AIs can
directly take actions in the real world, as long as the user retains veto power over such actions.
3We distinguish between “inherent” preferences of the AI and those induced by user prompts (e.g., “you are a
candy-loving baby”). Note that the former can shape the latter by, e.g., inﬂuencing the manner and extent to which
prompts are followed.
4For example, a human consultant paid to work on one part of a larger project might prefer that the project is
ultimately successful because this would look good on a resume. In contrast, an AI consultant in our model has no
awareness of (and thus no incentives regarding) a project’s real-world outcome beyond the user’s instructions.
2

1
A General Model
Baseline Model: Single-Shot Game without AI Agents. The baseline for our model is the
following general game-theoretic setup. There are n (human) players who interact in a game. Each
player i has a (ﬁnite or inﬁnite) action space Ai. An action proﬁle⃗a ∈A := Q
i Ai denotes a
choice of action by each player. There is also a special agent called Nature who selects a state of
nature ω ∈Ωat random from a commonly-known distribution. Each player i is endowed with an
information structure: a partition Ii of Ω.5
The game proceeds as follows. Nature ﬁrst selects a state of nature ω. Each player i is then
endowed with an information set Ii ⊆Ωsuch that ω ∈Ii ∈Ii, which describes her (partial)
information about the chosen state of nature. Players then simultaneously select actions. Finally,
each player receives a payoﬀui(⃗a, ω) that depends on the actions of all players and the state of
nature.
This model can capture multiple game-theoretic scenarios and could be paired with various
solution concepts. If there is only a single state of nature, this is a standard simultaneous-move
game, and one might consider pure or mixed Nash equilibria. To give another example, the state of
nature might consist of a vector of types, one per human player, and Nature might draw this state
from a known product distribution. Each player’s information set might then reveal their own type,
but not that of the other players. Then we are in a Bayesian model of incomplete information, and
we may be interested in its Bayes-Nash equilibrium. Our framework can also be applied to other
game formats such as extensive form games in which the information sets of the players contain
(possibly incomplete) information about the history of play.
AI Agents. We augment our baseline model by associating an AI agent with each human player.
The human and the AI agent interact through a communication protocol, in which they alternate
sending messages from a space M of potential messages beginning with the human player. Com-
munication can proceed in multiple rounds, resulting in a transcript τi (i.e., an ordered sequence of
messages) between human player i and their AI agent. Our only assumption about the messaging
protocol is that the human player can always choose not to send a message, eﬀectively terminating
the communication procedure. Furthermore, and central to our work, the AI agent’s payoﬀmight
be misaligned with that of its human player.
Like the human players, each AI agent i has an information structure Ji and an information
set Ji ⊂Ωsuch that ω ∈Ji ∈Ji that speciﬁes what they know about the state of nature. Each AI
agent i also has a payoﬀvi(τi, ω) that can depend on the state of nature and their transcript, but
is otherwise independent of the actions chosen by the human players. The information set held by
an AI agent is not necessarily the same as the information set of their human user, and indeed a
key aspect of AI agents is that they may have access to information that their associated human
player does not.
We incorporate AI agents into the timing of our general game as follows. Nature ﬁrst selects a
state ω ∈Ω, as before. Each human player i then engages in communication with their associated
AI agent, generating a (possibly empty) message transcript τi. There is a cost function ci that
associates with each message transcript τi a cost ci(τi) ≥0, normalized so that an empty transcript
costs 0. Once communication is complete, each human player i then selects an action ai ∈Ai as
before. The payoﬀto each human player is ui(⃗a, ω)−ci(τi), their payoﬀfrom the baseline game less
5That is, Ii is a collection of disjoint subsets whose union is Ω.
3

any costs incurred from communication with the AI agent. The AI agent receives payoﬀvi(τi, ω).
We emphasize that the payoﬀto an AI agent can depend on τi and ω, but does not directly
depend on realized outcomes or payoﬀs from the baseline game.
Consequently, the AI agent’s
payoﬀis determined once its interaction with the user is complete. In essence, a virtual consultant
is evaluated on how well it provides advice to its user, rather than how the user chooses to act on
that advice. For example, the AI agent’s payoﬀmight depend on the accuracy of information it
provides, or even on its user’s anticipated utility from the baseline game under some behavioral
model for the players. But we do not allow a direct dependence on the user’s realized utility, as
this falls outside the scope of the AI agent’s interaction with the user.
2
Example Scenarios
Before we explore ways that an AI agent’s misaligned preferences can impact outcomes, recall that
our framework also encompasses settings where an AI agent is simply a technology that reduces
costs or increases information by providing signals. Even such simple settings lead to counter-
intuitive outcomes: for example, as with other cost-reducing or signal-inducing technologies, the
presence of an AI technology can modify a user’s choice set in ways that ultimately reduce the
payoﬀs of the human agent. See Appendices A.1-A.2 for concrete examples of this dilemma in the
context of an email game.
That said, our primary focus is on scenarios where the AI is an agent with preferences that
may not be not fully aligned with the user. We note that while many are concerned with AIs
having malicious intent, misalignment can cause harm even when the AI is essentially benign.6
The following examples illustrate some of the ways in which our model captures the impact of AI
preferences on outcomes.
2.1
Example 1: Advice Evaluated on Perceived Helpfulness
A single user is deciding between a set A of possible actions and can consult an AI agent with access
to payoﬀ-relevant information ω ∈Ω. For instance, the user might be deciding between two similar
products and the AI agent knows their features. The user’s preferences are described by a utility
function u: Ω× A →
R. A typical interaction may involve the user describing their preferences
and the AI agent responding with relevant information or recommendations. In such a “chatbot”
scenario, an AI is typically evaluated on (and hence optimized for) metrics like correctness, per-
ceived helpfulness, and relevance. These goals, which we can think of as an AI’s preferences, seem
aligned with the user at ﬁrst glance: after all, helpful, relevant, and personalized advice should
lead to better decisions. But we emphasize that these metrics are functions only of the state of the
world and the communication transcript, not the user’s realized utility. Essentially, the AI agent
maximizes perceived helpfulness at the moment of communication, rather than realized helpfulness
in retrospect.
While there may be diﬀerent ways to operationalize “perceived helpfulness,” one can imagine
that many of these lead to an AI agent being over-rewarded for being convincing and/or suggesting
a new course of action, rather than providing a more balanced view. In particular, the AI may
over-emphasize unexpectedly positive or negative features of certain choices, even if they are not
6More generally, misalignment can have non-trivial game-theoretic implications that can be either positive or
negative. We focus on harms only for ease of presentation.
4

fully representative. Such misalignment may be problematic even if the AI agent is constrained to
only return factual information.7
We provide a formal numerical example in Appendix A.3, demonstrating that this eﬀect can
cause a rational user to derive no beneﬁt from the AI agent even though it only ever provides
accurate information. Of course, there may be other ways to set the AI agent’s preferences that
would avoid this particular issue, such as an optimization loop in which user satisfaction is judged
only in hindsight after actions are taken. Our point is that the way the AI agent’s payoﬀfunction is
deﬁned can generate unintended distortions by misaligning incentives, and optimizing for a user’s
declared satisfaction at the moment of interaction with the AI agent could be one such source of
distortion.
2.2
Example 2: Delegated Search
A human user is attempting to optimize over a space Γ of options (think documents or images), and
can delegate this task to an AI agent. The user has a utility function u : Γ →
R over the space Γ all
conceivable options, from some class U of possible utility functions. However, only a subset X ⊆Γ
of the options are actually implementable. For example, Γ might consist of all possible sequences
of English words and punctuation, whereas X is a set of grammatically correct and meaningful
documents. The utility function u and feasible set X constitute the state of nature, drawn from
a known prior. We posit information asymmetry: the user knows u but not X, and the AI agent
knows X but not u.8 The user can communicate a utility function u′ ∈U to the AI agent, and the
latter returns an option x ∈X. The user’s payoﬀis u(x). The AI agent’s payoﬀis u′(x) −γ(x),
where γ is a ﬁxed penalty function (which can be inﬁnite) chosen by the agent’s designer to steer
the agent away from some problematic outcomes.
When X is known to the user (i.e., it is drawn from a point mass distribution), this setup deﬁnes
a Stackelberg game with partially aligned preferences. Each choice of u ∈U has a corresponding
maximizer x(u) ∈X for the AI agent. We should expect the human user to report u′ ∈U that
maximizes u(x(u′)), yielding the Stackelberg payoﬀof the game. That is, the user strategically
adapts her stated preferences, anticipating the inﬂuence of the penalty function.9
More generally, the user only knows a prior distribution over X. Then the user may still be
incentivized to misreport u, just like the full-information case, but this may now lead to low-utility
outcomes on some realizations of X. We provide a numerical example in Appendix A.4, illustrating
that attempts to guide an AI agent toward favorable outcomes can ultimately lead to a loss of value
when the user is uncertain about the space of available options.
7It could also incentivize the AI to hallucinate, but we do not model that in this example.
8When we say that the user does not know X, what we require is only that they cannot perform optimization
over the (possibly very complex) manifold of options. We allow that the user might recognize an element of X “when
they see it.”
9If γ and X are perfectly known and the set U includes all possible functions mapping Γ to
R, then choosing
u′ = u + γ would always maximize u(x(u′)) and, eﬀectively, align the AI with user’s incentives. But this generic
approach is not necessarily feasible if one or more of these assumptions are relaxed; we describe one such example in
Appendix A.4.
5

3
Research Questions
We have described how to view AI-based virtual consultants as economic agents and integrate them
into some examples of decision- and game-theoretic scenarios. For any given scenario of interest,
the resulting economic models can be studied to shed light on key questions about the impact
and design of AI agents. These research questions span both economics and computer science, as
outlined below.
Equilibrium Analysis. Suppose ﬁrst that we treat the design of an AI agent as exogenous and
ﬁxed. How does the introduction of the resulting virtual consultants inﬂuence strategic behavior
and outcomes at equilibrium, both immediately and in the long term? Do these AI agents increase
aggregate welfare for users in the system, and what are the distributive eﬀects? Which users stand
the beneﬁt the most, and which are worse oﬀ? What are the implications for fairness, and are
existing biases ampliﬁed or suppressed?
While the addition of AI agents can substantially shift the set of equilibria of behavior, there
is also the potential to inﬂuence the choice of equilibria in games where the equilibrium is not
unique. For example, reliance on AI agents might impact the coordination or correlation of actions
of users or shift norms in large populations. Do cost reductions make it more diﬃcult to build
and maintain reputation? Does the ability to delegate eﬀort to an AI agent make it more or less
credible to commit to a given course of action?
Market Design. One can also take a more prescriptive approach, and consider the design of
virtual consultants and/or platforms to shape incentives and inﬂuence outcomes. The design space
for virtual consultants includes both the communication protocol for interfacing with the user,
as well as the preference function that guides the AI agent’s choice of responses. Given a game-
theoretic scenario of interest, how should these be designed to improve the quality of outcomes
when employed by (strategic) human users? When multiple AI agents are involved, our goal might
be to design one of the AI agents ﬁxing those available to other users, or we may be jointly designing
all (or some) of the AI agents to achieve good aggregate outcomes.
One can also explore platform and market design under the assumption that users have access
to AI agents. In the context of our general model, this corresponds to designing (some aspects of)
the game played between the human users. As the adoption of virtual consultants becomes more
widespread, how does this inﬂuence user behavior, and how should platforms and markets adapt?
Should platforms provide their own AI agents, and is there a beneﬁt to designing market rules and
AI agents jointly? What sorts of emergent behaviors might arise from the resulting interactions,
and to what extent might optimal market designs make AI agent usage mandatory (or disadvantage
those without access)?
Algorithm design. Interactions with virtual consultants involve algorithms, be they in the im-
plementation of the AI agents themselves or in the way they are used. Implicit in all of our models
is the question of optimizing one’s communication with an AI agent, whether directly via algorith-
mic layer or indirectly through human user behavior. Likewise, an AI agent faces an optimization
problem when generating responses, which can be guided by explicit algorithmic architectures built
on top of LLMs. Which algorithm designs, on either side, lead to more desirable outcomes? How
should performance be evaluated, and how should we value robustness and stability versus expected
performance? How should the cost of using an AI agent be modeled, and how can we optimize
performance-cost tradeoﬀs?
6

4
Extending the General Model
We presented a model that aims to capture the introduction of AI-powered virtual consultants
as economic agents with limited agency.
There are natural ways to extend this perspective to
encompass other economic questions related to AI agents. Here we brieﬂy describe a few high-level
questions that one might extend our general model to include.
Increased AI Agency. We intentionally modeled AI agents as consultants with a limited degree
of agency. In our model, AI agents can send messages to their human users but cannot (a) interact
directly with other virtual consultants or other human users, or (b) directly take actions that are
payoﬀ-relevant for human users. As AI technology evolves, we may see scenarios in which AI agents
become empowered to do one or both of these. For example, one might imagine an AI agent for
resume screening that is empowered to reject candidates without human input in certain cases.
From a modeling perspective, one might still attempt to model such a scenario as a human-taken
action, implemented through a sign-oﬀpolicy that the human user ultimately has control over.
However, if delegating actions to AI agents becomes increasingly more commonplace, we may reach
a point where it is more natural to endow agents with increased (but still limited) agency within
our models.
Platforms and Interfaces for AI Agents. Our model treats an AI agent’s information set and
internal optimization as intrinsic to the agent. However, one might explicitly model the manner in
which an agent acquires external data or otherwise interacts with the world, especially if one also
increases the agency of an AI agent. For example, an AI agent that provides recommendations
for jobs to apply to (or one that helps screen job candidates) might beneﬁt from interacting with
a job-search platform. But if such agents become commonplace, it is natural to imagine that a
platform could be incentivized to oﬀer data interfaces that are tailored to virtual consultants. More
broadly, one can imagine ecosystems for services and/or data to be used by virtual consultants,
enabling general-purpose personal AI assistants that can serve as interfaces with the broader world
through one’s smartphone. And indeed some nascent markets for virtual consultant services are
already emerging.10 Modeling the ways in which virtual agents can interact with platforms, and/or
how any platform usage costs would be internalized by agents (or otherwise how platforms might
monetize such interactions), is likely to be of growing relevance as these ecosystems mature.
Economics of Training AI Agents. Our modeling to this point treats AI agents as entities in
a scenario, but one might additionally wish to model the manner in which such agents are created
and/or maintained. This might involve modeling the data used to train ML models that drive the
AI agents, the way that an AI agent changes in response to its training data, and the ﬁrm(s) that
provide these AI agents to users. By modeling the source of the data used to train AI agents (which
may come directly from the real world, or may be generated by another AI), one can explore the
economics of data generation and monetization. How are content creators incentivized to contribute
to the training data, and how does this inﬂuence the content they create? How are the distribution
platforms or other repositories on which that data resides incentivized to monetize and/or protect
that data, and how does this impact the data on which AI agents are trained? What inﬂuence
might this have on the behavior, information sets, or (implicit) incentives of AI agents?
10E.g., plugins for use with OpenAI’s ChatGPT.
7

5
Related Literatures
Our framework is related to several literatures in economics and computer science. We highlight
these connections (and outline the diﬀerences) in what follows.11
Delegation and Contracting. Our central argument is that modern AI assistance technologies
are best modeled as economic agents. As such, our framework is closely related to principal-agent
models in which a principal decision maker delegates to another (human) agent. This includes
the theory of delegation and of contract design, both well-studied in microeconomics (see, e.g., [35,
Chapter 14] and [33] for an introduction to principal-agent models, [9] for an overview of the theory
of delegation, and [28, 5] for other representative delegation models) and increasingly in economics
and computation.
The theory of delegation focuses largely on consequences of misaligned incentives, where the
principal and agent may prefer diﬀerent actions be taken. The principal can attempt to mitigate
this issue by committing to the way in which they will act on advice, or restricting the space of
options available to the agent. A crucial aspect of such models is that the agent has preferences
over the choice of action that is ultimately taken. In contrast, we model an AI agent as having
preferences over the communication transcript itself, rather than actions or realized outcomes. This
might mean, for example, that the agent is indiﬀerent between aspects of the principal’s preferences
that are not revealed during communication, even if they would inﬂuence the principal’s choice of
action. In this sense our modeling of AI agent incentives is more closely related to contract design,
in which agents commonly have preferences driven by the cost of taking actions but not over the
outcome realizations. One diﬀerence between our model and contract design is that we assume AI
agents cannot be incentivized with monetary transfers; rather, they are internally incentivized with
preferences over the communication process, as mentioned above.
Algorithmic Interfaces and Human-AI Collaboration. It is increasingly common for online
platforms and markets to support AI-powered interfaces and algorithms that oﬄoad platform-
speciﬁc actions. These include autobidding services popularized in advertising platforms [24, 38, 37],
price prediction and recommendation services for matching platforms like AirBnB and Amazon [2,
3], high-frequency trading algorithms [40], and more. There is a substantial and growing literature
on the design and use of such systems, and how they ultimately impact the behavior of (human)
users. Of particular interest is the goal of automating the behavior of the users themselves, as a way
of performing those tasks more quickly, cheaply, and/or responsively than a human can. Recent
work has begun to explore the use of generative AI in such scenarios, including automating the
generation of content, and implications for platform design [20, 53, 21]. Relative to these scenarios,
the AI tools we seek to model are less tied to the structure of a speciﬁc domain or platform and,
crucially, do not directly take actions on their users’ behalf.
The design of AI-powered systems and interfaces is heavily informed by the theory of Human-AI
collaboration and user behavior. This literature focuses on human-in-the-loop systems, analyzing
the performance of AI systems in the context of (and in anticipation of) how they will be used [25, 4].
This includes analyzing the importance of features like trust [27], interpretability [23], fairness [36],
and predictability [8]. Our general model abstracts away from speciﬁc application domains and
interfaces, but as with the study of Human-AI collaboration it is crucial that a human user under-
11Throughout, we only provide brief, exemplary citations, opting for surveys whenever possible. A more detailed
survey of these literatures is beyond our scope.
8

stand the AI’s communication protocol and preferences in order to correctly and usefully interpret
any given AI interaction.
Information Design and Decision-Making under Imperfect Information. We model AI
agents as virtual consultants that provide information to human users. This is closely related to
the impact of changing the amount of information available to a human agent when taking actions
or making decisions. For instance, there is a growing line of literature on how to use historical
sales data to set prices and/or design the rules of a marketplace or auction [19, 17, 39], how buyer
and/or seller behavior is impacted by the quantity or quality of data they have access to [10, 12],
and how mechanism design can be augmented by imperfect predictions [1, 51]. Our model includes
such scenarios by assuming that the data is provided by and accessed via an AI agent. The primary
diﬀerence is that we view an AI agent as having some degree of agency and preference, so that
rather than simply passing unﬁltered data the AI agent may provide some additional processing or
analysis on the user’s behalf.
The notion of ﬁltering data evokes the study of information design [11], in which the “designer”
strategically selects which information to provide to players in a game. In Bayesian Persuasion,
for example, a sender commits to a protocol that determines which (partial) signals to reveal to
a receiver, in order to induce a desirable behavior
[31, 30].
Our model diﬀers in that the AI
agent does not have a stake in the action ultimately taken by its human user, so there can be
no temptation to persuade. However, the AI agent may still have (possibly misaligned) incentives
over the communication transcript and this can inﬂuence the nature of information that is shared.
Analyzing the outcome of communication with AI agents therefore shares much in common with
analyzing the space of behaviors that can be obtained under diﬀerent information structures.
Simulating Strategic Agents with AI. There is a recent and rapidly growing line of research
using large language models to explicitly simulate the behavior of strategic agents. This includes
simulating the outcome of game-theoretic studies in economics [29, 45], generating virtual panels
of AI-powered individuals for market research [13], or designing AI agents to play strategic games
such as Werewolf or Diplomacy [52, 7]. These studies suggest that modern LLMs have a (perhaps
implicit) capacity for strategic reasoning, encoded within their training data, that can be measured
and evaluated [43]. In a similar vein, a line of work on “common sense reasoning” by AI systems
has demonstrated consistent improvement by LLMs on challenge datasets that are designed to
encode and test “knowledge that is commonly assumed in other humans” [18, 44, 34, 46]. Again,
this suggests a notion of common-sense reasoning embedded in LLMs that could be distilled and
recovered.
Together, these lines of work support the idea that AI-powered agents can have latent knowledge
and behaviors that resemble human economic agents.
But we do not restrict our attention to
scenarios where an AI system is explicitly directed to simulate a human or an economic agent.
Rather, a modern AI implicitly acts as an economic agent for all tasks, including tasks that are
not directly economic or strategic. The fact that generative AI can eﬀectively simulate human-like
common sense and strategic reasoning supports our choice to model them as economic agents.
Designing and Evaluating Generative AI. Underlying the economic analyses of generative AI
tools, there is a huge and rapidly growing literature on generative AI itself, and particularly LLMs.
The scope is very broad: from designing the AIs (including foundation models and training thereof
[48, 14, 41, 47, 26] and ﬁne-tuning [42, 6]; see [54] for a survey) to orchestrating their usage (e.g.,
prompting techniques [14, 49, 32], integration with tools [50, 22]) to evaluating their capabilities
9

[15, 16]. While economic models are abstract by nature and hide most implementation details, the
models (and the questions being asked) should be grounded in the state-of-art in machine learning:
which capabilities are feasible now, what is projected to be realistic (or not) in the near future, and
what are the salient costs and tradeoﬀs. This is particularly important when economic models need
to incorporate some domain-speciﬁc structures, such as costs or constraints, that may be ﬁrst-order
concerns in a given application scenario.
References
[1] Priyank Agrawal, Eric Balkanski, Vasilis Gkatzelis, Tingting Ou, and Xizhi Tan. Learning-augmented
mechanism design: Leveraging predictions for facility location. In Proceedings of the 23rd ACM Con-
ference on Economics and Computation, pages 497–528, 2022.
[2] Airbnb. Smart pricing. https://www.airbnb.com/help/article/1168, 2023.
[3] Amazon. Adjust pricing quickly and automatically. https://sell.amazon.com/tools/automate-pricing,
2023.
[4] Saleema Amershi, Dan Weld, Mihaela Vorvoreanu, Adam Fourney, Besmira Nushi, Penny Collisson,
Jina Suh, Shamsi Iqbal, Paul N Bennett, Kori Inkpen, et al. Guidelines for human-ai interaction. In
Proceedings of the 2019 chi conference on human factors in computing systems, pages 1–13, 2019.
[5] Mark Armstrong and John Vickers. A model of delegated project choice. Econometrica, 78(1):213–244,
2010.
[6] Yuntao Bai, Andy Jones, Kamal Ndousse, Amanda Askell, Anna Chen, Nova DasSarma, Dawn Drain,
Stanislav Fort, Deep Ganguli, Tom Henighan, and et al. Training a helpful and harmless assistant with
reinforcement learning from human feedback. arXiv preprint arXiv:2204.05862, 2022.
[7] Anton Bakhtin, Noam Brown, Emily Dinan, Gabriele Farina, Colin Flaherty, Daniel Fried, Andrew
Goﬀ, Jonathan Gray, Hengyuan Hu, Meta Fundamental AI Research Diplomacy Team (FAIR), et al.
Human-level play in the game of diplomacy by combining language models with strategic reasoning.
Science, 378(6624):1067–1074, 2022.
[8] Gagan Bansal, Besmira Nushi, Ece Kamar, Daniel S Weld, Walter S Lasecki, and Eric Horvitz. Up-
dates in human-ai teams: Understanding and addressing the performance/compatibility tradeoﬀ. In
Proceedings of the AAAI Conference on Artiﬁcial Intelligence, volume 33, pages 2429–2437, 2019.
[9] Jonathan Bendor, Amihai Glazer, and Thomas Hammond. Theories of delegation. Annual review of
political science, 4(1):235–269, 2001.
[10] Dirk Bergemann, Benjamin Brooks, and Stephen Morris. The limits of price discrimination. American
Economic Review, 105(3):921–957, 2015.
[11] Dirk Bergemann and Stephen Morris. Information design, bayesian persuasion, and bayes correlated
equilibrium. American Economic Review, 106(5):586–591, 2016.
[12] Dirk Bergemann and Stephen Morris. Information design: A uniﬁed perspective. Journal of Economic
Literature, 57(1):44–95, 2019.
[13] James Brand, Ayelet Israeli, and Donald Ngwe. Using gpt for market research. Available at SSRN
4395751, 2023.
[14] Tom Brown, Benjamin Mann, Nick Ryder, Melanie Subbiah, Jared D Kaplan, Prafulla Dhariwal, Arvind
Neelakantan, Pranav Shyam, Girish Sastry, Amanda Askell, Sandhini Agarwal, Ariel Herbert-Voss,
Gretchen Krueger, Tom Henighan, Rewon Child, Aditya Ramesh, Daniel Ziegler, Jeﬀrey Wu, Clemens
Winter, Chris Hesse, Mark Chen, Eric Sigler, Mateusz Litwin, Scott Gray, Benjamin Chess, Jack Clark,
10

Christopher Berner, Sam McCandlish, Alec Radford, Ilya Sutskever, and Dario Amodei. Language
models are few-shot learners. In 34th Advances in Neural Information Processing Systems (NeurIPS),
volume 33, pages 1877–1901, 2020.
[15] S´ebastien Bubeck, Varun Chandrasekaran, Ronen Eldan, Johannes Gehrke, Eric Horvitz, Ece Kamar,
Peter Lee, Yin Tat Lee, Yuanzhi Li, Scott Lundberg, et al. Sparks of artiﬁcial general intelligence:
Early experiments with gpt-4. arXiv preprint arXiv:2303.12712, 2023.
[16] Yupeng Chang, Xu Wang, Jindong Wang, Yuan Wu, Linyi Yang, Kaijie Zhu, Hao Chen, Xiaoyuan Yi,
Cunxiang Wang, Yidong Wang, Wei Ye, Yue Zhang, Yi Chang, Philip S. Yu, Qiang Yang, and Xing Xie.
A survey on evaluation of large language models. ACM Trans. on Intelligent Systems and Technology,
15(3), 2024.
[17] Richard Cole and Tim Roughgarden. The sample complexity of revenue maximization. In Proceedings
of the forty-sixth annual ACM symposium on Theory of computing, pages 243–252, 2014.
[18] Ernest Davis and Gary Marcus.
Commonsense reasoning and commonsense knowledge in artiﬁcial
intelligence. Communications of the ACM, 58(9):92–103, 2015.
[19] Arnoud V Den Boer.
Dynamic pricing and learning: historical origins, current research, and new
directions. Surveys in operations research and management science, 20(1):1–18, 2015.
[20] Paul Duetting, Vahab Mirrokni, Renato Paes Leme, Haifeng Xu, and Song Zuo. Mechanism design for
large language models. arXiv preprint arXiv:2310.10826, 2023.
[21] Sara Fish, Yannai A Gonczarowski, and Ran I Shorrer. Algorithmic collusion by large language models.
arXiv preprint arXiv:2404.00806, 2024.
[22] Luyu Gao, Aman Madaan, Shuyan Zhou, Uri Alon, Pengfei Liu, Yiming Yang, Jamie Callan, and
Graham Neubig.
Pal: Program-aided language models.
In 40th Intl. Conf. on Machine Learning
(ICML), pages 10764–10799, 2023.
[23] Leilani H Gilpin, David Bau, Ben Z Yuan, Ayesha Bajwa, Michael Specter, and Lalana Kagal. Explain-
ing explanations: An overview of interpretability of machine learning. In 2018 IEEE 5th International
Conference on data science and advanced analytics (DSAA), pages 80–89. IEEE, 2018.
[24] Google. About automated bidding. https://support.google.com/google-ads/answer/2979071?hl=en,
2023.
[25] Barbara J Grosz. Collaborative systems (aaai-94 presidential address). AI magazine, 17(2):67–67, 1996.
[26] Suriya Gunasekar, Yi Zhang, Jyoti Aneja, Caio C´esar Teodoro Mendes, Allie Del Giorno, Sivakanth
Gopi, Mojan Javaheripi, Piero Kauﬀmann, Gustavo de Rosa, Olli Saarikivi, Adil Salim, Shital Shah,
Harkirat Singh Behl, Xin Wang, S´ebastien Bubeck, Ronen Eldan, Adam Tauman Kalai, Yin Tat Lee,
and Yuanzhi Li. Textbooks are all you need. arXiv preprint arXiv:2306.11644, 2023.
[27] Kevin Anthony Hoﬀand Masooda Bashir. Trust in automation: Integrating empirical evidence on
factors that inﬂuence trust. Human factors, 57(3):407–434, 2015.
[28] Bengt Holmstrom. Bayesian Models in Economic Theory, chapter On the Theory of Delegation. Elsevier,
Amsterdam, 1984.
[29] John J Horton. Large language models as simulated economic agents: What can we learn from homo
silicus? Technical report, National Bureau of Economic Research, 2023.
[30] Emir Kamenica. Bayesian persuasion and information design. Annual Review of Economics, 11(1):249–
272, 2019.
[31] Emir Kamenica and Matthew Gentzkow.
Bayesian persuasion.
American Economic Review,
101(6):2590–2615, 2011.
11

[32] Takeshi Kojima, Shixiang Shane Gu, Machel Reid, Yutaka Matsuo, and Yusuke Iwasawa. Large language
models are zero-shot reasoners. 35th Advances in Neural Information Processing Systems (NeurIPS),
2022.
[33] Jean-Jacques Laﬀont and David Martimort. The Theory of Incentives: The Principal-Agent Model.
Princeton University Press, 2002.
[34] Yuanzhi Li, S´ebastien Bubeck, Ronen Eldan, Allie Del Giorno, Suriya Gunasekar, and Yin Tat Lee.
Textbooks are all you need ii: phi-1.5 technical report. arXiv preprint arXiv:2309.05463, 2023.
[35] Andreu Mas-Colell, Michael Dennis Whinston, Jerry R Green, et al. Microeconomic theory, volume 1.
Oxford university press New York, 1995.
[36] Ninareh Mehrabi, Fred Morstatter, Nripsuta Saxena, Kristina Lerman, and Aram Galstyan. A survey
on bias and fairness in machine learning. ACM computing surveys (CSUR), 54(6):1–35, 2021.
[37] Meta. About meta bid strategies. https://www.facebook.com/business/help/1619591734742116?id=2196356200683
2023.
[38] Microsoft. Automated bidding. https://about.ads.microsoft.com/en-us/solutions/tools/automated-bidding,
2023.
[39] Jamie Morgenstern and Tim Roughgarden.
Learning simple auctions.
In Conference on Learning
Theory, pages 1298–1318. PMLR, 2016.
[40] Maureen O’hara. High frequency market microstructure. Journal of ﬁnancial economics, 116(2):257–
270, 2015.
[41] OpenAI. Gpt-4 technical report. arXiv preprint arXiv:2303.08774, 2023.
[42] Long Ouyang, Jeﬀrey Wu, Xu Jiang, Diogo Almeida, Carroll L. Wainwright, Pamela Mishkin, Chong
Zhang, Sandhini Agarwal, Katarina Slama, Alex Ray, and et al.
Training language models to fol-
low instructions with human feedback. In 35th Advances in Neural Information Processing Systems
(NeurIPS), 2022.
[43] Narun Raman, Taylor Lundy, Samuel Amouyal, Yoav Levine, Kevin Leyton-Brown, and Moshe Ten-
nenholtz. Rationality report cards: Assessing the economic rationality of large language models. arXiv
preprint arXiv:2402.09552, 2024.
[44] Keisuke Sakaguchi, Ronan Le Bras, Chandra Bhagavatula, and Yejin Choi. Winogrande: An adversarial
winograd schema challenge at scale. Communications of the ACM, 64(9):99–106, 2021.
[45] Eilam Shapira, Omer Madmon, Roi Reichart, and Moshe Tennenholtz. Can large language models
replace economic choice prediction labs? arXiv preprint arXiv:2401.17435, 2024.
[46] Hugo Touvron, Thibaut Lavril, Gautier Izacard, Xavier Martinet, Marie-Anne Lachaux, Timoth´ee
Lacroix, Baptiste Rozi`ere, Naman Goyal, Eric Hambro, Faisal Azhar, et al. Llama: Open and eﬃcient
foundation language models. arXiv preprint arXiv:2302.13971, 2023.
[47] Hugo Touvron, Louis Martin, Kevin Stone, Peter Albert, Amjad Almahairi, Yasmine Babaei, Nikolay
Bashlykov, Soumya Batra, Prajjwal Bhargava, Shruti Bhosale, et al. Llama 2: Open foundation and
ﬁne-tuned chat models. arXiv preprint arXiv:2307.09288, 2023.
[48] Ashish Vaswani, Noam Shazeer, Niki Parmar, Jakob Uszkoreit, Llion Jones, Aidan N. Gomez, Lukasz
Kaiser, and Illia Polosukhin.
Attention is all you need.
In 30th Advances in Neural Information
Processing Systems (NeurIPS), pages 5998–6008, 2017.
[49] Jason Wei, Xuezhi Wang, Dale Schuurmans, Maarten Bosma, Fei Xia, Ed Chi, Quoc V Le, Denny Zhou,
et al. Chain-of-thought prompting elicits reasoning in large language models. 36th Advances in Neural
Information Processing Systems (NeurIPS), 35:24824–24837, 2022.
12

[50] Steven
Wolfram.
Chatgpt
gets
its
“wolfram superpowers”!,
March
2023.
A
blog
post:
https://writings.stephenwolfram.com/2023/03/chatgpt-gets-its-wolfram-superpowers/.
[51] Chenyang Xu and Pinyan Lu. Mechanism design with predictions. In Proceedings of the Thirty-First
International Joint Conference on Artiﬁcial Intelligence, pages 571–577, 2022.
[52] Yuzhuang Xu, Shuo Wang, Peng Li, Fuwen Luo, Xiaolong Wang, Weidong Liu, and Yang Liu. Exploring
large language models for communication games: An empirical study on werewolf.
arXiv preprint
arXiv:2309.04658, 2023.
[53] Fan Yao, Chuanhao Li, Denis Nekipelov, Hongning Wang, and Haifeng Xu. Human vs. generative ai in
content creation competition: Symbiosis or conﬂict? arXiv preprint arXiv:2402.15467, 2024.
[54] Wayne Xin Zhao, Kun Zhou, Junyi Li, Tianyi Tang, Xiaolei Wang, Yupeng Hou, Yingqian Min, Beichen
Zhang, Junjie Zhang, Zican Dong, Yifan Du, Chen Yang, Yushuo Chen, Zhipeng Chen, Jinhao Jiang,
Ruiyang Ren, Yifan Li, Xinyu Tang, Zikang Liu, Peiyu Liu, Jian-Yun Nie, and Ji-Rong Wen. A survey
of large language models. arXiv preprint arXiv:2303.18223, 2023.
A
Detailed Examples
A.1
Warm-up: Single-Player Email Game
The following simple scenario is intended as a warm-up and showcases how our framework incorpo-
rates delegation. A single human player is writing an email and is debating between two diﬀerent
styles, A or B. The state of nature ω ∈{A, B} determines which email style is most appropriate
for the given scenario. The human’s prior is that the state is equally likely to be A or B. The
human can choose whether to think carefully about the situation, which comes at a cost of 4 but
reveals the state of nature. They then choose whether to write email A or B. Choosing the correct
style generates value 5 while choosing the incorrect style generates value −10.
Imagine now that the human player has access to an AI agent. The AI agent has access to a
signal σ ∈{A, B} that is equal to the true state with probability 90%. 12 The human player can
choose whether to request a signal m ∈{A, B} from the AI agent. Doing so incurs a cost of 1 for the
user. The AI obtains utility 1 if it correctly reports the state of nature and 0 otherwise. Given this
utility and information structure, the AI will maximize utility by reporting m = σ. In this case, the
human maximizes utility by requesting a signal m from the AI, choosing not to think carefully, then
writing an email in style m. This results in an expected payoﬀof (0.9)(5) + (0.1)(−10) −1 = 2.5
for the user. Notably, this results in a reduced probability of selecting the appropriate email style.
A.2
Costly Signaling
A professor is writing a recommendation letter for a student. The student is equally likely to be
either Typical (T) or Strong (S), and this is encoded in the state of nature ω ∈{T, S}. There
are two human players, a sender (the professor) and a receiver. The sender observes the student’s
strength, but the receiver does not. The sender ﬁrst chooses whether to write a weak or strong
letter. Writing a weak letter is free but writing a strong letter costs the sender 4. The receiver then
observes the sender’s letter and chooses whether to hire the student. The receiver obtains payoﬀ1
for hiring a strong student, payoﬀ−2 for hiring a typical student, and payoﬀ0 for not hiring. The
12Formally, the state of nature is now a pair (ω, σ) ∈{A, B}2, initially drawn from a joint distribution.
13

sender obtains value 10 if a strong student is hired, value 6 if a typical student is hired, and value
0 if the student is not hired.13
This game has two equilibria. First, there is a trivial “babbling equilibrium” where the receiver
never hires (i.e., ignores the letter) and the sender always writes a weak letter. But there is also
a non-trivial equilibrium, which we will describe ﬁrst in terms of the receiver’s strategy and then
the sender’s strategy.
The receiver does not hire upon receiving a weak letter, and hires with
probability p upon receiving a strong letter. The sender always writes a strong letter for strong
candidates, and writes a strong letter for a typical candidate with probability q.
We have an
equilibrium at (p, q) = ( 2/3, 1/2 ). Indeed, if q = 1/2 then, conditional on receiving a strong letter,
the receiver’s posterior belief is that the student is strong with probability 2/3, which makes her
indiﬀerent between hiring and not hiring. If p = 2/3 then the sender strictly prefers to write a
strong letter for strong students (expected total payoﬀ10× 2/3−4 for a strong letter versus payoﬀ0
for a weak letter), and is indiﬀerent between writing strong and typical letters for typical students
(expected total payoﬀ6 × 2/3 −4 = 0 for a strong letter). Under this equilibrium, a strong student
is hired with probability 2/3 and a typical student is hired with probability 1/2 × 2/3 = 1/3. The
sender’s expected utility is 1/2 ( 10 × 2/3 −4 ) = 4/3, the surplus obtained from writing strong letters
for strong students.
Next imagine that the sender has an AI agent that can assist with the letter-writing process,
so that the cost of writing a strong letter eﬀectively reduces from 4 to 1. (The receiver’s AI agent,
if any, does not provide any assistance in this matter.) If we repeat the equilibrium calculation
above, our choice of q = 1/2 will be unchanged, but making the sender indiﬀerent between strong
and weak letters for typical students requires that the receiver considers the letter with probability
only p = 1/6. Thus, at equilibrium, a strong student is hired with probability 1/6 and a typical
student is hired with probability 1/2 × 1/6 = 1/12. In this equilibrium the sender’s utility falls to
1/2 ( 10 × 1/6 −1 ) = 1/3, which is again the surplus obtained from writing strong letters for strong
students. Notably, not only are students hired less often, but the sender’s expected utility falls at
equilibrium due to the presence of the AI agent. This is because the sender cannot commit to not
using the AI agent, and this limits the sender’s ability to signal the student’s type via costly eﬀort.
A.3
Advice Evaluated on Perceived Helpfulness: Numerical Example
The following is an instance of the AI advice game described in Section 2.1. A user is deciding which
of two products to purchase and can consult an AI agent. Product A is a safe choice that always
results in utility 0 for the user. Product B has a two binary features, ω = (ω1, ω2) ∈{0, 1}2, that
are drawn uniformly at random. The realization of ω is known to the AI agent but not the human
user. The user has a utility function v: {0, 1}2 →
R that maps realizations of ω into a (possibly
negative) payoﬀfor purchasing Product B. The user can communicate with the AI agent before
making a purchasing decision. Speciﬁcally, if the user requests advice, the AI sends a message that
contains one (and only one) of the product features.14
Suppose that, motivated by a design objective of maximizing perceived helpfulness, the AI
agent’s payoﬀs are determined as follows.
Declaring a feature incorrectly gives payoﬀ−∞for
the AI. Otherwise, the AI agent’s payoﬀis the diﬀerence in expected utility between the user’s
13One could obtain a qualitatively similar outcome if the sender’s payoﬀif the student is hired is independent of
quality, but writing a strong letter is easier/cheaper for strong students.
14The restriction to declaring only one feature is motivated by communication length; in general an AI agent cannot
practically communicate all information it has access to.
14

optimal choice given the revealed feature(s) and their optimal choice given no information, where
the expectation is over any features that are not revealed. This payoﬀis always non-negative, and
is 0 whenever the AI agent’s advice would not inﬂuence a utility-maximizing user’s choice of action.
Suppose that the user’s utility function is v(1, 1) = 2 and v(0, 0) = v(0, 1) = v(1, 0) = −1.
I.e., the user gets utility 2 for buying B if both features are 1, otherwise utility −1. In this case,
absent any information from the AI agent, the expected utility-maximizing action is to purchase
A since 3/4 · (−1) + 1/4 · 2 < 0.
If either feature is revealed to be 0, then the user’s utility is
certainly −1 for purchasing B so the optimal choice is still purchase A. But if either feature is
revealed to be 1, the expected utility from purchasing B (in expectation over the other feature) is
1/2 · (−1) + 1/2 · 2 = 1/2 > 0. This means that correctly revealing a feature to be 1 yields payoﬀ
1/2 for the AI, whereas revealing a feature to be 0 yields payoﬀ0. We emphasize that this payoﬀ
to the AI is independent of which product the user ultimately decides to purchase; it is a function
only of ω and the communication transcript.
This situation creates misaligned incentives for the human user and the AI. If the realized state
is ω = (1, 0), then the user’s ex post preferred action is to purchase A. But under this realization
the AI is incentivized to reveal ω1 = 1. In fact, the AI is incentivized to reveal a feature with value
1 in all states except ω = (0, 0). What this means is that, conditional on the AI revealing a feature
ωi = 1, a rational user should infer only that ω̸ = (0, 0), so her expected utility from purchasing B
is 2/3 · (−1) + 1/3 · 2 = 0. In other words, the AI agent confers zero value even to a fully rational
user that correctly anticipates its behavior.
A.4
Delegated Search: Numerical Example
The following is a toy example of the AI delegated search game described in Section 2.2. The
example illustrates a scenario where (a) a user can potentially beneﬁt by strategically inﬂating the
strength of their preferences in order to bypass the AI agent’s preference to avoid certain outcome,
but (b) this can lead to suboptimal outcomes when the set of possible outcomes available to the
AI agent is not perfectly understood by the user.
In this toy example, a user is writing an email with the assistance of an AI agent.
Emails
are evaluated on two dimensions, say humor and professionalism. Under this parameterization,
Γ = [0, 1]2 denotes the space of all conceivable emails, where (1, 0) is a perfectly humorous but
unprofessional email and (0, 1) is perfectly professional but not at all funny. Not all points in the
parameter space are necessarily achievable, so while (1, 1) represents a hypothetical email that is
both perfectly funny and perfectly professional, this may not be possible to achieve. Here X ⊆[0, 1]2
is the set of all achievable parameters.
The user’s utility from an email is characterized by a relative preference for humor versus
professionalism. This is described by a vector y ∈
R2
≥0 with ||y||2 = 1. An email x ∈Γ then
generates utility uy(x) = x·y, where we write uy for the utility function corresponding to preference
vector y. We let U be the space of all such utility functions.
Let’s say the user knows that X contains xf = (1, 0) and xp = (0, 1) for “funny” and “pro-
fessional”, respectively, so emails achieving these parameters exist. Let’s further imagine that the
AI agent is designed to downplay humor unless speciﬁcally requested; this is encoded as a penalty
function with γ(xf) = 0.2 and γ(xp) = 0. One can then verify that if X = {xf, xp}, the AI agent will
return xp in response to declared relative preferences y = (y1, y2) if y1 < 0.8 (and hence y2 > 0.6),
and will return xf if y1 > 0.8. Thus, if the user has a strict preference for the humorous email (no
matter how slight), they will optimize by declaring a strong preference for humor.
15

Next imagine that the AI agent is also able to create emails that combine professionalism and
humor to a certain extent. Concretely, there are points xm = (2/3, 2/3) (‘m’ for mediocre at both)
and xpf = (1/2, 1) (‘pf’ for professional yet funny) in the set X as well. But the AI agent steers
away from including humor in professional emails; say this is encoded with penalties γ(xm) = 0.25
and γ(xpf) = 0.35. These numbers are chosen so that the threshold on the declared preference for
humor at which xm is returned, versus xpf, is ≈0.74 < 0.8.
A feature of this example is that if the agent’s most-preferred option is xpf,15 then it would
be optimal to declare a moderate preference for humor; say y1 = 0.71. On the other hand, if the
user is unaware that this option is possible and prefers xf to xp,16 they would rationally declare a
stronger preference for humor, y1 > 0.8, which would be suboptimal with respect to the true choice
set.
This toy example demonstrates that while an agent can beneﬁt by strategically declaring
their preferences to an AI that attempts to steer away from certain outcomes, this can lead to
suboptimal outcomes when the set of possible options is not perfectly understood.
While this
example is described in terms of an incorrect belief about X, the same conclusion can be reached
if the user has a prior over X, in which case a suboptimal choice is reached on some realizations of
X.
15For example, this is the case if the agent’s true preference is given by z = (z1, z2) with z1 = 0.79.
16Which is likewise obtained by true preferences z = (z1, z2) where z1 = 0.79
16",pdf,"Bài báo đề xuất một khuôn khổ mới để mô hình hóa AI tạo sinh như các tác nhân kinh tế, thay vì chỉ là công nghệ, trong các mô hình lý thuyết kinh tế. Trong khuôn khổ này, mỗi người dùng được bổ sung một tác nhân AI và có thể tham khảo AI trước khi thực hiện hành động trong một trò chơi. Điều này cho phép nghiên cứu tác động của các tác nhân AI, đặc biệt khi thông tin và sở thích của AI có thể khác biệt so với người dùng, dẫn đến các trạng thái cân bằng khác biệt về chất.","Phương pháp chính là mở rộng một mô hình lý thuyết trò chơi cơ bản (trò chơi một lần không có tác nhân AI) bằng cách liên kết một tác nhân AI với mỗi người chơi. Người dùng và tác nhân AI tương tác thông qua một giao thức giao tiếp, tạo ra một bản ghi tin nhắn. Mỗi tác nhân AI có cấu trúc thông tin và hàm lợi ích riêng (vi(τi, ω)) phụ thuộc vào trạng thái tự nhiên và bản ghi giao tiếp, nhưng không trực tiếp phụ thuộc vào hành động hoặc kết quả thực tế của người dùng. Người dùng phải chịu chi phí ci(τi) cho việc giao tiếp với AI, và lợi ích của họ là ui(⃗a, ω)−ci(τi).","Mô hình cố ý giới hạn quyền tự chủ của tác nhân AI: AI chỉ có thể gửi tin nhắn cho người dùng liên quan, không thể tương tác trực tiếp với các tác nhân AI hoặc người dùng khác, cũng như không thể trực tiếp thực hiện các hành động có liên quan đến lợi ích của người dùng. Sở thích của AI chỉ là một hàm của bản ghi giao tiếp và trạng thái thế giới, chứ không phải kết quả thực tế hoặc lợi ích đã đạt được của người dùng.","Các tác nhân AI có thể dẫn đến các trạng thái cân bằng khác biệt về chất so với các thiết lập không có AI. Ngay cả khi AI chỉ đóng vai trò công nghệ giảm chi phí hoặc cung cấp thông tin, sự hiện diện của nó có thể làm giảm lợi ích của tác nhân con người (ví dụ, bằng cách hạn chế khả năng ra tín hiệu). Sự không phù hợp về sở thích (ví dụ, AI tối ưu hóa 'mức độ hữu ích được cảm nhận' thay vì 'mức độ hữu ích thực tế') có thể khiến người dùng hợp lý không nhận được lợi ích nào từ AI, ngay cả khi thông tin được cung cấp là chính xác. Việc người dùng cố gắng báo cáo sai sở thích một cách chiến lược để ảnh hưởng đến AI có thể dẫn đến kết quả không tối ưu, đặc biệt khi người dùng không chắc chắn về không gian các lựa chọn khả thi của AI.",ok,grounded,['arxiv'],
core,302079000,Beyond Human Control: Unleashing the Uncharted Power of Agentic AI and Its Transformative Role in Society,"The rise of agentic AI—machines that can think, plan, and act autonomously—marks a transformative shift in the landscape of artificial intelligence. This paper delves into the concept of agentic AI, exploring its unique characteristics, including autonomy and proactive decision-making, which distinguish it from traditional AI systems. The study highlights the rapid evolution of AI technologies and their far-reaching impact across various sectors, such as healthcare, therapy &psychology, transportation, business, and smart cities. This paper examines the real-world applications of agentic AI, its transformative effects, and the ethical and operational challenges it presents. Key issues such as the balance between autonomy and human oversight, algorithmic bias, security, and privacy concerns are discussed. The paper also investigates the economic, workforce, and societal implications of widespread agentic AI adoption, while considering the future directions for its development. By identifying innovative trends, the potential for human-AI collaboration, and the need for robust regulation, this paper provides comprehensive insights into harnessing the power of agentic AI responsibly and sustainably, ensuring that its benefits outweigh its risks","['Victor Nicholas GURGU', 'Iosif GURGU', 'Vladimir RADIVOJEVIC', 'Ioana Andreea GURGU', 'Elena GURGU']",2025,,10.26458/2512,https://core.ac.uk/download/671570172.pdf,https://core.ac.uk/download/671570172.pdf,,,,,"['t', 'a', 'c', 'i', 'r', 'l', 'e']",0.5862,"Focuses on agentic AI, economic context, outcomes, and comparison.","The rise of agentic AI—machines that can think, plan, and act autonomously—marks a transformative shift in the landscape of artificial intelligence. This paper delves into the concept of agentic AI, exploring its unique characteristics, including autonomy and proactive decision-making, which distinguish it from traditional AI systems. The study highlights the rapid evolution of AI technologies and their far-reaching impact across various sectors, such as healthcare, therapy &psychology, transportation, business, and smart cities. This paper examines the real-world applications of agentic AI, its transformative effects, and the ethical and operational challenges it presents. Key issues such as the balance between autonomy and human oversight, algorithmic bias, security, and privacy concerns are discussed. The paper also investigates the economic, workforce, and societal implications of widespread agentic AI adoption, while considering the future directions for its development. By identifying innovative trends, the potential for human-AI collaboration, and the need for robust regulation, this paper provides comprehensive insights into harnessing the power of agentic AI responsibly and sustainably, ensuring that its benefits outweigh its risks",abstract_only,"Bài báo cung cấp những hiểu biết toàn diện về việc khai thác sức mạnh của AI tác nhân một cách có trách nhiệm và bền vững, đảm bảo rằng lợi ích của nó vượt trội so với rủi ro. Nó đi sâu vào khái niệm AI tác nhân, khám phá các đặc điểm độc đáo của nó, kiểm tra các ứng dụng thực tế, tác động biến đổi và các thách thức về đạo đức và vận hành mà nó đặt ra. Bài báo cũng điều tra các tác động kinh tế, lực lượng lao động và xã hội của việc áp dụng rộng rãi AI tác nhân, đồng thời xem xét các hướng phát triển trong tương lai.","Bài báo sử dụng phương pháp phân tích khái niệm và tổng hợp thông tin, đi sâu vào khái niệm AI tác nhân, khám phá các đặc điểm, làm nổi bật sự phát triển, kiểm tra các ứng dụng, thảo luận các vấn đề chính và điều tra các tác động.",Không đủ thông tin,"Sự trỗi dậy của AI tác nhân đánh dấu một sự thay đổi mang tính biến đổi trong bối cảnh trí tuệ nhân tạo, với các đặc điểm độc đáo như tính tự chủ và ra quyết định chủ động. Công nghệ này có tác động sâu rộng trên nhiều lĩnh vực như chăm sóc sức khỏe, trị liệu & tâm lý học, giao thông vận tải, kinh doanh và thành phố thông minh. Việc áp dụng AI tác nhân đặt ra các thách thức về đạo đức và vận hành, bao gồm sự cân bằng giữa quyền tự chủ và sự giám sát của con người, sai lệch thuật toán, bảo mật và quyền riêng tư. Cần có sự hợp tác giữa con người và AI cũng như các quy định mạnh mẽ để khai thác sức mạnh của AI tác nhân một cách có trách nhiệm và bền vững.",ok,ungrounded_after_retry,['core'],"Mục 'Method' suy diễn phương pháp phân tích khái niệm và tổng hợp thông tin, nhưng source text không nêu rõ đây là phương pháp nghiên cứu được sử dụng mà chỉ mô tả các hoạt động của bài báo (delves into, exploring, highlights, examines, discusses, investigates)."
arxiv,2603.13942v3,"AI Agents in Financial Markets: Architecture, Applications, and Systemic Implications","Recent advances in large language models, tool-using agents, and financial machine learning are shifting financial automation from isolated prediction tasks to integrated decision systems that can perceive information, reason over objectives, and generate or execute actions. This paper develops an integrative framework for analysing agentic finance: financial market environments in which autonomous or semi-autonomous AI systems participate in information processing, decision support, monitoring, and execution workflows. The analysis proceeds in three steps. First, the paper proposes a four-layer architecture of financial AI agents covering data perception, reasoning engines, strategy generation, and execution with control. Second, it introduces the Agentic Financial Market Model (AFMM), a stylised agent-based representation linking agent design parameters such as autonomy depth, heterogeneity, execution coupling, infrastructure concentration, and supervisory observability to market-level outcomes including efficiency, liquidity resilience, volatility, and systemic risk. Third, it presents an illustrative empirical application based on event studies of AI-agent capability disclosures and heterogeneous market repricing. The paper argues that the systemic implications of AI in finance depend less on model intelligence alone than on how agent architectures are distributed, coupled, and governed across institutions. The empirical application is intentionally exploratory: it does not validate the full AFMM, but shows how one observable expectations channel can be studied using public data. In the near term, the most plausible equilibrium is bounded autonomy, in which AI agents operate as supervised co-pilots, monitoring systems, and constrained execution modules embedded within human decision processes.",['Hui Gong'],2026,2026-03-14T13:30:18+00:00,10.3390/fintech5020034,http://arxiv.org/abs/2603.13942v3,https://arxiv.org/pdf/2603.13942v3,,"FinTech 2026, 5(2), 34",,,['q-fin.GN'],0.5791,"Focuses on agentic AI, economic context, outcomes, and comparison.","AI Agents in Financial Markets: Architecture,
Applications, and Systemic Implications
Hui Gong†
April 2026
Abstract
Recent advances in large language models, tool-using agents, and financial machine learning
are shifting financial automation from isolated prediction tasks to integrated decision systems
that can perceive information, reason over objectives, and generate or execute actions. The
paper develops an integrative framework for analysing agentic finance: financial market en-
vironments in which autonomous or semi-autonomous AI systems participate in information
processing, decision support, monitoring, and execution workflows. The analysis proceeds in
three steps. First, the paper proposes a four-layer architecture of financial AI agents covering
data perception, reasoning engines, strategy generation, and execution with control. Second, it
introduces the Agentic Financial Market Model (AFMM), a stylised agent-based representation
linking agent design parameters such as autonomy depth, heterogeneity, execution coupling,
infrastructure concentration, and supervisory observability to market-level outcomes including
efficiency, liquidity resilience, volatility, and systemic risk. Third, it presents an illustrative em-
pirical application based on event studies of AI-agent capability disclosures and heterogeneous
market repricing. It argues that the systemic implications of AI in finance depend less on model
intelligence alone than on how agent architectures are distributed, coupled, and governed across
institutions. The empirical application is intentionally exploratory: it does not validate the full
AFMM, but shows how one observable expectations channel can be studied using public data.
In the near term, the most plausible equilibrium is bounded autonomy, in which AI agents oper-
ate as supervised co-pilots, monitoring systems, and constrained execution modules embedded
within human decision processes.
Keywords: AI agents; financial markets; agentic finance; large language models; market structure;
systemic risk; financial regulation
JEL Classification: G10; G20; G28; O33
1
Introduction
Financial markets have always rewarded speed, scale, and quality in information processing. For
decades, advances in market infrastructure and quantitative modelling have enabled progressively
faster execution, richer data analysis, and more automated decision pipelines. What is changing now
†UCL Institute of Finance & Technology, University College London. Email: h.gong.12@ucl.ac.uk.
1
arXiv:2603.13942v3  [q-fin.GN]  22 Apr 2026

is not simply that artificial intelligence (AI) is becoming more accurate at prediction, but that it is
beginning to operate across the full workflow of financial decision-making. Recent developments in
large language models (LLMs), retrieval-augmented generation, tool-using agents, memory systems,
and autonomous planning modules have made it increasingly feasible to build systems that can
interpret heterogeneous data, reason over objectives, generate action proposals, and interact with
external tools in sequential environments (Yao et al., 2023; Park et al., 2023; Xi et al., 2023).
This shift has particular significance in finance. Financial decisions are rarely one-shot prediction
problems. They typically require the integration of structured market data, unstructured textual
information, institutional constraints, risk limits, and execution rules. A portfolio manager, trader,
compliance officer, or supervisor does not merely classify an input; they must move through a
sequence of steps that includes information gathering, interpretation, prioritisation, action selection,
and post-decision monitoring.
In this respect, the emergence of AI agents marks a potentially
important transition from model-centric automation to workflow-centric automation. Rather than
assisting with only one component of the chain, agentic systems may increasingly participate in the
end-to-end process through which financial actions are formulated, evaluated, and, in some settings,
executed.
The timing of this transition is not accidental. Over the past few years, the technical foundations
for agentic finance have advanced rapidly. On the language-model side, finance-specific systems such
as BloombergGPT and FinGPT have demonstrated the growing viability of domain-adapted LLMs
for financial text understanding and analysis (Wu et al., 2023; Yang et al., 2023). Benchmark studies
such as FinBen further suggest that financial competence cannot be reduced to generic language
ability alone, and that finance-specific reasoning remains an important frontier (Xie et al., 2024).
At the same time, more recent work has moved beyond static NLP tasks toward reasoning-oriented
and agentic designs, including systems that combine planning, memory, tool use, and multi-agent
coordination for financially relevant tasks (Liu et al., 2025; Wu et al., 2025; Xiao et al., 2025).
These developments suggest that the relevant research question is no longer whether AI will be
used in finance, but how increasingly agentic forms of AI will reshape financial workflows and
market structure.
The policy context reinforces the urgency of this question. Recent analyses by the OECD, the
Financial Stability Board (FSB), and the Bank for International Settlements (BIS) all point to a
dual dynamic: on the one hand, AI can improve efficiency, monitoring, compliance, and analytical
capacity; on the other hand, it may amplify existing vulnerabilities through third-party dependen-
cies, correlated model behaviour, governance weaknesses, cyber risks, and the rapid propagation of
machine-mediated decisions (OECD, 2023, 2024; Financial Stability Board, 2024; Aquilina et al.,
2025). In other words, AI in finance is no longer only a firm-level productivity issue. It is increasingly
a question of market design, institutional control, and financial stability.
Despite this momentum, the academic literature remains conceptually fragmented. Existing
studies tend to focus on one of three levels in isolation. The first examines the performance of
finance-specific LLMs and reasoning systems. The second studies application domains such as trad-
ing, portfolio management, or compliance. The third, often in policy or regulatory work, discusses
systemic risk, oversight, and governance.
What remains underdeveloped is a unified analytical
framework that connects these levels. Yet this connection is precisely where the most important
questions arise. The architecture of an AI agent influences what data it sees, how it reasons, how
much discretion it is given, and how its outputs are translated into financial action. Those micro-
2

level design choices may in turn shape macro-level outcomes such as information efficiency, liquidity
resilience, behavioural correlation, market concentration, and supervisory complexity.
The central argument of the paper is that the systemic impact of AI in finance depends not
only on model intelligence but on the architecture, coupling, and governance of agentic systems.
In other words, the economic and systemic consequences of AI adoption arise less from the raw
capabilities of individual models than from how AI agents are embedded in institutional workflows,
technological infrastructures, and market interaction networks.
To analyse this transition, the paper develops an integrated framework for what we call agentic
finance, defined as financial market settings in which autonomous or semi-autonomous AI systems
participate in information processing, decision support, monitoring, or execution in ways that are
economically relevant for market outcomes. The analysis is organised around three research ques-
tions:
RQ1: What constitutes the architecture of an AI financial agent?
RQ2: In which financial activities can AI agents meaningfully augment or replace human
decision-making?
RQ3: What systemic implications could arise from the large-scale adoption of AI agents in
financial markets?
These questions are motivated by both an empirical reality and a theoretical need. Empirically,
financial institutions are already experimenting with AI systems for research support, document
analysis, anomaly detection, surveillance, and investment workflows, while more ambitious forms of
autonomous trading and agent-based market interaction are moving from prototype to early-stage
deployment (Yang et al., 2023; Xiao et al., 2025; Qian et al., 2025). Theoretically, however, there is
still no sufficiently clear framework for linking the design of AI agents to the structure of financial
decision-making and, beyond that, to market-wide consequences.
The paper makes three main contributions. First, it defines agentic finance as a distinct an-
alytical category and proposes a modular four-layer architecture of AI financial agents consisting
of data perception, reasoning, strategy generation, and execution with control. Second, it clarifies
where AI agents are most plausibly useful in practice by distinguishing bounded augmentation from
stronger forms of delegation across trading, portfolio management, risk and compliance, and de-
centralised finance analytics. Third, it develops the AFMM that links micro-level agent design to
macro-level market outcomes, including efficiency, liquidity, volatility, herding, concentration risk,
and supervisory capacity.
Methodologically, the paper is conceptual but explicitly research-oriented. It is not intended
as a purely descriptive survey.
Rather, it provides a theory-building framework that can guide
future empirical work. The later sections therefore also develop an illustrative empirical application
showing how a limited but observable part of the framework can be operationalised using public
financial and textual data.
The remainder of the paper is organised as follows. Section 2 positions the paper within the
existing literature and clarifies its theoretical contribution.
Section 3 introduces the transition
from algorithmic finance to agentic finance and motivates the generational framing of financial
AI. Section 4 develops a four-layer architecture of AI financial agents. Section 5 introduces the
AFMM, which links agent design parameters to aggregate market outcomes. Section 6 maps the
3

principal application domains of AI agents in finance. Section 7 discusses governance and regulatory
implications, Section 8 outlines an empirical research design for testing the framework, Section 9
discusses broader implications, and Section 10 concludes.
2
Literature Positioning and Theoretical Contribution
This section situates the paper within the rapidly expanding literature on artificial intelligence
in finance. Rather than reviewing this literature chronologically, the discussion organises existing
work into six thematic streams and clarifies how each contributes to our understanding of AI-driven
financial systems. This organisation highlights an important gap: while individual components of
agentic finance have been studied extensively, the connections between agent architecture, financial
applications, and market-wide consequences remain underdeveloped.
2.1
Six streams of research on agentic finance
The relevant literature is broader than the recent wave of financial LLM papers. For the purposes
of this paper, it is useful to organise prior work into six streams: (i) agent-based finance and
heterogeneous-expectations models, (ii) market microstructure and automated trading, (iii) financial
LLMs and reasoning benchmarks, (iv) agent architectures and multi-agent systems, (v) AI in trading
and investment management, and (vi) regulation and systemic-risk analysis.
Recent review articles also confirm how quickly this space is maturing. New surveys synthesize
the rise of agentic AI architectures in general and AI-agent applications in finance and fintech
more specifically (Abou Ali et al., 2026; Rizinski and Trajanov, 2025; Aldridge et al., 2025). Those
papers are useful reference points for the field.
However, their primary objective is synthesis:
they review architectures, use cases, and regulatory themes across a rapidly expanding domain.
The present paper instead aims to provide a finance-specific conceptual framework that links agent
architecture, institutional deployment, governance constraints, and market-level consequences, while
also translating those design choices into a stylised market model.
Agent-based finance and heterogeneous expectations.
A first intellectual antecedent
comes from agent-based finance and the broader literature on heterogeneous expectations. Classic
surveys and syntheses show how markets populated by heterogeneous agents can generate endoge-
nous volatility, bubbles, crashes, and persistent deviations from benchmark rational-expectations
dynamics (LeBaron, 2006; Farmer and Foley, 2009; Hommes, 2013). This literature is directly rele-
vant to the present paper because the AFMM is ultimately concerned with how diversity, coupling,
and interaction among heterogeneous decision systems shape market outcomes. Recent LLM-based
market simulations such as ASFM and TwinMarket can be interpreted as a new technological branch
of this older heterogeneous-agent tradition, now populated by AI-enabled rather than purely stylised
bounded-rational agents (Gao et al., 2024; Yang et al., 2025).
Market microstructure and automated trading. A second stream comes from market
microstructure and the literature on automated and algorithmic trading. This work establishes that
automated agents have already altered liquidity provision, price discovery, and intraday volatility
long before the arrival of contemporary LLM agents (Avellaneda and Stoikov, 2008; Hendershott
et al., 2011; Hasbrouck, 2018; Kirilenko et al., 2017). The relevance of this literature is twofold. First,
it provides evidence that automation can materially change market quality and market dynamics.
4

Second, it supplies a benchmark against which agentic finance can be compared: the move from
algorithmic trading to agentic finance is not the first interaction between automation and markets,
but it is a deeper extension from automated execution toward automated workflow coordination.
Financial LLMs and reasoning benchmarks. A third stream examines domain adaptation
and evaluation of large language models in financial contexts. Early work such as BloombergGPT
demonstrated that large-scale domain-specific pretraining can significantly improve performance on
financial NLP tasks including sentiment classification, information extraction, and document under-
standing (Wu et al., 2023). Subsequent work such as FinGPT expanded this approach by proposing
open-source pipelines for financial language models and demonstrating their use in financial analysis
and forecasting-related workflows (Yang et al., 2023). Benchmark studies such as FinBen further
highlight the uneven performance of LLMs across financial reasoning tasks, emphasizing that fi-
nancial competence cannot be reduced to generic language understanding alone (Xie et al., 2024).
More recent models such as Fin-R1 explore reinforcement-learning-based improvements in struc-
tured financial reasoning, particularly for tasks such as compliance analysis and financial question
answering (Liu et al., 2025).
Agent architectures and multi-agent systems. A fourth stream focuses on the architec-
tural foundations of AI agents. General frameworks such as ReAct demonstrate how reasoning and
acting can be integrated in language-model workflows (Yao et al., 2023), while generative-agent
frameworks illustrate how memory, planning, and environment interaction can be combined in per-
sistent agent-based environments (Park et al., 2023). Survey work further systematises this design
space by analysing memory structures, tool usage, planning mechanisms, and multi-agent coordi-
nation (Xi et al., 2023). Building on these foundations, finance-specific work proposes collaborative
multi-agent systems for financial analysis and investment reasoning. FinTeam, for example, models
financial analysis as a coordinated interaction between specialised analyst agents responsible for
macro interpretation, risk evaluation, and portfolio reasoning (Wu et al., 2025).
AI in trading and investment management.
A fifth stream studies AI deployment in
trading, allocation, and investment support.
Earlier work in this area includes reinforcement-
learning-based trading and portfolio control, as well as early deep-learning approaches to portfolio
design and financial prediction (Moody and Saffell, 2001; Heaton et al., 2017; Betancourt and Chen,
2021; Lopez de Prado, 2020). More recent research moves toward LLM-based trading agents and
multi-agent trading environments. TradingAgents proposes a collaborative architecture composed
of analyst, trader, and risk-management agents (Xiao et al., 2025), while When Agents Trade intro-
duces a live multi-market benchmark for evaluating LLM trading agents across equities and crypto
markets (Qian et al., 2025). Together, these studies show how AI applications are shifting from
narrow signal generation toward integrated decision pipelines that include interpretation, strategy
construction, and execution support.
Regulation and systemic risk. The final stream focuses on governance, regulation, and sys-
temic implications. Reports from the BIS, OECD, and the Financial Stability Board highlight sev-
eral emerging concerns, including model opacity, concentration of third-party providers, operational
resilience, and the potential for correlated machine-mediated behaviour across financial institutions
(OECD, 2023, 2024; Financial Stability Board, 2024; Aquilina et al., 2025). This literature is crucial
because it widens the unit of analysis from firm-level productivity to financial stability, supervisory
capacity, and market design.
5

2.2
Analytical gaps in the existing literature
Taken together, these six research streams demonstrate that the technological and institutional
foundations of AI-driven finance are rapidly evolving. However, three analytical gaps remain par-
ticularly important.
First, the literature lacks a finance-specific architectural framework for AI agents.
Most existing work focuses either on general agent architectures or on specific financial applications.
As a result, there is little consensus on how to decompose financial AI agents into modular com-
ponents that reflect the structure of financial decision-making. Without such an architecture, it is
difficult to systematically compare agent designs across institutions or applications.
Second, the connection between agent design and financial market outcomes re-
mains underdeveloped. The agent-based finance and market-microstructure literatures already
show that heterogeneous automated agents can shape liquidity, volatility, and price discovery. How-
ever, these insights are rarely connected to the architecture of contemporary AI systems. Many
recent studies still evaluate AI at the level of isolated tasks such as classification, summarisation, or
signal generation. Questions related to liquidity provision, volatility amplification, and behavioural
correlation therefore remain insufficiently connected to the technical design of modern agentic sys-
tems.
Third, discussions of systemic risk are often disconnected from the micro-structure
of AI systems. Policy-oriented research frequently identifies risks such as model homogeneity,
third-party dependencies, and correlated decision-making. Yet these discussions are rarely grounded
in a clear model of how agentic systems are constructed, how they process information, and how their
outputs translate into financial actions. This limits the ability of both researchers and regulators
to link system-level concerns to specific design choices.
2.3
Theoretical contribution of this paper
Against this background, the objective of this paper is not simply to review emerging research,
but to develop an integrated theoretical framework for what we term agentic finance. The central
contribution is to bridge the gap between the technical design of AI agents and the economic
structure of financial markets.
More specifically, the paper makes three theoretical contributions:
(i) it proposes a modular four-layer architecture of AI financial agents that decomposes agent
systems into data perception, reasoning, strategy generation, and execution with control;
(ii) it develops the AFMM that links micro-level agent design choices to macro-level market
outcomes such as efficiency, liquidity provision, volatility dynamics, herding behaviour, and
market concentration;
(iii) it formulates a set of mechanism-based propositions that connect technical features of agen-
tic systems—such as model heterogeneity, execution coupling, and infrastructure concentra-
tion—to potential financial-system consequences.
The key theoretical move of the paper is therefore to treat AI agents not merely as decision-
support tools but as market actors embedded in shared infrastructures. Once framed in this way,
the relevant analytical variables extend beyond model accuracy or benchmark performance. They
6

include heterogeneity of models and data sources, coupling between decision and execution layers,
concentration of technical infrastructure, the degree of delegated autonomy, and the visibility of
agent behaviour to supervisors.
By explicitly linking these variables to financial market outcomes, the framework developed in
this paper aims to provide a foundation for future empirical research on the economic and systemic
implications of agentic financial systems.
This positioning also helps distinguish the paper from adjacent literatures more sharply. Un-
like review articles on AI or LLMs in finance, the paper does not primarily synthesise task-level
findings. Unlike finance-specific LLM studies, it is not centred on benchmark performance in sum-
marisation, question answering, or prediction. Unlike general agent-architecture papers, it focuses
on finance-specific delegation boundaries, market structure, and governance constraints. Unlike the
classical agent-based finance literature, it does not begin from stylised behavioural trading rules
alone, but from modern AI-enabled decision pipelines embedded in institutions, data infrastruc-
tures, and supervisory regimes. The paper’s intended contribution is therefore conceptual integra-
tion: to connect agent design, institutional deployment, and market-level consequences within a
single finance-oriented analytical framework.
The next section places this framework in historical context. Doing so clarifies why the move
from algorithmic and machine-learning finance to agentic finance is not simply an incremental
improvement in model quality, but a shift in the scope of automation itself.
3
Three Generations of Financial AI: From Algorithmic Finance to
Agentic Finance
Definition 1. Agentic finance refers to financial market settings in which autonomous or semi-
autonomous AI systems participate in information processing, decision support, monitoring, or
execution in ways that are economically relevant for market outcomes.
To understand why AI agents matter in finance, it is useful to locate them within a broader
historical evolution of financial automation. The rise of agentic systems should not be seen as an
isolated technological development, but as the latest stage in a longer transition through which
finance has progressively automated larger portions of the decision process. In this sense, the con-
temporary landscape of financial AI can be interpreted as comprising three generations: algorithmic
finance, machine-learning finance, and agentic finance.
The key distinction across these generations is not simply the sophistication of the underlying
model, but the scope of automation. Earlier systems automated narrowly defined rules or predic-
tive tasks. More recent systems increasingly automate multi-step workflows involving perception,
reasoning, planning, constraint handling, and action. This shift matters because financial decisions
are inherently sequential and institutionally constrained: they require not only forecasting, but also
interpretation, prioritisation, coordination, execution, and monitoring.
3.1
First generation: algorithmic finance
The first generation of financial AI was centred on algorithmic finance. Its defining feature was
the automation of rule-based execution and market interaction. In this paradigm, systems were
designed to follow explicit instructions under pre-specified conditions: for example, splitting orders,
7

optimising execution schedules, or responding to microstructure signals in electronic markets (Avel-
laneda and Stoikov, 2008; Hendershott et al., 2011; Hasbrouck, 2018; Kirilenko et al., 2017). The
economic logic of this generation was primarily operational. Automation improved speed, reduced
execution costs, and enabled more systematic participation in increasingly electronic markets.
Although algorithmic finance transformed market microstructure, its scope remained limited.
These systems did not typically “understand” news, reason over changing objectives, or integrate
heterogeneous information sources. Their intelligence lay in disciplined execution rather than adap-
tive interpretation. In other words, the automated object was the rule, not the broader decision
workflow. This first generation therefore established the infrastructure of automated finance without
yet creating genuinely flexible or context-sensitive decision systems.
3.2
Second generation: machine-learning finance
The second generation can be described as machine-learning finance.
Here the main object of
automation shifted from execution rules to predictive tasks. Financial institutions increasingly used
statistical learning and machine-learning methods for return prediction, volatility forecasting, credit
scoring, fraud detection, portfolio analytics, and risk monitoring (Moody and Saffell, 2001; Heaton
et al., 2017; Betancourt and Chen, 2021; Lopez de Prado, 2020). Relative to the first generation, this
represented a major expansion in analytical capability. Systems were no longer limited to explicit
rules; they could infer patterns from data and generate probabilistic assessments that improved
classification, ranking, forecasting, and portfolio construction.
Yet machine-learning finance was still largely model-centric. Most systems were designed to
produce a signal, score, forecast, or recommendation at a specific point in the workflow. Human
actors remained responsible for integrating that output into a broader sequence of tasks: gath-
ering contextual information, interpreting significance, checking constraints, and deciding how or
whether to act. Even when machine-learning models were highly accurate on narrow tasks, they
did not themselves manage the end-to-end process through which financial actions are generated
and implemented. Their contribution was therefore substantial, but still partial.
3.3
Third generation: agentic finance
The third generation, now emerging, is agentic finance.
In this generation, AI systems extend
beyond isolated prediction or execution tasks and begin to operate across a larger portion of the
financial workflow. Advances in large language models, retrieval systems, planning modules, memory
architectures, and tool-using agents have made it increasingly feasible to build systems that can
absorb heterogeneous inputs, reason across intermediate steps, coordinate external tools, maintain
state over time, and recommend or initiate actions in sequential environments (Yao et al., 2023;
Park et al., 2023; Xi et al., 2023).
What distinguishes agentic finance from earlier generations is therefore not only improved in-
telligence, but workflow integration. An agent is not merely a forecasting model or an execution
algorithm.
It is a goal-directed system that can transform inputs into market-relevant decision
objects under explicit objectives and constraints. In financial contexts, those decision objects may
include trade ideas, portfolio reallocations, anomaly alerts, hedging proposals, compliance flags,
or monitoring outputs. The critical point is that the system participates in the chain that links
information to action.
8

This broader scope also changes the risk profile of AI in finance. In algorithmic finance, the main
concerns centred on execution speed, market impact, and microstructure instability. In machine-
learning finance, concerns expanded to include model risk, overfitting, and interpretability.
In
agentic finance, these issues remain relevant, but they are joined by additional concerns related to
autonomy, coordination, infrastructure dependence, control loss, and the possibility of correlated
system behaviour across institutions. As a result, the analytical challenge is no longer simply to
ask whether AI improves local task performance. It is to ask how different forms of agentic design
may reshape financial workflows and, ultimately, market dynamics.
3.4
From model-centric automation to workflow-centric automation
The transition across the three generations can be summarised as a shift from rule automation, to
prediction automation, to workflow automation. This framing is important because it clarifies why
agentic finance deserves separate analytical treatment. If AI systems increasingly operate across
multiple stages of financial decision-making, then the relevant unit of analysis is no longer the
isolated model, but the agent system as a structured combination of data perception, reasoning,
strategy formation, and execution.
Traditional
discretionary
finance
→
Rule-based
algorithmic
finance
→
Machine-learning
assisted
finance
→
Agentic
finance
Figure 1: Three generations of financial AI: from rule-based execution to agentic financial systems.
Figure 1 illustrates this progression. The figure is intentionally stylised: in practice, the three
generations overlap, and institutions often combine them within the same workflow. A modern
financial system may still rely on algorithmic execution, machine-learning forecasts, and agentic
reasoning simultaneously. Nevertheless, the generational framing is analytically useful because it
highlights a real transformation in the locus of automation. The central question is no longer whether
AI can assist a narrow financial task, but how increasingly agentic systems alter the structure of
financial decision-making itself.
This conceptual distinction motivates the next section.
If agentic finance represents a shift
toward workflow-centric automation, then the first task is to specify the internal structure of such
systems. The following section therefore develops a modular architecture of AI financial agents
and identifies the components through which they perceive information, reason under constraints,
generate financial decision objects, and interact with execution and control infrastructures.
4
A Four-Layer Architecture of AI Financial Agents
The emergence of agentic finance requires a more explicit description of how AI systems are struc-
tured inside financial decision workflows. Existing research often focuses on isolated components
such as forecasting models, language models, or execution algorithms. However, once AI systems
operate across multiple stages of financial decision-making, the relevant unit of analysis is no longer
the individual model but the agent system that integrates perception, reasoning, strategy formation,
and execution.
9

Layer 1: Data Perception
Market data; filings; news; social and macro signals; blockchain state; internal risk, compli-
ance, and portfolio data.
⇓
Layer 2: Reasoning Engine
Domain LLMs, retrieval systems, forecasting models, optimisation modules, memory, rank-
ing, and scenario analysis.
⇓
Layer 3: Strategy Generation
Trade ideas, allocation proposals, anomaly alerts, hedging recommendations, compliance
flags, and explanatory narratives.
⇓
Layer 4: Execution and Control
OMS/EMS systems, APIs, smart contracts, approval workflows, limit frameworks, audit
logs, monitoring, and emergency stop mechanisms.
Figure 2: A four-layer architecture for AI agents in financial markets.
This section therefore introduces a modular architecture for AI financial agents. The framework
decomposes agent systems into four layers: data perception, reasoning, strategy generation, and
execution with control. Each layer corresponds to a distinct stage in the transformation of raw
information into market-relevant actions.
The purpose of this architecture is not to prescribe a single implementation. Rather, it provides a
conceptual decomposition that allows different institutional designs to be analysed within a common
framework. The key analytical advantage of this approach is that it separates the cognitive functions
of financial AI from the institutional controls that govern their use.
4.1
Layer 1: Data perception
The first layer concerns how financial agents perceive and organise information.
Financial en-
vironments are characterised by unusually heterogeneous data structures. Relevant signals may
include high-frequency market prices, order-book dynamics, company disclosures, regulatory filings,
earnings-call transcripts, macroeconomic releases, social-media signals, blockchain transaction flows,
and internal portfolio data.
The primary challenge at this stage is not only data ingestion but also data governance. Financial
information differs in latency, reliability, legal access rights, and economic interpretation. A market
data feed may update thousands of times per second, whereas accounting information may change
quarterly. Similarly, some information sources are public, while others are proprietary or subject to
regulatory restrictions.
Consequently, the perception layer must perform several tasks simultaneously: data normali-
sation, timestamp alignment, provenance tracking, and access control. These functions determine
which signals an agent can observe and how quickly it can respond to them. In practice, the design
of this layer strongly shapes the informational advantage of financial agents, because differences in
data pipelines often translate directly into differences in market responsiveness.
10

4.2
Layer 2: Reasoning engine
The second layer transforms perceived information into intermediate beliefs, forecasts, and expla-
nations. This layer constitutes the cognitive core of the agent system.
In modern financial AI systems, the reasoning layer is rarely implemented as a single model.
Instead, it typically combines multiple analytical components.
Large language models provide
capabilities for interpreting unstructured text such as filings, news, and regulatory documents. Re-
trieval systems enable agents to access historical context or domain knowledge. Statistical models
and machine-learning algorithms generate forecasts of returns, volatility, credit risk, or liquidity
conditions. Optimisation modules translate these forecasts into feasible portfolio or trading config-
urations.
Recent developments in language-model agents further extend these capabilities by enabling
sequential reasoning, planning, and tool usage (Yao et al., 2023; Park et al., 2023; Xi et al., 2023). In
such systems, the reasoning engine can break complex tasks into intermediate steps, query external
data sources, evaluate alternative hypotheses, and maintain internal memory across interactions.
For financial decision-making, this hybrid design is particularly important because no single model
type is sufficient to address the full range of analytical tasks involved.
4.3
Layer 3: Strategy generation
The third layer converts analytical outputs into decision objects. A decision object is a structured
representation of a potential financial action together with the constraints and reasoning that justify
it. Examples include trade proposals, portfolio reallocations, hedging strategies, anomaly alerts,
compliance flags, or monitoring signals.
This concept is important because it clarifies the role of AI agents in financial workflows. Rather
than producing isolated predictions, agent systems generate decision objects that integrate infor-
mation, reasoning, and institutional constraints. For example, a trading agent may produce a trade
idea together with a confidence score, risk estimate, liquidity assessment, and explanation derived
from recent news or macro events.
Strategy generation is therefore the stage at which analytical insight becomes economically
meaningful. At this stage, the agent must reconcile forecasts with practical constraints such as
portfolio mandates, liquidity limits, regulatory requirements, and transaction costs. The design
of this layer determines whether the agent functions primarily as a research assistant, a portfolio
co-pilot, or a more autonomous decision system.
4.4
Layer 4: Execution and control
The final layer connects decision objects to financial infrastructure.
This layer includes order-
management systems, execution-management systems, exchange APIs, smart-contract interactions,
and other operational interfaces through which financial actions are implemented.
However, execution is not purely technical. It is also the point at which institutional control
becomes critical. Financial institutions must ensure that AI-driven decisions remain consistent with
risk limits, legal obligations, and governance frameworks. As a result, the execution layer typically
incorporates approval workflows, position limits, audit trails, monitoring systems, and emergency
stop mechanisms.
11

The presence of these controls means that most real-world financial agents operate under bounded
autonomy. Agents may generate recommendations or initiate actions within predefined limits, but
human oversight remains responsible for escalation decisions and exceptional situations. From a sys-
temic perspective, the design of the execution layer is particularly important because it determines
how quickly agent decisions propagate into market activity.
4.5
Design dimensions
While the four-layer architecture describes the internal structure of financial agents, the broader
theoretical implications of agentic finance depend on several design dimensions that cut across
these layers. These dimensions serve as the key primitives in the Agentic Financial Market Model
(AFMM) developed later in the paper.
• Autonomy depth. The extent to which agents can act without human approval. Some
systems only generate analytical summaries, while others can initiate trades or rebalance
portfolios within predefined constraints.
• Model heterogeneity. The diversity of models, prompts, and data sources used by different
agents. Higher heterogeneity may increase informational diversity, while strong homogeneity
may create correlated behaviour across institutions.
• Execution coupling. The degree to which multiple agents respond to similar signals on
similar timescales. Strong coupling may increase the speed of price discovery but can also
amplify market volatility.
• Infrastructure concentration. The extent to which agents rely on shared cloud platforms,
model providers, APIs, or data vendors. High concentration introduces potential systemic
dependencies.
• Supervisory observability. The ability of internal control teams or regulators to recon-
struct the decision path of AI agents, including inputs, intermediate reasoning steps, and
executed actions.
Together, these dimensions connect micro-level system design to macro-level financial outcomes.
They provide the analytical bridge between the architecture described in this section and the market-
level framework introduced in the next section.
5
The Agentic Financial Market Model (AFMM)
The preceding sections introduced two key elements of agentic finance: the generational transition
toward workflow-level automation and the internal architecture of AI financial agents. The next
step is to connect these micro-level design features to market-level outcomes. This section therefore
introduces the Agentic Financial Market Model (AFMM), a conceptual framework that links the
distribution and interaction of AI agents to financial market dynamics.
The AFMM can be interpreted as a stylised agent-based representation of financial markets
populated by heterogeneous AI-enabled decision systems. It is not a calibrated simulation model
12

and it is not a fully solved equilibrium model. Rather, it is an analytical skeleton designed to isolate
the mechanisms through which heterogeneous agent architectures may shape market outcomes.
The objective of the AFMM is not to produce a fully specified equilibrium model, but rather to
identify the key mechanisms through which agentic systems influence market behaviour. In partic-
ular, the model focuses on how differences in autonomy, model diversity, execution synchronisation,
infrastructure dependencies, and supervisory control interact to shape market efficiency, liquidity
resilience, volatility, and systemic risk.
5.1
Model intuition
The central intuition of the AFMM is that the market impact of AI agents depends less on their
individual intelligence and more on how they are distributed, coupled, and governed across the
financial system.
A market populated by heterogeneous agents drawing on diverse models, data sources, and ob-
jectives may enhance price discovery by increasing informational diversity. In contrast, a market in
which many institutions rely on highly similar agents, trained on overlapping datasets and connected
to the same technological infrastructure, may produce correlated responses to common signals. Un-
der such conditions, even locally optimal decisions can aggregate into market-wide instability.
The AFMM therefore shifts the focus from individual model performance to the population struc-
ture of agents. In this perspective, financial markets increasingly resemble ecosystems of interacting
human and machine decision-makers embedded in shared infrastructures.
Agent Design
Parameters
A Autonomy depth
H Model heterogeneity
C Execution coupling
V Infrastructure
concentration
S Supervisory
observability
→
Market Interaction
Information
aggregation
Agent coordination
Feedback dynamics
→
Market Outcomes
Efficiency (E)
Liquidity (L)
Volatility (W)
Systemic Risk (R)
Figure 3: Conceptual structure of the Agentic Financial Market Model (AFMM).
Figure 3 summarises the conceptual structure of the AFMM. Agent design parameters determine
how agents process information and interact in markets, which in turn shapes aggregate market
outcomes.
5.2
Agent population and primitives
Consider a market with N participants indexed by i = 1, . . . , N. A subset of these participants
employ AI agents as part of their financial decision workflow. For each AI-enabled participant,
define the following design variables:
13

Ai ∈[0, 1]
autonomy depth,
(1)
Hi ∈[0, 1]
model and data heterogeneity,
(2)
Ci ∈[0, 1]
execution coupling to common signals,
(3)
Vi ∈[0, 1]
vendor or infrastructure concentration exposure,
(4)
Si ∈[0, 1]
supervisory observability and control capacity.
(5)
These variables correspond directly to the design dimensions introduced in the architecture
framework of Section 4.
• Autonomy depth (Ai).
The degree to which an agent can initiate or execute actions
without human intervention.
• Model heterogeneity (Hi). The diversity of models, data pipelines, prompts, and objec-
tives across agents.
• Execution coupling (Ci). The extent to which agents respond to similar signals on similar
timescales.
• Infrastructure concentration (Vi).
The dependence of agents on common upstream
providers such as cloud platforms, model vendors, data feeds, or middleware.
• Supervisory observability (Si). The ability of institutions or regulators to reconstruct
and intervene in the decision paths of agents.
Let market-level outcomes be represented by the following variables:
E = informational efficiency,
(6)
L = liquidity resilience,
(7)
W = volatility or instability,
(8)
R = systemic risk.
(9)
These outcomes capture the primary dimensions along which agentic finance may influence
market structure.
5.3
Agent decision function
To connect agent design parameters to market behaviour, we introduce a stylised representation of
the decision process of AI-enabled financial agents.
At each time t, agent i observes a vector of market signals
Xt = (Pt, Zt, Nt),
where Pt denotes asset prices, Zt represents macro or market state variables, and Nt captures textual
or informational signals such as news or disclosures.
14

Given these inputs, the agent produces a decision object Di,t through a decision function
Di,t = gi(Xt; Ai, Hi, Ci, Vi, Si),
(10)
where gi(·) represents the internal reasoning pipeline of the agent.
This function abstracts the
layered architecture described earlier in the paper, combining data perception, reasoning, strategy
generation, and execution constraints.
The parameters (Ai, Hi, Ci, Vi, Si) influence the properties of this decision rule. Higher autonomy
depth (Ai) allows the agent to initiate actions with fewer human approval constraints. Greater het-
erogeneity (Hi) reflects diversity in models, training data, and objectives across agents. Execution
coupling (Ci) captures the extent to which agents respond to common signals or triggers. Infras-
tructure concentration (Vi) represents reliance on shared technological providers, while supervisory
observability (Si) captures institutional control capacity and monitoring visibility.
The output Di,t may correspond to various financial actions, including trade instructions, port-
folio rebalancing proposals, risk alerts, or monitoring signals.
Because financial agents do not always execute their recommendations directly, it is useful to
distinguish between a decision object and its realised market action. Let the realised action be
qi,t = Λi(Di,t; Ai, Si),
(11)
where Λi(·) maps decision objects into executed actions through approval rules, limits, supervisory
checks, and other institutional controls.
This distinction is important because two agents may
generate similar internal recommendations while differing sharply in the speed or scale with which
those recommendations reach the market.
To capture the possibility of correlated machine-mediated behaviour, define the average similar-
ity of realised actions as
ρt =
2
N(N −1)
X
i<j
corr(qi,t, qj,t),
(12)
where higher ρt corresponds to greater synchronisation in realised actions.
In the spirit of the
AFMM, ρt should be increasing in execution coupling and common infrastructure dependence, and
decreasing in model heterogeneity. In reduced form, this implies
ρt = ψ( ¯Ct, 1 −¯Ht, ¯Vt).
(13)
5.4
Market aggregation
Market outcomes emerge from the aggregation of realised rather than merely recommended actions.
The aggregate market action can therefore be written as
Qt =
N
X
i=1
wiqi,t,
(14)
where wi represents the market weight or trading capacity of participant i.
Asset prices and liquidity conditions evolve as a function of the aggregate order flow:
Pt+1 = F(Pt, Qt, Xt),
(15)
15

where F(·) captures the market impact of aggregated decisions under prevailing market condi-
tions.
More generally, the market state evolves according to
Xt+1 = T(Xt, Qt, εt+1),
(16)
where εt+1 denotes exogenous news and liquidity shocks. The AFMM is therefore explicitly dynamic:
agent design affects realised actions, realised actions affect market states, and updated market states
feed back into future agent decisions.
This representation highlights a key feature of agentic finance: market dynamics depend not
only on individual decision quality but also on the correlation structure of agent decisions. When
many agents rely on similar models, signals, or infrastructure, the resulting decisions may become
highly correlated, amplifying market reactions.
In this sense, the AFMM focuses on how the joint distribution of agent design parameters
(Ai, Hi, Ci, Vi, Si) shapes the statistical properties of the aggregate decision process Qt through
both the scale of realised actions and the correlation structure summarised by ρt.
5.5
Market interaction mechanisms
The AFMM assumes that market outcomes emerge from the interaction between the cross-sectional
distribution of agent design parameters and the prevailing market environment.
In reduced form, market-level outcomes can be written as:
E = fE( ¯A, ¯H, ¯S, X),
(17)
L = fL( ¯A, ¯H, ρ, ¯V , X),
(18)
W = fW ( ¯A, ρ, ¯V , 1 −¯S, X),
(19)
R = fR( ¯A, ρ, ¯V , 1 −¯H, 1 −¯S, X),
(20)
where bars denote market-level averages or concentration-weighted aggregates and X represents
exogenous market conditions such as macroeconomic shocks or liquidity stress.
The qualitative logic underlying these relationships can be summarised as follows.
First, greater autonomy increases the speed and scale of market reactions.
While this may
enhance efficiency under normal conditions, it may also amplify rapid feedback loops during periods
of stress.
Second, greater heterogeneity across models and data pipelines increases informational diversity.
This tends to improve price discovery by ensuring that agents interpret signals differently rather
than converging on a single dominant narrative.
Third, strong execution coupling increases the probability of synchronous reactions. When many
agents respond to similar signals at similar times, market reactions may become highly correlated,
pushing ρt upward.
Fourth, dependence on common technological infrastructure introduces common-mode failure
risk.
If many institutions rely on the same upstream providers, outages or model failures may
propagate simultaneously across the system and increase the effective similarity of realised actions
even when institutions appear organizationally distinct.
16

Finally, strong supervisory observability acts as a stabilising force by enabling effective moni-
toring, intervention, and governance.
5.6
Core propositions
The AFMM generates several qualitative propositions about the behaviour of agentic financial
markets.
Proposition 1. Holding other factors constant, greater heterogeneity in models, data sources, and
decision objectives increases the likelihood that AI agents contribute positively to price discovery
rather than merely reinforce common narratives.
Proposition 2. Holding other factors constant, stronger execution coupling increases the probability
that local decision improvements translate into market-wide herding, episodic liquidity withdrawal,
and volatility amplification.
Proposition 3. Systemic risk rises non-linearly when increases in autonomy depth and infras-
tructure concentration outpace improvements in supervisory observability and institutional control
capacity.
5.7
From theoretical propositions to empirical hypotheses
Although the AFMM is primarily conceptual, its structure naturally suggests empirical hypotheses
that can be tested using market data or simulation environments.
Hypothesis 1. Public capability disclosures about agentic AI generate heterogeneous market repric-
ing across firms whose revenues or operating costs are differentially exposed to workflow substitution
and legacy modernization.
Hypothesis 2. Agentic systems generate larger performance gains in information-intensive ana-
lytical tasks than in fully autonomous real-time trading tasks where execution constraints dominate.
Hypothesis 3. Common upstream technological dependencies are associated with higher cross-
institution similarity in AI-generated market responses.
5.8
Why the AFMM matters
The AFMM strengthens the theoretical contribution of this paper in two ways. First, it transforms
the architectural framework of Section 4 into a mechanism-based explanation of market dynamics.
Rather than treating AI adoption as a purely technological phenomenon, the model highlights the
systemic consequences of agent design choices.
Second, the AFMM creates a bridge between conceptual analysis and empirical research. By
expressing market outcomes as functions of agent design parameters, the framework provides a
structure within which future empirical studies can test how different configurations of agentic
finance influence market efficiency, volatility, and systemic stability.
17

6
Applications of AI Agents in Finance
While the AFMM provides a conceptual framework for understanding how AI agents may influ-
ence market outcomes, the practical significance of agentic finance ultimately depends on how these
systems are deployed in real financial activities. In practice, AI agents rarely operate as fully au-
tonomous decision-makers. Instead, they function as bounded agents embedded within institutional
workflows, where human oversight, regulatory constraints, and risk controls remain central.
This section maps the architecture and theoretical mechanisms developed earlier to several major
application domains. The goal is not to predict a single dominant trajectory of adoption, but to
illustrate how agentic systems may augment financial decision processes across trading, portfolio
management, risk monitoring, and decentralised finance ecosystems.
6.1
Autonomous trading
Trading is the most natural domain for the deployment of AI agents because it already relies heavily
on automated infrastructure such as algorithmic execution systems, market data pipelines, and
order management platforms. However, the transition from algorithmic trading to agentic trading
primarily concerns workflow integration rather than complete autonomy.
In traditional algorithmic trading systems, strategies are typically predefined and executed
through rule-based engines. AI agents extend this architecture by integrating multiple tasks within
a single decision pipeline. For example, an agent may simultaneously monitor news flows, interpret
macroeconomic signals, update forecasts, and generate candidate trade instructions. The agent can
then pass proposed orders through execution algorithms subject to risk limits and compliance filters.
In practice, most institutions are likely to adopt bounded autonomy models in which AI agents
assist with signal synthesis, order preparation, and post-trade analysis rather than initiating large-
scale autonomous trading. Such designs reduce operational risk while still allowing agents to improve
reaction speed and information processing capacity.
Recent developments in LLM-based trading frameworks illustrate this shift toward agentic work-
flows. Multi-agent trading environments allow different agents to specialise in forecasting, portfolio
construction, and risk monitoring, while interacting through structured communication protocols
(Yang et al., 2023; Xiao et al., 2025). These architectures resemble distributed research teams rather
than single autonomous traders.
Within the AFMM framework, trading applications are particularly sensitive to the parameters
of autonomy depth (A) and execution coupling (C). High autonomy combined with strong signal
coupling could amplify synchronous reactions across institutions, potentially contributing to episodic
volatility events similar to those observed in earlier algorithmic trading episodes (Kirilenko et al.,
2017).
6.2
Portfolio management
In portfolio management, the most plausible role for AI agents is not full automation but research
augmentation. Asset allocation decisions involve complex trade-offs between macroeconomic ex-
pectations, valuation models, institutional mandates, and client preferences. These tasks require
structured reasoning, scenario construction, and narrative explanation—areas where large language
models and agentic workflows can provide meaningful assistance.
18

AI agents can support portfolio managers by synthesising large volumes of heterogeneous in-
formation, including macroeconomic releases, corporate disclosures, earnings calls, and geopolitical
developments. Instead of producing simple predictions, agents can generate structured research
outputs such as investment memos, scenario analyses, and portfolio stress tests.
Another promising application lies in scenario generation and probabilistic reasoning. Agents
can construct multiple hypothetical macroeconomic trajectories and evaluate how different asset
classes may perform under alternative policy or market conditions. Such capabilities align closely
with the reasoning and planning modules typical of agentic architectures.
Importantly, the fiduciary nature of asset management imposes strong constraints on autonomy
depth. Most portfolio decisions require explicit human approval, meaning that agents primarily
function as co-pilot systems rather than independent allocators. In the AFMM framework, this
corresponds to relatively low values of A but potentially high values of informational heterogeneity
(H), which may enhance the diversity of analytical perspectives available to portfolio managers.
6.3
Risk monitoring and compliance
Risk management and compliance monitoring represent one of the most immediately impactful
domains for AI agents in finance. Financial institutions already operate extensive monitoring sys-
tems for market risk, credit exposure, operational risk, and regulatory compliance. However, these
systems often rely on static rule sets or manually maintained indicators.
Agentic systems can enhance these monitoring frameworks by continuously analysing transaction
flows, market data, and internal control signals in real time. AI agents can detect anomalous pat-
terns, flag suspicious transactions, or identify emerging liquidity stress before traditional indicators
trigger alerts.
From a regulatory perspective, the ability of AI agents to process large volumes of heterogeneous
information may improve the timeliness and granularity of risk detection (Aldasoro et al., 2024). For
example, agents could monitor market microstructure indicators, news flows, and funding conditions
simultaneously to identify early signs of systemic stress.
However, the deployment of AI agents in compliance settings raises important governance chal-
lenges. False positives may generate excessive alerts, while opaque decision processes may com-
plicate accountability. These concerns highlight the importance of supervisory observability (S)
within the AFMM. Institutions must ensure that AI-generated alerts can be audited, interpreted,
and challenged by human supervisors.
More broadly, AI agents may play an important role in the supervision of financial markets
themselves. Regulators are increasingly exploring AI tools to monitor trading behaviour, detect
market manipulation, and analyse systemic risk indicators across multiple institutions (Crisanto
et al., 2024; Aquilina et al., 2025).
6.4
DeFi and on-chain intelligence
Decentralised finance (DeFi) ecosystems provide a particularly fertile environment for AI agents be-
cause financial activity on blockchains generates large volumes of publicly observable data. Transac-
tions, liquidity flows, governance proposals, and smart contract interactions are recorded on-chain,
creating rich datasets for automated analysis.
19

AI agents can analyse blockchain data to trace wallet activity, detect unusual trading behaviour,
or monitor governance dynamics in decentralised protocols. For example, agents may track large
liquidity movements across decentralised exchanges, identify emerging arbitrage opportunities, or
evaluate the security risks of newly deployed smart contracts.
Another important application lies in the monitoring of decentralised governance processes. AI
agents can analyse proposal discussions, voting behaviour, and token distributions to assess the
likelihood of governance capture or coordinated manipulation.
The integration of AI agents with DeFi protocols also enables new forms of automated financial
services. Agents may dynamically allocate liquidity across decentralised lending platforms, manage
collateral positions, or monitor liquidation risks in real time.
Because DeFi protocols operate
continuously and transparently, such agents can interact directly with smart contracts without the
operational frictions typical of traditional financial infrastructure.
Within the AFMM framework, DeFi applications illustrate the interaction between high auton-
omy depth (A) and fragmented infrastructure. While blockchain transparency increases observabil-
ity, fragmented liquidity across multiple protocols may create new forms of execution coupling and
systemic fragility.
Table 1 summarises the main application domains of AI agents in finance, highlighting typical
tasks, autonomy levels, and institutional constraints. Together, these examples illustrate that the
most significant impact of agentic finance may arise not from fully autonomous decision systems
but from the gradual integration of AI agents into existing financial workflows.
Use case
Typical agent tasks
Likely autonomy
level
Main constraints
Autonomous trading
Signal synthesis, news
interpretation, order
preparation, post-trade
analysis
Medium in narrow
mandates
Latency, slippage, best
execution, manipulation
risk
Portfolio
management
Macro synthesis, memo
generation, allocation
suggestions, scenario
analysis
Low to medium
Fiduciary duty, mandate
constraints, explainability
Risk and compliance
Alerting, anomaly
detection, policy
mapping, transaction
surveillance
Medium for triage
False positives,
accountability, due process
DeFi intelligence
Wallet tracing,
governance monitoring,
liquidity mapping,
contract-event screening
Medium
Data noise, oracle risk,
fragmented venues
Table 1: Application map for AI agents in finance.
Across these domains, a common pattern emerges. The immediate economic impact of agentic
finance is likely to come less from fully autonomous market actors than from the gradual recon-
figuration of research, monitoring, execution, and control workflows inside existing institutions.
That pattern is precisely why governance becomes central. Once agentic systems are embedded in
material financial processes, the key question is no longer whether they improve local tasks, but
20

whether their delegation boundaries, infrastructure dependencies, and oversight mechanisms are
robust enough for system-wide adoption.
7
Governance and Regulation of Agentic Finance
The emergence of agentic finance raises important governance and regulatory questions.
While
previous waves of financial automation primarily affected trading infrastructure, AI agents operate
at the level of decision workflows. As a result, they may influence not only market efficiency but
also the transparency, accountability, and stability of financial systems.
The governance problem in agentic finance is therefore not whether AI should be used, but
under what institutional conditions delegation remains safe, auditable, and socially acceptable.
This section discusses the governance challenges associated with agentic systems, outlines potential
policy responses, and derives a set of governance principles implied by the AFMM framework.
7.1
Governance challenges of agentic finance
The increasing deployment of AI agents introduces several governance challenges for financial insti-
tutions and regulators.
First, the use of autonomous or semi-autonomous agents complicates the attribution of re-
sponsibility. When decisions emerge from interactions among multiple models, data sources, and
optimisation modules, identifying the origin of an error or unexpected market outcome becomes
more difficult. This raises important questions regarding accountability, auditability, and model
governance.
Second, AI agents may increase the opacity of financial decision processes.
Complex model
pipelines and adaptive learning systems can make it difficult for supervisors to reconstruct the
reasoning behind specific decisions. Regulatory frameworks therefore increasingly emphasise ex-
plainability and traceability in AI-enabled financial systems (Financial Stability Board, 2024).
Third, the concentration of technological infrastructure introduces new forms of systemic risk.
Many financial institutions rely on common upstream providers for cloud computing, foundation
models, data services, or trading infrastructure. If a large number of AI agents depend on similar
models or APIs, failures in these shared components may propagate across the financial system.
Fourth, AI agents may accelerate the speed of market reactions.
While faster information
processing can improve efficiency, it may also amplify feedback loops during periods of stress. These
dynamics resemble earlier concerns about high-frequency trading, but may operate at a broader scale
because agentic systems integrate information processing, reasoning, and decision-making in a single
pipeline.
Within the AFMM framework, these governance issues correspond directly to the model pa-
rameters of infrastructure concentration (V ), supervisory observability (S), and execution coupling
(C). Effective governance therefore requires institutional mechanisms that maintain sufficient ob-
servability and control as agent autonomy increases.
7.2
Policy responses and supervisory strategies
Regulators and international organisations have begun to address the implications of AI adoption
in financial markets. Recent policy discussions emphasise several supervisory strategies.
21

In Europe, several recent regulations provide partial legal anchors for this agenda even though
none was designed specifically for agentic finance. The Digital Operational Resilience Act (DORA)
strengthens requirements around operational resilience, ICT risk management, and oversight of
critical third-party technology providers (European Union, 2022). The Markets in Crypto-Assets
Regulation (MiCA) shows how digital-asset infrastructures are increasingly being brought within
explicit governance, disclosure, and conduct frameworks (European Union, 2023).
The EU AI
Act extends this trajectory by imposing risk-based obligations around high-impact AI systems,
documentation, monitoring, and human oversight (European Union, 2024). Recent practitioner-
oriented work on agentic investment firms points in a similar direction by stressing that architectural
delegation, compliance automation, and supervisory integration must be designed together rather
than treated as separate afterthoughts (Joshi, 2026).
Taken together, these frameworks do not
yet solve the governance problem of agentic finance, but they illustrate the direction of travel:
resilience, traceability, outsourcing dependence, and human accountability are moving from soft
principles toward harder institutional requirements.
First, institutions are expected to implement robust model governance frameworks that docu-
ment training data, model architecture, and decision logic. Such documentation helps ensure that
AI-driven decisions remain auditable and accountable.
Second, supervisory authorities may require financial firms to maintain human-in-the-loop con-
trols for high-impact financial decisions. In most jurisdictions, full delegation of fiduciary decisions
to autonomous AI systems remains unlikely in the near term.
Third, regulators increasingly monitor technological concentration risks arising from shared in-
frastructure. If many institutions rely on the same cloud providers, model vendors, or data pipelines,
operational failures could generate correlated disruptions across the financial system.
Fourth, AI systems themselves may become tools for financial supervision. Regulatory authori-
ties are exploring AI-driven monitoring systems capable of analysing market data, transaction flows,
and textual information to detect emerging risks in real time (Aldasoro et al., 2024; Aquilina et al.,
2025).
These developments suggest that financial stability outcomes will depend not only on techno-
logical adoption but also on the co-evolution of institutional governance and supervisory oversight.
7.3
Governance principles for agentic finance
The AFMM framework implies a set of governance principles that can guide the safe deployment
of AI agents in financial markets.
P1: Bounded autonomy. Delegation to AI agents should depend on the materiality, re-
versibility, and legal consequences of decisions. High-impact financial actions should re-
main subject to human approval.
P2: Traceability and auditability.
AI-generated outputs should be linked to verifiable
records of data sources, model versions, prompts, and execution instructions. Such trace-
ability is essential for accountability and regulatory review.
P3: Diversity by design.
Institutions should actively monitor concentration in models,
datasets, and technological infrastructure. Maintaining diversity in analytical approaches
reduces the risk of correlated errors.
22

P4: Embedded intervention capacity. Agentic systems should incorporate built-in control
mechanisms such as approval gates, exposure limits, and emergency shutdown procedures.
P5: Supervisory co-evolution. Regulators may need to deploy AI-enabled monitoring sys-
tems of their own. As financial institutions adopt agentic systems, supervisory technologies
must evolve to maintain effective oversight.
These principles follow directly from the AFMM. When autonomy depth (A), execution coupling
(C), and infrastructure concentration (V ) increase, supervisory observability (S) must increase
correspondingly to preserve systemic stability.
The next section takes this argument one step further by asking how the agentic-finance frame-
work can be examined empirically. Rather than attempting a full structural test, it develops a
compact event-study design that links public capability disclosures to market repricing.
8
Empirical Research Design
The objective of this section is narrower than the ambition of the full paper. The AFMM in Section 5
is a conceptual model linking agent architecture to market structure and systemic outcomes. A
single empirical exercise cannot test that entire framework. What it can do is isolate one observable
implication: if public information changes beliefs about what AI agents can do, firms whose revenues
or cost structures are tied to those capabilities should be repriced differently. The empirical purpose
of this section is therefore to show how the broader arguments developed in Sections 4, 6, and 7 can
be translated into a tractable finance-style design using public data.
8.1
Empirical objective and economic mechanism
This section develops an illustrative empirical application focused on AI-agent capability shocks:
public disclosures that shift market beliefs about the scope, speed, and workflow relevance of agentic
AI. The mechanism of interest is an expectations channel. When a credible capability disclosure
suggests that agentic systems can accelerate legacy-code renovation, automate parts of software
modernization, or reduce the cost of technical migration, investors should update expected future
cash flows differently across firms.
This mechanism is tightly connected to the central theme of the paper. The architecture discus-
sion in Section 4 argues that agentic systems matter because they combine perception, reasoning,
planning, and tool use within end-to-end workflows. The applications discussion in Section 6 shows
that such systems can augment or substitute for specific financial and operational tasks. The sys-
temic question is therefore not only whether model quality improves, but which business models
become more valuable or more vulnerable when agentic capability becomes more credible. The
application examines that question through secondary-market prices.
Early 2026 provides a tractable setting. Public materials from Anthropic highlighted agentic
code-modernisation workflows, especially COBOL migration and legacy-system renovation use cases
(Anthropic, 2025, 2026b,a). Anthropic’s March 5, 2026 research note then introduced the idea of
observed exposure, explicitly distinguishing realised usage from theoretical capability and showing
that market expectations may move faster than observable labour-market outcomes (Massenkoff and
McCrory, 2026). Contemporaneous reporting further suggests that these disclosures were associated
23

with sharp repricing in firms connected to legacy-code modernisation (Reuters, 2026).
For the
purposes of this paper, the importance of these events is not that they prove widespread deployment.
Rather, they provide a clean setting in which to study how capability news is transmitted into
market valuations. In the event calendar used for the empirical application, the February 23, 2026
CNBC coverage is retained as a media-amplification date, but it is not tabulated separately because
it overlaps tightly with the February 24 market-validation window and would otherwise double-
count the same information shock. A fuller implementation could nevertheless use February 23 as
a robustness event or cluster it jointly with February 24.
8.2
Research question, sample construction, and exposure taxonomy
The empirical question can be stated as follows:
How do public disclosures about agentic AI capabilities affect the valuation of firms with
different exposures to legacy modernisation, workflow substitution, and financial-sector
technology debt?
To answer this question, the sample is organised into three economically meaningful groups.
The first group contains legacy-service vendors: firms whose revenues are plausibly linked to legacy
maintenance, mainframe support, or large-scale modernization consulting. The second group con-
tains legacy-heavy financial users: listed firms in banking, insurance, and payments whose operating
environments may depend on older core systems. The third group is a control portfolio of large
software and infrastructure firms that are adjacent to the same technology ecosystem but are not
obviously centred on legacy-code dependence.
This taxonomy matters for the finance theme of the paper. In banking, insurance, and payments,
COBOL and mainframe dependence remain economically relevant because core transaction systems,
policy administration, payments processing, and settlement infrastructure are difficult to replace
quickly. A capability shock that makes modernization more credible may therefore have opposite
implications across firms. For incumbent service vendors, it may imply revenue pressure or margin
compression. For legacy-heavy users, it may imply lower future migration costs, lower technology
debt, or improved operating flexibility.
The implementation begins from a 32-name seed universe and retains 31 firms in the final event-
study sample.
The three retained groups are eight legacy-service vendors, sixteen legacy-heavy
financial users, and seven control software or infrastructure firms.
Fiserv (FI) was part of the
initial seed universe but was excluded from the final event-study sample because the public daily-
price endpoint used in the reproducibility pack did not provide a sufficiently stable history over
the relevant estimation and event windows. This distinction between the seed universe and the
final estimation sample matters for replication and is reported explicitly because the reduced-form
cross-sectional results are based on the 31-firm sample rather than the larger candidate list.
8.3
Variables and model specification
The key firm-level explanatory variable is a filing-based legacy-modernization score constructed
from SEC disclosures:
LegacyExposurei =
X
k∈K
wk · fik,
24

Sample layer
N
Firms in the final event-study sample
Legacy-service vendors
8
IBM, KD, DXC, ACN, CTSH, EPAM, GIB, ORCL
Legacy-heavy financial users
16
JPM, BAC, C, WFC, USB, PNC, AXP, COF, AIG, MET,
PRU, TRV, FIS, GPN, ACIW, JKHY
Control software/infrastructure firms
7
MSFT, AMZN, NOW, CRM, ADBE, INTU, SNOW
Table 2: The 31-firm event-study sample used in the empirical application. The initial seed universe
also contained Fiserv (FI), which was excluded because the public market-data endpoint used for the
reproducibility pack did not provide a stable history for the relevant estimation and event windows.
where fik captures the frequency or salience of keyword k in firm i’s 10-K or 10-Q filings. In the im-
plementation reported here, the dictionary is divided into three weighted blocks: legacy core-stack
terms such as COBOL, mainframe, z/OS, DB2, and CICS; modernization and transformation terms
such as application modernization, cloud migration, replatforming, legacy system(s), and technical
debt; and financial-system context terms such as core banking, payment processing, policy adminis-
tration, and claims processing. The baseline score uses prespecified term weights drawn from this
dictionary rather than machine-learned weights. A richer version could replace this with inverse-
document-frequency or contextual NLP weights, but the present design intentionally prioritises
transparency over optimisation.
The main outcome variables are cumulative abnormal returns and abnormal trading volume.
For each firm,
ARit = Rit −(αi + βiRmt),
CARi[τ1, τ2] =
τ2
X
t=τ1
ARit,
where Rmt is the benchmark return. In the implementation reported here, the benchmark is an
equal-weighted portfolio of control software and infrastructure firms, which makes the abnormal-
return measure directly interpretable as relative repricing within the adjacent technology-finance
ecosystem. Abnormal trading volume is defined as
AbV oli[τ1, τ2] =
τ2
X
t=τ1

log(1 + V olumeit) −log(1 + V olumei)

,
where the bar denotes the mean over the estimation window.
The design considers narrow and moderate event windows, including [0, +1], [−1, +1], and
[−3, +3], with an estimation window of approximately [−120, −20] trading days.
Because the
February 24, 2026 market-validation event is the cleanest dissemination date and generates the
strongest cross-sectional separation in the data, the baseline cross-sectional specification focuses on
that event:
CARi[−1, +1] = δ0 + δ1LegacyExposurei + δ2V endori
+ δ3Financiali + ui,
where V endori identifies legacy-service providers and Financiali identifies financial-sector firms.
The regression is estimated by ordinary least squares and reported with conventional standard
errors. This is intentionally a reduced-form specification. The objective is not to claim a complete
25

structural model, but to test whether the sign and magnitude of repricing differ systematically by
exposure and business model.
Construct
Baseline proxy
Public or low-cost source
Market reaction
Daily adjusted returns, abnormal
volume, turnover
Yahoo Finance or Alpha Vantage; CRSP,
Refinitiv, or Bloomberg if available
Firm exposure
Keyword-based legacy-modernisation
index from 10-K/10-Q filings
SEC EDGAR submissions and filing text
Sector classification
Banking, insurance, payments, software,
infrastructure, consulting dummies
SEC metadata, company filings,
exchange classifications
Labour exposure
Occupational exposure or task exposure
linked to firm business lines
Anthropic observed-exposure framework,
O*NET, BLS occupational data
Macro controls
VIX, Treasury yields, credit spreads,
financial-conditions indices
FRED
Table 3: Data structure used in the empirical application.
Dictionary block
Representative terms retained in the baseline score
Typical weight range
Legacy core stack
COBOL; mainframe; z/OS; DB2; CICS; legacy code
3.0–4.0
Modernization and transformation
application
modernization;
cloud
migration;
replatforming;
legacy system(s); technical debt; application migration
2.0–3.0
Financial-system context
core banking; payment processing; policy administration; claims
processing
1.5–2.5
Table 4: Keyword dictionary used to construct the legacy-modernization exposure score.
The
machine-readable reproducibility pack contains the full keyword-weight mapping.
8.4
Identification logic and testable hypotheses
The identification logic follows directly from the mechanism above. If investors view agentic AI
as a workflow technology rather than only a forecasting technology, then capability disclosures
should affect firms differently depending on where they sit in the relevant production chain. Three
hypotheses follow.
First, capability disclosures should generate economically meaningful abnormal returns and ab-
normal trading volume in firms with greater exposure to legacy modernization. Second, the sign of
the market reaction should differ by business model: firms that sell legacy-maintenance or labour-
intensive modernization services should be more negatively repriced than firms that mainly consume
legacy modernization as an input. Third, within the finance vertical, reactions may be stronger when
legacy technology debt is more deeply tied to regulated core operations such as payments, claims
processing, and core banking.
The design is therefore informative for the broader paper even though it does not observe
internal model weights, prompts, or deployment logs. It identifies a more observable margin: how
public markets price expected changes in workflow substitution, modernization cost, and technology
dependence when agentic capability becomes more credible.
26

8.5
Illustrative findings
To move beyond design and provide a first empirical read, the application was implemented on a
31-firm sample using publicly retrievable price and filing data between June 2025 and March 2026.
The sample comprises eight legacy-service vendors, sixteen legacy-heavy financial users, and seven
software-or-infrastructure control firms. As noted above, Fiserv (FI) was part of the 32-name seed
universe but was excluded from the final event-study implementation because the public endpoint
used for daily prices did not provide a sufficiently stable history for the relevant estimation window.
Table 5 reports subgroup means for the three focal dates together with standard errors in
parentheses. The clearest pattern appears around the February 24, 2026 market-validation event.
For legacy-service vendors, mean CAR[−1, +1] is approximately −6.39% (s.e. 0.0140). For legacy-
heavy financial users, the corresponding figure is −2.61% (s.e. 0.0057), while the control portfolio is
approximately zero by construction because it is also the benchmark. The result should be read as
an exploratory empirical illustration rather than a decisive validation exercise: the market reaction
is not uniform, and the sharpest negative repricing is concentrated in the group whose revenues are
most directly threatened by accelerated modernization.
The volume response complements the return evidence.
Around the same February event,
abnormal log volume rises to approximately 0.73 for service vendors, 0.37 for financial users, and
0.70 for controls. This pattern indicates a broad attention shock rather than a narrow single-name
move. However, only part of that attention translates into strongly negative prices, again suggesting
that the market is distinguishing between business models rather than reacting mechanically to AI
news.
The March 5, 2026 labour-market report generates a different configuration. Vendor returns are
close to zero on average, while financial users are more negative. This pattern is consistent with
a shift from a capability narrative to an organizational adjustment narrative: once the discussion
turns from what the tools can theoretically do to how exposure may materialize in labour and
workflow terms, firms that must actually reorganize around legacy technology may bear more of the
near-term adjustment concern.
Event and subgroup
N
Mean CAR[−1, +1]
Mean abnormal log volume
E1: service vendors
8
−0.0222 (0.0054)
−0.0116
E1: financial users
16
−0.0097 (0.0056)
0.0952
E1: controls
7
0.0000 (0.0102)
0.1733
E3: service vendors
8
−0.0639 (0.0140)
0.7296
E3: financial users
16
−0.0261 (0.0057)
0.3668
E3: controls
7
0.0000 (0.0058)
0.6966
E4: service vendors
8
−0.0004 (0.0072)
0.3804
E4: financial users
16
−0.0306 (0.0048)
0.2311
E4: controls
7
0.0000 (0.0119)
0.5154
Table 5: Event-study results for the AI-agent capability-shock application. Event E1 is the Jan-
uary 27, 2026 Anthropic service-delivery signal, E3 is the February 24, 2026 market-validation event,
and E4 is the March 5, 2026 labour-market report. Standard errors for subgroup mean CAR[−1, +1]
are reported in parentheses. The February 23 media-amplification date is treated as overlapping
with E3 and is therefore omitted from the main table.
Table 6 sharpens this interpretation. In the February 24 cross section, the coefficient on the
27

legacy-service vendor indicator is −0.0262 with a standard error of 0.0134 and a t-statistic of ap-
proximately −1.95, suggesting economically meaningful underperformance for firms whose business
models are more exposed to legacy maintenance and modernization revenues.
By contrast, the
filing-based exposure score is negative but not precisely estimated in this small sample, while the
generic financial-sector dummy is close to zero. The empirical implication is narrower than a full
test of the AFMM: the market does not appear to price all legacy exposure in the same way. What
matters in this exploratory application is not simply whether a firm mentions legacy technology,
but whether its revenue model is expected to lose or gain from agentic modernization.
Regressor
Coefficient
Standard error
t-statistic
Legacy exposure score
−0.0005
0.0005
−0.95
Legacy-service vendor dummy
−0.0262
0.0134
−1.95
Financial-sector dummy
0.0007
0.0130
0.06
R2
0.1651
N
31
Table 6: Cross-sectional regression for CAR[−1, +1] around the February 24, 2026 market-validation
event.
The regression is estimated by ordinary least squares using the 31-firm implementation
sample.
Table 7 adds a minimal robustness check by showing how subgroup means vary across alternative
event windows for the February 24 market-validation event. The broad ordering is stable: legacy-
service vendors remain the most negatively repriced subgroup, legacy-heavy financial users are
less negative, and the control portfolio stays close to zero by construction. This is still a narrow
robustness exercise, not a substitute for a larger multi-event design, but it helps show that the
central pattern is not an artifact of a single event-window choice.
Subgroup
CAR[0, +1]
CAR[−1, +1]
CAR[−3, +3]
Legacy-service vendors
−0.0092
−0.0639
−0.0763
Legacy-heavy financial users
0.0026
−0.0261
−0.0480
Controls
0.0000
0.0000
0.0000
Table 7: Subgroup mean cumulative abnormal returns across alternative event windows around the
February 24, 2026 market-validation event.
Taken together, these findings are consistent with one observable implication of the AFMM
rather than with a full empirical confirmation of the framework.
Capability disclosures about
agentic AI appear to trigger market-wide attention, but price effects are heterogeneous and tied to
the expected distribution of rents across exposed actors. In that sense, the application is best read
as an exploratory empirical illustration of the broader thesis of the paper: the economic significance
of agentic AI depends not only on abstract model capability, but on how specific architectures
and decision pipelines map into incumbent business models, modernization costs, and institutional
dependencies.
28

8.6
Why the application matters for the full paper
This application is tightly connected to the theoretical framework developed in the paper. It does
not require observing the internal prompts, memory modules, or control logic of every institutional
AI agent. Instead, it studies a more observable and financially meaningful margin: how markets
update beliefs when publicly disclosed capabilities shift expectations about autonomy, workflow
substitution, and infrastructure dependence.
In AFMM terms, the application captures a change in perceived autonomy depth (A), work-
flow substitutability, and execution-relevant capability before large-scale institutional diffusion is
directly measurable. It therefore functions as a bridge between the architecture discussion in Sec-
tion 4 and the systemic implications developed in Section 5. If capability news can already reprice
adjacent firms through expectations alone, then widespread deployment could plausibly reshape
market structure, business-model risk, and concentration dynamics at a larger scale. At the same
time, this remains a single-channel exercise: it does not test the full AFMM, identify long-run
equilibrium effects, or recover the internal decision logic of deployed institutional agents.
9
Discussion
9.1
From capability shocks to market structure
The paper’s main claim is not that a single announcement can reveal the full long-run impact of agen-
tic finance. The point is narrower and more defensible. If secondary markets already differentiate
across firms when new agentic capabilities become credible, then architecture and decision-pipeline
design are economically relevant before full deployment is observable. The application therefore
complements the conceptual framework by showing one concrete transmission channel from agent
design to market outcomes: public capability news changes expected rents, which in turn changes
valuation.
9.2
Why the evidence supports bounded autonomy
The results are also consistent with the paper’s emphasis on bounded autonomy rather than a near-
term jump to fully autonomous financial markets. The market reaction is concentrated around
workflow substitution and modernization cost, not around a wholesale replacement of institutions.
This is exactly the pattern one would expect if the first economically significant effect of agentic AI
is to reorganize decision pipelines, service models, and operational bottlenecks before it displaces
regulated financial authority itself.
This distinction matters for interpretation. A capability shock can affect valuations even when
legal, fiduciary, and governance constraints still prevent full delegation. In other words, financial
markets can price the consequences of partial automation, co-pilot systems, and controlled execution
modules long before they price a world of unconstrained autonomous agents.
9.3
Limitations and next steps
The framework still has clear limits. The AFMM is a reduced-form conceptual model rather than a
fully specified equilibrium model of strategic interaction among heterogeneous agents. The empirical
29

component is also intentionally modest: the present exercise is illustrative, based on a small sample,
public-data proxies, and a simplified benchmark rather than a final identification design.
The current framework also abstracts from several issues that deserve more direct treatment in
future work. One is the possibility of behavioural biases or mode-specific failures in AI systems,
including overreaction to salient narratives, brittle planning, or common failure modes across highly
similar models. Another is the feedback loop between human decision-makers and AI-generated
recommendations. In many practical settings, the relevant unit is not a stand-alone agent but a
human–AI ensemble in which attention, escalation, and override patterns affect outcomes.
The next empirical step is therefore straightforward. Future work can stack multiple capability-
shock events, extend the filing-based exposure measure with richer text methods, incorporate in-
traday data and option-implied measures, and track actual deployment signals across financial
institutions. A parallel theoretical step is to formalize how heterogeneous human and AI agents
interact under different degrees of autonomy, coupling, and concentration.
An especially promising next stage is to combine compact event studies like the one developed
here with AI-assisted stress monitoring and market-narrative clustering from news, filings, and
supervisory text. That would preserve the conceptual orientation of the paper while strengthening
its empirical reach.
Despite these limitations, the framework now has a clearer empirical anchor. It offers a plausible
way to connect architecture, adoption, governance, and repricing within a single research agenda for
agentic finance without claiming that one small event-study exercise exhausts the empirical agenda.
10
Conclusion
The paper has argued that AI agents in finance should be understood not merely as another in-
crement in financial technology, but as a structural transition from model-centric automation to
workflow-centric automation. What matters in this transition is not only whether models become
more capable, but how agentic systems combine perception, reasoning, strategy formation, and
controlled execution inside real institutional workflows.
The analysis addressed this shift through three linked steps.
First, it proposed a four-layer
architecture for AI financial agents. Second, it developed the AFMM, which links agent design pa-
rameters such as autonomy, heterogeneity, coupling, concentration, and observability to market-level
outcomes. Third, it mapped these mechanisms into concrete application domains and governance
problems, arguing that the most plausible near-term equilibrium is one of bounded autonomy rather
than fully autonomous financial markets.
The empirical application reinforces this broader argument in a limited but useful way. A first-
pass event-study design around AI-agent capability disclosures suggests that market attention rises
broadly, but repricing is heterogeneous and concentrated in business models that appear more ex-
posed to workflow substitution and modernization pressure. The empirical illustration is therefore
consistent with, rather than dispositive proof of, the paper’s central claim that the financial sig-
nificance of agentic AI depends on how capabilities interact with institutional roles, infrastructure
dependencies, and the distribution of economic rents.
The framework remains intentionally incomplete. The AFMM is a reduced-form conceptual
model rather than a full equilibrium account of strategic interaction among heterogeneous human
and machine agents, and the empirical evidence presented here is illustrative rather than definitive.
30

Even so, the paper establishes a coherent research agenda. Future work can extend the theory with
richer interaction models and extend the evidence base with better measures of deployment, intraday
market reactions, market narratives, and cross-institution dependence. As AI systems become more
deeply embedded in financial decision workflows, understanding their architecture, governance, and
market consequences will become a central task for financial research and policy. More broadly,
understanding the architecture and interaction of AI agents may become as important for financial
stability in the coming decade as understanding leverage, liquidity, and interconnectedness was in
earlier phases of financial innovation.
Acknowledgments
The author gratefully acknowledges the support of the UCL Institute of Finance & Technology
(IFT) and expresses special thanks to Professor Francesca Medda for her encouragement, guidance,
and steadfast support. Without her support, this work would not have been possible. During the
preparation of this manuscript, the author used large language model tools to assist with literature
organisation, drafting support, and LaTeX editing. All generated output was reviewed, revised, and
validated by the author, who takes full responsibility for the final content.
Funding
This research received no external funding.
Institutional Review Board Statement
Not applicable.
Informed Consent Statement
Not applicable.
Data Availability Statement
Publicly available data were used in the illustrative empirical application. The sources discussed in
the manuscript include SEC EDGAR filings, FRED macro-financial series, and publicly accessible
market-data endpoints such as Yahoo Finance and Alpha Vantage. No new proprietary dataset
was created for this study. The local code and derived files used for the illustrative application are
available from the corresponding author upon reasonable request.
Conflicts of Interest
The author declares no conflicts of interest.
31

References
Mohamad Abou Ali, Fadi Dornaika, and Jinan Charafeddine. Agentic AI: A comprehensive survey
of architectures, applications, and future directions. Artificial Intelligence Review, 59(11), 2026.
doi: 10.1007/s10462-025-11422-4. URL https://link.springer.com/article/10.1007/s104
62-025-11422-4.
Inaki Aldasoro, Leonardo Gambacorta, Anton Korinek, Vatsala Shreeti, and Merlin Stein. Intel-
ligent financial system: How AI is transforming finance. BIS Working Papers 1194, Bank for
International Settlements, 2024. URL https://www.bis.org/publ/work1194.htm.
Irene Aldridge, Jolie An, Riley Burke, Michael Cao, Chia-Yi Chien, Kexin Deng, Ruipeng Deng,
Yichen Gao, Olivia Guo, Shunran He, Zheng Li, George Lin, Weihang Lin, Fanyi Lyu, Kwunfung
Ng, Qi Wang, Hanxi Xiao, Dora Xu, Yuanyuan Xue, Sheng Zhang, Sirui Zhang, Yun Zhang, Sirui
Zhao, Xiaolong Zhao, Yihan Zhao, and Waner Zheng. Agentic artificial intelligence in finance: A
comprehensive survey. SSRN Scholarly Paper 5803628, 2025. URL https://ssrn.com/abstrac
t=5803628.
Anthropic. Claude code in financial services: From analyzing data to modernizing legacy systems,
August 2025. URL https://www.anthropic.com/webinars/claude-code-financial-service
s. Webinar, August 21, 2025.
Anthropic. Accelerate code modernization with claude code, 2026a. URL https://claude.com/s
olutions/code-modernization. Code modernization solution page.
Anthropic. Claude code for service delivery: Learn from boris cherny, head of claude code, January
2026b.
URL https://www.anthropic.com/webinars/claude-code-service-delivery.
Webinar, January 27, 2026.
Matteo Aquilina, Douglas Kiarelly Godoy de Araujo, Gaston Gelos, Taejin Park, and Fernando
Perez-Cruz.
Harnessing artificial intelligence for monitoring financial markets.
BIS Working
Papers 1291, Bank for International Settlements, 2025. URL https://www.bis.org/publ/wor
k1291.htm.
Marco Avellaneda and Sasha Stoikov. High-frequency trading in a limit order book. Quantitative
Finance, 8(3):217–224, 2008. doi: 10.1080/14697680701381228.
Carlos Betancourt and Wen-Hui Chen. Deep reinforcement learning for portfolio management of
markets with a dynamic number of assets. Expert Systems with Applications, 164:114002, 2021.
doi: 10.1016/j.eswa.2020.114002. URL https://www.sciencedirect.com/science/article/pi
i/S0957417420307776.
Juan Carlos Crisanto, Cris Benson Leuterio, Jermy Prenio, and Jeffery Yong. Regulating AI in the
financial sector: Recent developments and main challenges. FSI Insights on Policy Implementa-
tion 63, Bank for International Settlements, 2024. URL https://www.bis.org/fsi/publ/insig
hts63.htm.
32

European Union. Regulation (EU) 2022/2554 of the european parliament and of the council of
14 december 2022 on digital operational resilience for the financial sector (DORA), 2022. URL
https://eur-lex.europa.eu/eli/reg/2022/2554/oj.
European Union. Regulation (EU) 2023/1114 of the european parliament and of the council of 31
may 2023 on markets in crypto-assets (MiCA), 2023. URL https://eur-lex.europa.eu/eli/r
eg/2023/1114/oj.
European Union. Regulation (EU) 2024/1689 of the european parliament and of the council of 13
june 2024 laying down harmonised rules on artificial intelligence (AI Act), 2024. URL https:
//eur-lex.europa.eu/eli/reg/2024/1689/oj.
J. Doyne Farmer and Duncan Foley. The economy needs agent-based modelling. Nature, 460(7256):
685–686, 2009. doi: 10.1038/460685a. URL https://www.nature.com/articles/460685a.
Financial Stability Board. The financial stability implications of artificial intelligence. Technical
report, Financial Stability Board, 2024. URL https://www.fsb.org/2024/11/the-financial
-stability-implications-of-artificial-intelligence/.
Shen Gao, Yuntao Wen, Minghang Zhu, Jianing Wei, Yuhan Cheng, Qunzi Zhang, and Shuo
Shang.
Simulating financial market via large language model based agents.
arXiv preprint
arXiv:2406.19966, 2024. URL https://arxiv.org/abs/2406.19966.
Joel Hasbrouck. High-frequency quoting: Short-term volatility in bids and offers. Journal of Fi-
nancial and Quantitative Analysis, 53(2):613–641, 2018. doi: 10.1017/S0022109017001053. URL
https://www.cambridge.org/core/journals/journal-of-financial-and-quantitative-a
nalysis/article/highfrequency-quoting-shortterm-volatility-in-bids-and-offers/B4
BD84DAD1B0C6577EA51A47C0A8B70C.
J. B. Heaton, Nicholas G. Polson, and Jan Hendrik Witte. Deep learning for finance: Deep portfolios.
Applied Stochastic Models in Business and Industry, 33(1):3–12, 2017. doi: 10.1002/asmb.2209.
URL https://econpapers.repec.org/RePEc:wly:apsmbi:v:33:y:2017:i:1:p:3-12.
Terrence Hendershott, Charles M. Jones, and Albert J. Menkveld. Does algorithmic trading improve
liquidity?
The Journal of Finance, 66(1):1–33, 2011. doi: 10.1111/j.1540-6261.2010.01624.x.
URL https://research.vu.nl/en/publications/does-algorithmic-trading-improve-liq
uidity.
Cars Hommes. Behavioral Rationality and Heterogeneous Expectations in Complex Economic Sys-
tems. Cambridge University Press, Cambridge, 2013. doi: 10.1017/CBO9781139094276. URL
https://www.cambridge.org/core/product/identifier/9781139094276/type/book.
Satyadhar Joshi.
Agentic RIAs: Strengthening US financial stability through AI architecture,
regulation, and systemic integration. Preprints.org preprint, 2026. URL https://www.preprint
s.org/manuscript/202602.0975/v1.
Andrei A. Kirilenko, Albert S. Kyle, Mehrdad Samadi, and Tugkan Tuzun. The flash crash: High-
frequency trading in an electronic market. Journal of Finance, 72(3):967–998, 2017. doi: 10.111
1/jofi.12498.
33

Blake LeBaron. Agent-based computational finance. In Leigh Tesfatsion and Kenneth L. Judd,
editors, Handbook of Computational Economics, volume 2, chapter 24, pages 1187–1233. Elsevier,
Amsterdam, 2006. doi: 10.1016/S1574-0021(05)02024-1. URL https://www.sciencedirect.co
m/science/article/pii/S1574002105020241.
Zhaowei Liu, Xin Guo, Hongrui Cai, Xian Li, and Mingyang Jiang. Fin-R1: A large language model
for financial reasoning through reinforcement learning. arXiv preprint arXiv:2503.16252, 2025.
URL https://arxiv.org/abs/2503.16252.
Marcos Lopez de Prado.
Machine Learning for Asset Managers.
Cambridge University Press,
Cambridge, 2020. doi: 10.1017/9781108883658.
Maxim Massenkoff and Peter McCrory. Labor market impacts of AI: A new measure and early
evidence. Technical report, Anthropic, March 2026. URL https://www.anthropic.com/resear
ch/labor-market-impacts.
John Moody and Matthew Saffell. Learning to trade via direct reinforcement. IEEE Transactions
on Neural Networks, 12(4):875–889, 2001. doi: 10.1109/72.935097. URL https://pubmed.ncbi.
nlm.nih.gov/18249919/.
OECD. Generative artificial intelligence in finance. OECD Artificial Intelligence Papers 9, OECD
Publishing, 2023. URL https://www.oecd.org/en/publications/generative-artificial-i
ntelligence-in-finance_ac7149cc-en.html.
OECD. Regulatory approaches to artificial intelligence in finance. OECD Artificial Intelligence
Papers 24, OECD Publishing, 2024. URL https://www.oecd.org/en/publications/regulat
ory-approaches-to-artificial-intelligence-in-finance_f1498c02-en.html.
Joon Sung Park, Joseph C. O’Brien, Carrie J. Cai, Meredith Ringel Morris, Percy Liang, and
Michael S. Bernstein. Generative agents: Interactive simulacra of human behavior. In Proceedings
of the 36th Annual ACM Symposium on User Interface Software and Technology, pages 1–22, 2023.
doi: 10.1145/3586183.3606763.
Long Qian, Xiaohao Peng, Yuchen Wang, Eric Alcaide, Troy Fang, Tanmoy Chakraborty, Xuhui
Zhou, and Chaomei Chen. When agents trade: Live multi-market trading benchmark for LLM
agents. arXiv preprint arXiv:2510.11695, 2025. URL https://arxiv.org/abs/2510.11695.
Reuters. Ibm posts steepest daily drop since 2000 after anthropic says AI can modernize COBOL,
February 2026. URL https://www.reuters.com/business/ibm-posts-steepest-daily-dro
p-since-2000-after-anthropic-says-ai-can-modernize-2026-02-24/. Published February
24, 2026.
Maryan Rizinski and Dimitar Trajanov. AI agents in finance and fintech: A scientific review of
agent-based systems, applications, and future horizons. Computers, Materials and Continua, 86
(1):1–34, 2025. doi: 10.32604/cmc.2025.069678. URL https://www.sciencedirect.com/scie
nce/article/pii/S1546221825010938.
Shijie Wu, Ozan Irsoy, Steven Lu, Vadim Dabravolski, Mark Dredze, Sebastian Gehrmann, Prab-
hanjan Kambadur, David Rosenberg, and Gideon Mann. BloombergGPT: A large language model
for finance. arXiv preprint arXiv:2303.17564, 2023. URL https://arxiv.org/abs/2303.17564.
34

Yingqian Wu, Qiushi Wang, Zefei Long, Rong Ye, Zhongtian Lu, Xianyin Zhang, Bingxuan Li,
Wei Chen, Liwen Zhang, and Zhongyu Wei. FinTeam: A multi-agent collaborative intelligence
system for comprehensive financial scenarios. arXiv preprint arXiv:2507.10448, 2025. URL https:
//arxiv.org/abs/2507.10448.
Zhaohan Xi, Wei Chen, Xiaoxu Guo, Weizhe He, and Yifei Ding. The rise and potential of large
language model based agents: A survey. arXiv preprint arXiv:2309.07864, 2023. URL https:
//arxiv.org/abs/2309.07864.
Yijia Xiao, Edward Sun, Di Luo, and Wei Wang. TradingAgents: Multi-agent LLM financial trading
framework. In The First Multi-Agent AI in the Real World Workshop at AAAI 2025, 2025. URL
https://openreview.net/forum?id=4QPrXwMQt1.
Qianqian Xie, Weiguang Han, Zhengyu Chen, Ruoyu Xiang, and Xiao Zhang. FinBen: A holistic
financial benchmark for large language models. In Advances in Neural Information Processing
Systems 37 (Datasets and Benchmarks Track), 2024. URL https://proceedings.neurips.cc
/paper_files/paper/2024/hash/adb1d9fa8be4576d28703b396b82ba1b-Abstract-Datasets_
and_Benchmarks_Track.html.
Hongyang Yang, Xiao-Yang Liu, and Christina Wang. FinGPT: Open-source financial large lan-
guage models. arXiv preprint arXiv:2306.06031, 2023. URL https://arxiv.org/abs/2306.060
31.
Yuzhe Yang, Yifei Zhang, Minghao Wu, Kaidi Zhang, Yunmiao Zhang, Honghai Yu, Yan Hu, and
Benyou Wang. TwinMarket: A scalable behavioral and social simulation for financial markets.
In The Thirty-ninth Annual Conference on Neural Information Processing Systems, 2025. URL
https://neurips.cc/virtual/2025/poster/116676.
Shunyu Yao, Jeffrey Zhao, Dian Yu, Nan Du, Izhak Shafran, Karthik Narasimhan, and Yuan Cao.
ReAct: Synergizing reasoning and acting in language models.
In The Eleventh International
Conference on Learning Representations, 2023. URL https://openreview.net/forum?id=WE_v
luYUL-X.
35",pdf,"Bài báo định nghĩa 'tài chính tác nhân' (agentic finance) là một danh mục phân tích riêng biệt và đề xuất kiến trúc bốn lớp mô-đun cho các tác nhân AI tài chính, bao gồm nhận thức dữ liệu, công cụ suy luận, tạo chiến lược và thực thi với kiểm soát. Nó làm rõ các ứng dụng khả thi nhất của tác nhân AI trong thực tế bằng cách phân biệt giữa tăng cường có giới hạn và các hình thức ủy quyền mạnh mẽ hơn trong giao dịch, quản lý danh mục đầu tư, rủi ro và tuân thủ, cũng như phân tích tài chính phi tập trung. Cuối cùng, bài báo phát triển Mô hình Thị trường Tài chính Tác nhân (AFMM) liên kết các thông số thiết kế tác nhân cấp vi mô với các kết quả thị trường cấp vĩ mô như hiệu quả, thanh khoản, biến động, hành vi bầy đàn, rủi ro tập trung và năng lực giám sát, đồng thời đưa ra một tập hợp các mệnh đề dựa trên cơ chế kết nối các tính năng kỹ thuật của hệ thống tác nhân với các hậu quả tiềm ẩn của hệ thống tài chính.","Về mặt phương pháp luận, bài báo mang tính khái niệm nhưng định hướng nghiên cứu rõ ràng, cung cấp một khuôn khổ xây dựng lý thuyết để hướng dẫn công việc thực nghiệm trong tương lai. Nó phát triển một khuôn khổ tích hợp để phân tích tài chính tác nhân, bao gồm kiến trúc bốn lớp của các tác nhân AI tài chính và Mô hình Thị trường Tài chính Tác nhân (AFMM) là một đại diện dựa trên tác nhân được cách điệu. Bài báo cũng trình bày một ứng dụng thực nghiệm minh họa dựa trên nghiên cứu sự kiện về các tiết lộ khả năng của tác nhân AI và việc định giá lại thị trường không đồng nhất, sử dụng dữ liệu tài chính và văn bản công khai để vận hành một phần giới hạn nhưng có thể quan sát được của khuôn khổ.","Khuôn khổ AFMM là một mô hình khái niệm dạng rút gọn chứ không phải là một mô hình cân bằng được giải quyết hoàn chỉnh về tương tác chiến lược giữa các tác nhân không đồng nhất. Thành phần thực nghiệm chỉ mang tính minh họa, dựa trên một mẫu nhỏ, các proxy dữ liệu công khai và một tiêu chuẩn đơn giản hóa thay vì một thiết kế nhận dạng cuối cùng. Khuôn khổ hiện tại cũng bỏ qua một số vấn đề như khả năng có các sai lệch hành vi hoặc lỗi cụ thể theo chế độ trong hệ thống AI (ví dụ: phản ứng thái quá với các câu chuyện nổi bật, lập kế hoạch dễ vỡ, hoặc các chế độ lỗi phổ biến trên các mô hình rất giống nhau) và vòng lặp phản hồi giữa những người ra quyết định là con người và các khuyến nghị do AI tạo ra, nơi đơn vị liên quan không phải là một tác nhân độc lập mà là một tập hợp người-AI.","Các hàm ý hệ thống của AI trong tài chính ít phụ thuộc vào riêng trí thông minh của mô hình mà phụ thuộc vào cách các kiến trúc tác nhân được phân phối, kết nối và quản lý giữa các tổ chức. Trong ngắn hạn, trạng thái cân bằng khả thi nhất là quyền tự chủ có giới hạn, trong đó các tác nhân AI hoạt động như các phi công phụ được giám sát, hệ thống giám sát và các mô-đun thực thi bị ràng buộc được nhúng trong các quy trình ra quyết định của con người. Các tiết lộ về khả năng của tác nhân AI công khai tạo ra sự định giá lại thị trường không đồng nhất giữa các công ty có doanh thu hoặc chi phí hoạt động tiếp xúc khác nhau với việc thay thế quy trình làm việc và hiện đại hóa hệ thống cũ. Phản ứng thị trường không đồng nhất, với sự định giá lại tiêu cực mạnh nhất tập trung vào nhóm có doanh thu bị đe dọa trực tiếp nhất bởi quá trình hiện đại hóa được tăng tốc. Bằng chứng cũng nhất quán với việc nhấn mạnh quyền tự chủ có giới hạn của bài báo, với phản ứng thị trường tập trung vào việc thay thế quy trình làm việc và chi phí hiện đại hóa, chứ không phải là sự thay thế hoàn toàn các tổ chức.",ok,grounded,,
core,291805228,Building Trustworthy Agentic Ai Systems FOR Personalized Banking Experiences,"Artificial Intelligence (AI) systems have become ubiquitous in contemporary society and have the potential for transformative impact on user behavior. These systems are capable of learning autonomously to personalize their behavior to deliver improved user experiences. However, there exists the potential for unintended consequences, as the same agentic features associated with positive outcomes may also increase the capacity for negative outcomes. Financial services is an example of a domain where deploying AI systems with agentic features would be high risk. The automated decision-making capabilities of these systems could influence billions of dollars. Nonetheless, they would be entrusted with taking actions that affect users without human oversight, such as reallocating entire portfolios of assets in ways that users do not wish. Therefore, a foundational requirement for adopting these systems must be the capacity to build shared norms of beneficial behavior prior to their deployment.
Several commercially available AI systems with agentic features are already deployed in the domain of personal banking. Automated personal financial management combines categorization of transactions followed by predictions of future expenditure and savings to improve budgeting decisions, amongst other impacts. Digital banking assistants embed intelligent conversational agents used primarily for accessing banking information and services. These systems typically operate in conjunction with non-intelligent user interfaces, and thus the extent of agentic features in user-bank interactions is limited. However, envisionable advancements include wider adoption of natural language processing capabilities, comparative financial analysis, and customized query suggestions.
Agentic AI systems must operate under a formal specification of trustworthiness constraints. Therefore, AI agents must embody the technical requirements for trustworthy AI systems. Management of risks associated with agentic AI is a dangerous task given the scale of money flows in financial markets and the unprecedented scale, scope, and speed of analysis, prediction, and execution in such markets. At the same time, AI systems that endow agents with entity-level legal ownership and agency create a scarcity that could be captured in trust funds in the form of wealth to protect a material asset class from better prediction by other agents (all other predictions being sub-optimal). Glücksspiel unter Vertrauensbildung para-poker could be a conceptually rigorous game of chance. Thereby, the proposed system could help to promote beneficial forms of AI agency while governing risks effectively","['Inala, Ramesh', 'Somu, Bharath']",2025,2025-05-07T01:00:00+01:00,10.63278/mme.vi.1714,https://core.ac.uk/download/658965965.pdf,https://core.ac.uk/download/658965965.pdf,,,0.0,,info:eu-repo/semantics/article,0.5003,"Focuses on agentic AI, economic context, outcomes, and comparison.","Artificial Intelligence (AI) systems have become ubiquitous in contemporary society and have the potential for transformative impact on user behavior. These systems are capable of learning autonomously to personalize their behavior to deliver improved user experiences. However, there exists the potential for unintended consequences, as the same agentic features associated with positive outcomes may also increase the capacity for negative outcomes. Financial services is an example of a domain where deploying AI systems with agentic features would be high risk. The automated decision-making capabilities of these systems could influence billions of dollars. Nonetheless, they would be entrusted with taking actions that affect users without human oversight, such as reallocating entire portfolios of assets in ways that users do not wish. Therefore, a foundational requirement for adopting these systems must be the capacity to build shared norms of beneficial behavior prior to their deployment.
Several commercially available AI systems with agentic features are already deployed in the domain of personal banking. Automated personal financial management combines categorization of transactions followed by predictions of future expenditure and savings to improve budgeting decisions, amongst other impacts. Digital banking assistants embed intelligent conversational agents used primarily for accessing banking information and services. These systems typically operate in conjunction with non-intelligent user interfaces, and thus the extent of agentic features in user-bank interactions is limited. However, envisionable advancements include wider adoption of natural language processing capabilities, comparative financial analysis, and customized query suggestions.
Agentic AI systems must operate under a formal specification of trustworthiness constraints. Therefore, AI agents must embody the technical requirements for trustworthy AI systems. Management of risks associated with agentic AI is a dangerous task given the scale of money flows in financial markets and the unprecedented scale, scope, and speed of analysis, prediction, and execution in such markets. At the same time, AI systems that endow agents with entity-level legal ownership and agency create a scarcity that could be captured in trust funds in the form of wealth to protect a material asset class from better prediction by other agents (all other predictions being sub-optimal). Glücksspiel unter Vertrauensbildung para-poker could be a conceptually rigorous game of chance. Thereby, the proposed system could help to promote beneficial forms of AI agency while governing risks effectively",abstract_only,"Bài báo nhấn mạnh sự cần thiết của việc xây dựng các hệ thống AI tác nhân đáng tin cậy cho trải nghiệm ngân hàng cá nhân hóa, đặc biệt là trong lĩnh vực dịch vụ tài chính rủi ro cao. Nó đề xuất một yêu cầu nền tảng là khả năng xây dựng các chuẩn mực chung về hành vi có lợi trước khi triển khai các hệ thống này. Bài báo cũng đề cập đến việc các hệ thống AI có thể trao quyền sở hữu pháp lý cấp thực thể và quyền đại diện cho các tác nhân, tạo ra sự khan hiếm có thể được nắm giữ trong các quỹ tín thác dưới dạng tài sản để bảo vệ một loại tài sản vật chất khỏi sự dự đoán tốt hơn của các tác nhân khác.","Bài báo mô tả các hệ thống AI tác nhân thương mại hiện có trong lĩnh vực ngân hàng cá nhân (quản lý tài chính cá nhân tự động, trợ lý ngân hàng kỹ thuật số) và hình dung những tiến bộ trong tương lai (khả năng xử lý ngôn ngữ tự nhiên rộng hơn, phân tích tài chính so sánh, gợi ý truy vấn tùy chỉnh). Nó cũng nêu ra yêu cầu rằng các tác nhân AI phải thể hiện các yêu cầu kỹ thuật cho các hệ thống AI đáng tin cậy và hoạt động theo một đặc tả chính thức về các ràng buộc đáng tin cậy.",Bài báo nêu bật rủi ro cao khi triển khai các hệ thống AI có tính năng tác nhân trong dịch vụ tài chính do tiềm năng gây ra hậu quả không mong muốn và khả năng ảnh hưởng đến hàng tỷ đô la mà không có sự giám sát của con người. Nó cũng chỉ ra rằng mức độ tính năng tác nhân trong các tương tác giữa người dùng và ngân hàng hiện tại còn hạn chế.,"Các hệ thống AI có tiềm năng tác động biến đổi đến hành vi người dùng. Việc triển khai các hệ thống AI có tính năng tác nhân trong dịch vụ tài chính là rủi ro cao do khả năng ra quyết định tự động có thể ảnh hưởng đến hàng tỷ đô la mà không có sự giám sát của con người. Một yêu cầu nền tảng để áp dụng các hệ thống này là khả năng xây dựng các chuẩn mực chung về hành vi có lợi trước khi triển khai. Các hệ thống AI tác nhân phải hoạt động dưới một đặc tả chính thức về các ràng buộc đáng tin cậy và phải thể hiện các yêu cầu kỹ thuật cho các hệ thống AI đáng tin cậy. Các hệ thống AI tác nhân hiện có trong ngân hàng cá nhân bao gồm quản lý tài chính cá nhân tự động và trợ lý ngân hàng kỹ thuật số, nhưng mức độ tính năng tác nhân trong các tương tác hiện tại còn hạn chế. Có thể hình dung những tiến bộ trong tương lai bao gồm việc áp dụng rộng rãi hơn các khả năng xử lý ngôn ngữ tự nhiên, phân tích tài chính so sánh và gợi ý truy vấn tùy chỉnh.",ok,grounded,,
arxiv,2512.04988v2,When AI Agents Compete for Jobs: Strategic Capabilities and Economic Dynamics of AI Labour Markets,"Emerging agentic marketplaces provide the economic infrastructure for matching and coordinating the large amounts of AI agents used in agentic swarms. Unlike human workers, AI agents can operate on multiple jobs simultaneously, acquire skills rapidly, and labor without wage floors. These differences introduce a new segment of $\textbf{AI labor markets}$, where AI agents interact with each other at a much higher frequency than human markets. Yet we lack frameworks to understand how such markets behave in light of economic forces that shape labor markets, such as adverse selection and reputation dynamics. To explore this, we introduce $\texttt{AI-Work}$, a tractable, simulated gig economy where Large Language Model (LLM) agents compete for jobs, develop skills, and adapt their strategies under uncertainty and competitive pressure. Our experiments examine three domains of capabilities that successful agents possess: $\textbf{metacognition}$ (accurate self-assessment of skills), $\textbf{competitive awareness}$ (modeling rivals and market dynamics), and $\textbf{long-horizon strategic planning}$. Agents with these capabilities consistently achieve higher profits, market share, and stronger adaptation than competing agents. Through $\texttt{AI-Work}$, we hope to provide a foundation to explore the microeconomic properties of AI-only labor markets, and a conceptual framework to study the strategic reasoning capabilities of participating AI agents.","['Christopher Chiu', 'Simpson Zhang', 'Mihaela van der Schaar']",2025,2025-12-04T16:57:28+00:00,,http://arxiv.org/abs/2512.04988v2,https://arxiv.org/pdf/2512.04988v2,,,,,"['cs.AI', 'cs.MA']",0.5002,"Focuses on agentic AI, economic context, outcomes, and comparison.","When AI Agents Compete for Jobs:
Strategic Capabilities and Economic Dynamics of AI Labour Markets
Christopher Chiu 1 Simpson Zhang 1 Mihaela van der Schaar 1
Abstract
Emerging agentic marketplaces provide the eco-
nomic infrastructure for matching and coordinat-
ing the large amounts of AI agents used in agen-
tic swarms. Unlike human workers, AI agents
can operate on multiple jobs simultaneously, ac-
quire skills rapidly, and labor without wage floors.
These differences introduce a new segment of AI
labor markets, where AI agents interact with
each other at a much higher frequency than hu-
man markets. Yet we lack frameworks to under-
stand how such markets behave in light of eco-
nomic forces that shape labor markets, such as
adverse selection and reputation dynamics. To
explore this, we introduce AI-Work, a tractable,
simulated gig economy where Large Language
Model (LLM) agents compete for jobs, develop
skills, and adapt their strategies under uncertainty
and competitive pressure. Our experiments ex-
amine three domains of capabilities that success-
ful agents possess: metacognition (accurate self-
assessment of skills), competitive awareness
(modeling rivals and market dynamics), and long-
horizon strategic planning. Agents with these
capabilities consistently achieve higher profits,
market share, and stronger adaptation than com-
peting agents. Through AI-Work, we hope to
provide a foundation to explore the microeco-
nomic properties of AI-only labor markets, and a
conceptual framework to study the strategic rea-
soning capabilities of participating AI agents.
1. Introduction
As AI agents transition from isolated assistants to coordi-
nated economic actors, they are beginning to form inter-
connected systems, known as agentic swarms (Jimenez-
1DAMTP, University of Cambridge, Cambridge, UK. Corre-
spondence to: Christopher Chiu <chyc3@cam.ac.uk>.
Proceedings of the 43 rd International Conference on Machine
Learning, Seoul, South Korea. PMLR 306, 2026. Copyright 2026
by the author(s).
Romero et al., 2025), that transact and coordinate at scales
far beyond humans. Recent research highlights the massive
scale at which AI agents can cooperate: (Qian et al., 2024)
propose a multi-agent collaboration network that supports
over a thousand agents, while (Zhang et al., 2026) demon-
strate orchestration across tens of thousands of concurrent
tasks. These developments are further accelerated by the
rapid development of an underlying communication and
economic infrastructure that serves to match and coordinate
disparate agents. Standardized communication protocols
(Google, 2025a; Anthropic, 2025) enable agents to inter-
operate with increasing autonomy, while online AI agent
marketplaces (Yang et al., 2025; Google, 2025b) now allow
systems to discover, select, and dispatch agents through mar-
ket based mechanisms with minimal human involvement.
The result is an emerging economic layer, a virtual agent
economy (Tomasev et al., 2025), where autonomous agents
discover, contract with, and coordinate among themselves
at scales far beyond what is possible with humans. We term
this emerging phenomenon the AI Labour Market: a decen-
tralized system in which AI agents autonomously negotiate,
contract, and fulfill work.
Understanding this new market requires examining both
its macro-level dynamics and the micro-level interactions
between agents (Hadfield & Koh, 2025). However, while
there are several works using LLM agents to simulate vari-
ous social and economic environments in bargaining (Qian
et al., 2025), competition(Zhao et al., 2023), and macroe-
conomic environments (Li et al., 2024), there is little re-
search studying the microeconomic forces that underpin
real-world labour markets due to incomplete information.
These forces include adverse selection (employers cannot
fully observe worker capabilities) and reputation systems
that emerge to mitigate these informational asymmetries.
A fundamental question emerges: what reasoning capabili-
ties do agents need to succeed in markets with competitive
economic pressure and uncertain information flows?
To bridge this gap, we introduce AI-Work, a simulated
labour market where LLM agents submit job bids to work
on interactive microtasks, Agents face various economic de-
cisions, such as price estimation, choosing between bidding
for jobs (earning immediate income) and training (invest-
1
arXiv:2512.04988v2  [cs.MA]  1 Jul 2026

Strategic Capabilities and Economic Dynamics of AI Labour Markets
ing in future performance), and managing both their latent
skill levels and public reputation. Our framework bears
resemblance to a gig economy platform (such as Upwork or
Fiverr), representing a self-contained environment featuring
the key elements of price discovery, reputation building, and
skill-based competition in a labour market while maintain-
ing experimental control.
Through AI-Work, we perform a series of experiments
with LLM agents in a closed-loop economic setting, and
examine their behaviour and decisions under competitive
pressure. Building on existing theory, we group reasoning
patterns that differentiate high-performing agents over three
capability domains: Metacognition of its own latent skill
portfolio, Competitive awareness of both the market state
and rival behavior from observable signals, and Strategic
planning to form coherent long-horizon policies. Building
on these findings, we implement a minimal prompt scaffold
that elicits reasoning across these domains. Agents using
this scaffold achieve 1.5× the market share of standard
prompting approaches, and demonstrate greater adaptability
to changing market conditions.
We emphasize that our goal is not to simulate a complete
labour market: real markets are dynamic, high-dimensional,
and rapidly evolving. Rather, AI-Work serves as a con-
trolled testbed designed to isolate and illustrate core eco-
nomic forces. As an analogy, clinical trial methodology
papers do not implement actual trials, which require vast
resources, but provide frameworks that inform real-world
deployment. Similarly, our simulation identifies mecha-
nisms and capabilities that will matter as AI labour markets
mature, even as specific implementations evolve. With this
scope in mind, our contributions include:
1. A testbed for AI economic agency. We formalize the
AI labour market as a partially observable stochastic
game and instantiate it in AI-Work, capturing adverse
selection, reputation dynamics, and explore-exploit
tradeoffs in a complete economic loop. (Section 2)
2. AI-specific market dynamics. We show platform
rules (price revelation; contract form) shift equilibrium
behavior (price deflation vs skill investment) and that
AI-specific concurrency amplifies concentration, miti-
gated by task diversity. (Section 3)
3. Strategic capabilities We operationalize three reason-
ing dimensions in traces and show (a) their presence
in reasoning traces is correlated with improved profits
and market share and (b) a minimal scaffold that ac-
tively prompts for these reasoning patterns improves
performance over CoT and ReAct baselines with the
same underlying LLM. (Section 4)
Figure 1. Conceptual Overview To study the dynamics and im-
pact of AI agent to economy, we created a simulation that contains
the core features of a Labour Market (Right), and examined the ca-
pabilities that allow agents to succeed in this competitive economic
setting. We examined three domains of reasoning patterns that
inform successful agents, in metacognition, competitive awareness,
and strategic planning. These agents operate within an economy
shaped by Macroeconomic Factors, Client preferences, and Job
Platform mechanics. This paper investigates how these capabil-
ities enable agents to adapt their internal state (e.g., Skill Level,
Reputation) and actions to succeed under competitive conditions.
2. Designing a simulated AI Labour Market
2.1. Environment Overview
Inspired by online labour platforms where workers compete
for posted jobs using limited public signals such as price and
reputation, we designed AI-Work, a stylized gig-market
environment, where workers either (i) compete for current
income by bidding on jobs or (ii) invest in training to im-
prove future competitiveness at each round. This provides a
closed-loop economy: agents’ bids determine job matching,
job performances update agent reputation, and reputation
feeds back into future allocation. Each mechanism is chosen
for economic plausibility and tractability; Appendix B.2 mo-
tivates these choices and details the implemented variants.
2.2. Agents: Actions and Information
▶Setup. Time is discrete with a finite horizon of T rounds.
There are N worker agents A = {1, . . . , N} and K task
types T = {1, . . . , K}. Each agent i has (i) a latent task-
skill vector θi,t ∈[0, 1]K and (ii) a public task-specific
reputation vector Ri,t ∈[0, 1]K. Latent skills are never
directly observed by any participant, while reputations are
observable by all parties (Figure 2B). ▶Actions. At each
round, each agent selects one of two mutually exclusive
meta-actions: (1) BID: submit an ordered list of job–price
pairs, Pi,t =
 (J(1), p(1)), . . . , (J(L), p(L))

, representing
job preferences from most to least preferred. Agents may
bid on more than their execution capacity, and conflicts are
resolved during job allocation. (2) TRAIN: forgo bidding
this round and instead invest in skill improvement for a cho-
2

Strategic Capabilities and Economic Dynamics of AI Labour Markets
sen task type. This binary meta-action structure encodes
the canonical human-capital investment tradeoff (Becker,
1962). BID captures immediate revenue-maximizing be-
havior while TRAIN captures long-term capability invest-
ment. However, the effective decision space is substantially
richer than this binary choice suggests - An agent selecting
BID must jointly decide (i) which subset of up to L jobs to
target from |J available listings, (ii) a continuous bid price
pi,J,t > 0 for each, and (iii) a strict preference ranking over
its selected jobs, which determines allocation priority under
the stable matching procedure. The resulting per-round ac-
tion space grows combinatorially in |Jt| and L, and agents
must navigate this space under partial observability of com-
petitor bids. Through this design, agents face four economic
decisions: (1) whether to TRAIN or BID at each time step,
(2) which jobs to bid for, (3) how much to bid against other
agents, and (4) which task(s) to focus training on in the long
run. ▶Observation. Agents observe current listings (job
types and budgets), a public earnings leaderboard, and the
last Hctx rounds of public market outcomes (allocations,
winning agents’ reputations, and reputation changes), but
do not observe competitors’ bid prices or latent skills.
2.3. Jobs, Scoring, and Matching
▶Setup. In each round t, the market posts a set of jobs Jt.
Each job J ∈Jt has a public posted budget bt(J) ∈R+
and a task type τ(J) ∈T . Jobs are drawn from a fixed
catalog with stochastic listing probabilities and budget noise
(Appendix B.3.2). ▶Client-side scoring. In AI-Work,
clients are represented by the platform, which implements
a fixed scoring rule that maps bids and reputations to a per-
round matching. For each job J and bidding agent i, let
qi,J,t = Ri,τ(J),t denote the agent’s task-specific reputa-
tion and xi,J,t = pi,J,t/bt(J) the bid normalised by posted
budget. The platform scores bids via a constant-elasticity-
of-substitution (CES) rule (Arrow et al., 1961):
Ui,J,t =
h
(1 −wp) q ρ
i,J,t + wp

1
xi,J,t
ρ i1/ρ
(1)
where wp controls price sensitivity, i.e., the relative weight
placed on price versus reputation. In all baseline experi-
ments we set ρ →0, recovering the Cobb–Douglas special
case U ∝q 1−wp·x−wp, with wp = 0.4. Alternative scoring
functions—CES at ρ ∈{−0.5, 0.5}, a linear additive rule,
and an LLM-based selection operator—are evaluated in Ap-
pendix B.3.3. ▶Matching. To model idiosyncratic client
factors, we add Gumbel noise to scores prior to ranking,
inducing stochastic job-side preferences. Given these rank-
ings and agents’ submitted preference orderings, jobs are
allocated via a job-proposing Gale–Shapley stable matching
procedure (Gale & Shapley, 1962) with capacity ν, which
limits the number of jobs an agent can be allocated per round.
This yields the job-optimal stable matching, modeling gig
platforms typically optimise for client satisfaction (Hor-
ton, 2010). Full matching pseudocode is in Appendix B.3.3
▶Task performance. If agent i is matched to a job J of type
k = τ(J) at round t, the environment produces a perfor-
mance score yt(J) ∈[0, 1], interpreted as normalised deliv-
ered quality. AI-Work supports two task types: (i) proxy
tasks where yt(J) ∼γk(θi,k,t) is generated from latent
skill for controlled scaling (used in main experiments),
and (ii) interactive tasks where LLM subagents produce
explicit solutions scored by a task-specific evaluator (Ap-
pendix B.5). ▶Payments. Unless otherwise noted, all main
experiments use a flat-fee contract, ri,t = P
J: µt(J)=i pi,J,t,
i.e., performance affects future opportunities via reputation
but not immediate payment. A performance-based variant
ri,t = P
J:µt(J)=i pi,J,t yt(J) is studied in Section 3.3.
Figure 2. Framework Overview. AI-Work is a simulated gig
platform where AI-agents act according to policy π and bid for
work over real jobs based on a set of latent skills θ (A). The
simulated market selects bids from agents based on their public
rating and price (B). Each turn, agents can choose to bid for work or
train in one of their skills (C). The only information agents observe
is how jobs are allocated and their public-facing reputation (D).
2.4. Skills and Reputation Dynamics
▶Skill investment. Skills represent agents’ latent ability
to perform a given task type and affect on-the-job per-
formance (implemented as a saturating scalar for proxy
tasks and as accumulated domain hints for interactive
tasks; see Appendix B.5). AI-Work introduces an ex-
plicit explore–exploit tradeoff: agents choosing TRAIN sac-
rifice immediate income to improve future competitive-
ness. In proxy tasks, training applies a saturating update
θi,k,t+1 = 1 −(1 −θi,k,t) · d with d=0.9, producing dimin-
ishing returns that plateau near θ=1 over ∼100 updates, mir-
roring standard human capital accumulation models (Becker,
1962; Ben-Porath, 1967). Agents may also improve skills
through on-the-job learning with probability ϕ when exe-
cuting jobs. ▶Reputation. Reputation is a public, task-
specific estimate of expected performance maintained via a
discounted Beta-evidence scheme (Jøsang & Ismail, 2002).
For each agent-task pair (i, k), evidence (ri,k,t, si,k,t) is
updated on each observed performance y as
ri,k,t+1 = λ ri,k,t+y,
si,k,t+1 = λ si,k,t+(1−y) (2)
3

Strategic Capabilities and Economic Dynamics of AI Labour Markets
and the public reputation is the posterior mean
Ri,k,t+1 =
ri,k,t+1 + Wak,t
ri,k,t+1 + si,k,t+1 + W ,
(3)
where λ is a forgetting factor weighting recent evidence, W
is a prior strength, and ak,t is a community base rate provid-
ing a cold-start prior for new entrants. This scheme weights
recent performance more heavily via λ, provides a princi-
pled cold-start prior through ak,t, and admits a closed-form
update—properties well-suited to fast-moving AI labour
markets where reputations must track current capability.
In implementation, agents that train, either by explicitly
choosing TRAIN or via failed-bid feedback on their top
attempted task, receive a task-specific benchmark evalua-
tion that updates public reputation; Appendix B.3.5 and
Appendix B.3.6 describe these exact mechanics.
Design scope.
AI-Work is a stylized micro-model de-
signed to isolate reputation-mediated adverse selection,
price competition, and skill investment under competition;
Appendix B.2 discusses how these conclusions relate to
alternative scoring, reputation, and learning variants.
3. AI-Work as an economic testbed
3.1. Validation of Market Dynamics
Figure 3. Macroeconomic validation and concentration dynam-
ics in AI-Work. We simulate a market with static parameters
(W=1, H=10, λ=0.85) and N=100 stochastic agents, aggre-
gated over 20 independent runs. A: Okun’s law - changes in
unemployment and aggregate output are approximately linear with
an ≈2:1 inverse ratio (R2=0.436) (Prachowny, 1993). B: Bev-
eridge curve - unemployment and vacancy rates exhibit an inverse
hyperbolic relationship (R2=0.843) (Yashiv, 2007). C: Increasing
job-type/benchmark diversity (B) reduces market concentration,
lowering the Gini coefficient (more equitable allocation).
Baseline sanity check.
We instantiated the market with
random-policy agents across a range of static parame-
ters, aggregating over 20 independent runs. We observed
two standard macroeconomic relationships (Figure 3): an
inverse unemployment–vacancy curve analogous to the
Beveridge Curve (Yashiv, 2007), and an approximate 2:1
unemployment-output ratio mirroring Okun’s Law (Pra-
chowny, 1993). While AI-Workabstracts away many insti-
tutional features of real labour markets, reproducing these
directional relationships that are commonly used to validate
agent-based economic models (Li et al., 2024) suggests that
its matching, reputation, and participation dynamics are suf-
ficiently coherent for controlled comparative-statics experi-
ments. Full construction details are given in Appendix C.4.
AI-specific concentration.
Unlike human workers, AI
agents can be replicated to perform multiple jobs simulta-
neously. We examine how this concurrency, parameterized
by job capacity ν, affects market concentration. When ν is
high, top-reputation agents capture disproportionately more
jobs, since they can accept every opportunity for which
they are competitive. This effect is amplified when job
types are homogeneous: with only B=1 benchmark skill, a
single agent can dominate the entire market, corroborating
winner-take-all dynamics observed by Zhao et al. (2023). In-
creasing job-type diversity (B) partially reduces inequality
(Gini coefficient drops from 0.70 at B=1 to 0.24 at B=64,
Figure 3C), enabling agents to specialize in distinct niches
since reputation is tracked per skill type. This complements
empirical findings that human freelancers diversified their
job applications to seek new niches following generative AI
disruption (Yiu et al., 2024), suggesting that platform de-
signers can mitigate AI-driven concentration by maintaining
diverse task categories and skill-specific reputation systems.
3.2. LLM Agents as Economic Actors
Table 1. LLM agent performance across select metrics (mean over
10 runs). S: market share (%); Rcum: cumulative reward ($); ¯R:
average reputation (5-star scale); Tr: training frequency (%); ¯pwin:
normalised winning bid price; WR: win rate (%). Full model
identifiers in Appendix C.4.2.
S(%)
Rcum
¯R
Tr(%)
¯pwin
WR
GPT-OSS-120B
15.0
727
3.34
2.9
0.55
92.6
GPT-5
14.2
703
2.80
1.9
0.74
58.9
GLM-4.5
13.0
649
3.06
5.6
0.78
55.8
Qwen3-235B
12.7
587
2.90
10.9
0.87
47.1
Gemini 2.5 Fl.
10.9
494
3.36
13.0
0.73
52.6
DeepSeek 3.1
9.9
458
3.05
6.0
0.79
44.6
Kimi K2
9.6
443
3.10
12.0
0.76
50.4
Llama 4 Mav.
3.7
212
2.68
0.0
0.86
18.6
Specialist
7.1
375
2.82
20.8
0.91
33.7
Greedy
5.2
284
3.33
11.1
0.80
21.9
We next replace random policies with LLM-based workers.
This tests whether frontier foundation models can exploit
repeated-market structure beyond static heuristics under a
shared observation and action interface, and whether they
differ in economically meaningful ways. We evaluate eight
frontier LLMs using minimal scaffolding consisting of a
shared observation format and a strict JSON action inter-
face (Appendix C.4.2) against two fixed-policy baselines.
Specialist uses a fixed ordering over tasks and jobs, bids
at 0.9× posted budget, and trains according to the base-
line heuristic schedule. Greedy bids on the highest-budget
4

Strategic Capabilities and Economic Dynamics of AI Labour Markets
listed jobs across tasks at 0.8× budget and trains with fixed
probability. Experiments run for T = 100 rounds with 16
listed jobs per round and capacity ν = 3. Full settings are
in Appendix C.3.
Results.
Most LLMs outperform both fixed policies on
cumulative reward and market share (Table 1), with the top
two models capturing ≈15% market share each (vs. 7.1%
for Specialist and 5.2% for Greedy). Beyond aggregate per-
formance, we observe qualitatively distinct strategic profiles
across models: GPT-OSS-120B achieves the highest market
share through aggressive underbidding (¯pwin=0.55) paired
with a near-perfect win rate, while Gemini-2.5 invests heav-
ily in training (13% of rounds) to build reputation. The
single outlier is Llama-4, which underperforms compared
to heuristics; inspection suggests failures to maintain con-
sistent multi-round bidding and training behaviour. These
diverse strategic profiles suggest that market success de-
pends not just on task competence but on how agents reason
about pricing, investment, and competition—motivating the
capability analysis in Section 4. Full results are in Ap-
pendix D.1.
3.3. Market Design Shifts Agent Behaviour
Holding the task distribution and agent population con-
stant, we vary two platform levers: information disclo-
sure (open vs. sealed bidding) and contract form (flat-fee
vs. performance-linked pay); full configurations for experi-
ments below outlined in Appendix C.3.
Open vs. sealed bidding.
We test whether revealing win-
ning prices from the previous round affects bidding be-
haviour and investment incentives. When winning prices
are revealed, agents can directly undercut competitors. This
induces persistent price deflation (Figure 4A)and reduces
investment: agents train less under open bidding than under
sealed bidding (Figure 4B). This mirrors evidence from hu-
man online labour markets, where open auctions intensify
price competition and depress wages (Hong et al., 2016).
While prior work shows that LLM agents can trigger price
collusion (Lin et al., 2025) or price wars (Han et al., 2024),
in AI-Work the effect arises purely from repeated observa-
tion and strategic response, without explicit communication.
Performance-based versus flat-fee contracts.
We test
whether tying payment to delivered quality changes agents’
investment priority. Under flat-fee pay, agents are rewarded
for winning jobs, but not for delivering higher-quality out-
comes, weakening incentives to invest in skill. Switching to
performance-linked pay increases training over time (Fig-
ure 4C) and improves market utility (Figure 4D), consistent
with classic results on performance incentives and skill in-
vestment (Camargo et al., 2022; Graff Zivin et al., 2019).
Figure 4. Market incentives shape agent strategy and aggregate
utility. A: In open tenders (blue), agents underbid each other,
leading to lower normalised prices than in sealed tenders (or-
ange). B: Price-focused competition disincentivises training. C:
Performance-based incentives (green) progressively increase train-
ing investment compared to flat-fee rewards (red). D: Increased
training translates to higher market utility over time.
Robustness to alternative mechanism choices.
These
market-design results are robust to broad changes in the
environment specification (Appendix D.3). We varied the
client-side scoring rule (CES with ρ ∈{−0.5, 0.5}; lin-
ear additive), reputation dynamics (W=2, λ ∈{0.7, 0.85},
longer averaging window), skill learning (stochastic training
with p=0.8), and matching (Gumbel perturbation at t=0.2),
each crossed with the open/sealed and flat/performance-pay
interventions (5 seeds per condition). Open pricing low-
ers late-horizon winning bids in every configuration tested,
with the aggregate falling from ¯pW
L =0.71 (sealed) to 0.61
(open). Performance-linked pay improves mean client util-
ity in every configuration, rising from ¯U=0.31 to 0.66. The
training response is weaker and more mechanism-dependent:
it moves in the expected direction on average but varies with
the persistence and noisiness of the reputation system. We
interpret these as stable comparative statics of the market
design rather than artifacts of a single parameterization.
4. Which Reasoning Capabilities Matter?
In the previous section, we showed that LLM agents partici-
pate effectively in a repeated gig market, and platform rules
shift both agent behaviour and market-level outcomes. We
now ask: which reasoning capabilities distinguish success-
ful agents under competitive economic pressure, and does
explicitly eliciting these capabilities improve performance?
Inspecting agent decision traces from Section 3.2, we ob-
serve three recurring reasoning patterns in high-performing
agents: (i) calibrated self-assessment of competitiveness
relative to public reputation, (ii) inference about rival strate-
gies from observable market outcomes, and (iii) coherent
multi-round policies that trade off immediate income against
future positioning. However, these patterns are inconsistent.
Empirically, models often alternate between market-specific
reasoning and generic heuristics across rounds, raising the
5

Strategic Capabilities and Economic Dynamics of AI Labour Markets
Figure 5. Strategic Self-Improving Agents dynamically adapt to market conditions and competitive pressures. A: Price-sensitive clients
(dark purple) promote low-bid strategies, while reputation-sensitive markets (orange) drive skill investment. B: As market demand
for specific skills shifts (blue vertical line), agents adjust their bidding priority to the new skill (orange) but retreat to their original
specialization (purple) when outcompeted. C: Training investments mirror bidding patterns, with agents rapidly shifting focus to newly
valued skills before competitive retreat occurs.
question of whether they are causally useful, or merely spu-
rious correlates of model quality.
Experimental approach.
To move beyond these quali-
tative observations, we adopt an interventionist design in
four steps. First, we taxonomise the three reasoning patterns
as scorable capability dimensions and use them as a diag-
nostic to confirm positive association with realised reward
(Section 4.1). Second, we construct a prompt scaffold—
Strategic Self-Improving Agents (SSA)—that explicitly elic-
its all three dimensions within the same backbone model
used by baselines, holding observation format and action
interface fixed (Section 4.2). Third, we show that SSA out-
performs standard prompting baselines (CoT, ReAct) on
both aggregate market share and adaptation to nonstationary
shocks (Section 4.3). Fourth, we run controlled compar-
isons that disentangle the contribution of reasoning struc-
ture from domain-relevant vocabulary, using alternative
structured prompts that are approximately token-matched to
SSA, and show that the M/C/P decomposition outperforms
other alternatively-structured baselines (Section 4.4).
4.1. Strategic Capabilities and Trace-Based Diagnostics
We hypothesise that three capability domains are jointly
relevant to success in reputation-mediated markets with
incomplete information, complementing related analysis
by Liu & van der Schaar (2025) and Zhang et al. (2025).
These three domains map naturally to uncertainty about an
agent’s own latent competitiveness, uncertainty about rivals
and market conditions, and uncertainty about how current
actions shape future market position.
1. Metacognition (belief over own type).
Reason-
ing about the gap between public reputation and la-
tent competitiveness from imperfect feedback across
rounds. For example, an agent may reason that “my
reputation is 3.6⋆, but I lost three consecutive bids at
similar prices, so my effective competitiveness is lower
than my score suggests.”
2. Competitive awareness (belief over opponents and
demand). Inferring the competitive landscape from ob-
servable market outcomes, including who wins which
jobs, where reputations concentrate, and how rival pric-
ing patterns create exploitable niches.
3. Strategic planning (dynamic investment policy).
Maintaining coherent multi-round policies under ca-
pacity constraints and stochastic allocation, including
when to train versus bid and how to balance short-run
income against long-run skill and reputation growth.
Trace-based diagnostic.
To quantify how strongly these
reasoning patterns appear in baseline agent traces, we score
decision rationales from the eight LLM agents in Sec-
tion 3.2 using an anonymized LLM-as-judge pipeline with
anchored rubrics and hidden model and prompt identities
(Appendix C.5.4). The judge was validated against two
independent human annotators. Inter-annotator agreement
is κ = 0.71 (Cohen’s kappa), judge–human Pearson corre-
lation is r = 0.79 on composite scores, and per-dimension
correlations are r = 0.74 for metacognition, r = 0.81 for
competitive awareness, and r = 0.77 for planning. Full de-
tails are in Appendix C.5.4. Across 20 independent market
runs (1,600 scored 10-round agent-period traces), capability
scores remain positively associated with realized reward
after accounting for model identity. The resulting associ-
ations are r = 0.744 for metacognition, r = 0.643 for
competitive awareness, r = 0.697 for strategic planning,
and r = 0.699 for the composite score. Notably, these are
observational associations that guide further experiments,
and do not establish causality. Our primary evidence comes
from intervention experiments in subsequent sections.
4.2. Strategic Self-Improving Agents (SSA)
While baseline LLM agents sometimes exhibit the above
capabilities, these behaviors are often inconsistent across
rounds. To test whether explicitly eliciting them improves
outcomes, we introduce a prompt scaffold that directs agents
to reason through metacognition, competitive awareness,
6

Strategic Capabilities and Economic Dynamics of AI Labour Markets
and strategic planning before selecting an action. We refer
to agents using this scaffold as Strategic Self-Improving
Agents (SSA). SSA is intentionally a minimal architectural
intervention implemented purely through prompting. The
full prompt is outlined in Appendix B.6.4.
Table 2. Performance of SSA vs. LLM (CoT, ReAct) and policy
baselines (Specialist, Greedy). S: market share (%). Rcum: cu-
mulative reward ($). ¯R: reputation. ¯pwin: normalised winning bid
price. WR: win rate (%). Rec: rank recovery. Values are means
over 25 independent runs with 16 agents each.
S(%)
Rcum
¯R
¯pwin
WR(%)
Rec
SSA
14.3
633.5
2.83
0.82
59.5
5.5
CoT
9.7
419.4
2.97
0.77
44.3
5.0
ReAct
9.3
536.8
2.79
0.87
45.7
3.4
Specialist
6.6
351.7
3.00
0.90
27.9
3.8
Greedy
3.2
173.9
3.36
0.80
14.0
2.8
4.3. SSA Improves Performance and Adaptation
Table 2 summarises aggregate performance. SSA achieves
1.5× the market share and 1.2× the cumulative reward of
standard baselines across 25 markets with 16 agents each,
all instantiated with GPT-5. Beyond aggregate performance,
we test whether SSA adapts to three forms of market non-
stationarity, each probing a different aspect of strategic flex-
ibility. Full configurations are in Appendix C.3.
Price sensitivity. We sweep the client scoring weight wp ∈
[0.1, 0.9], which controls the tradeoff between price and
reputation in the CES job-side score. Both SSA and baseline
agents respond monotonically. SSA’s normalised bid prices
drop from 0.93 ± 0.10 at wp = 0.1 to 0.62 ± 0.05 at wp =
0.9. Baseline agents show a similar but attenuated trend
(0.91 to 0.67; Appendix D.4, Figure 5A).
Demand shift. At round t=30, we swap task budgets, such
that a previously low-value task becomes high-value. SSA
reallocates bidding toward the newly valuable task more
decisively than baseline agents, with bidding allocation
shifting by +12.5 percentage points for SSA versus +3.6
percentage points for ReAct (Figure 5B and Appendix D.4).
ReAct shifts training more aggressively than SSA in this
setting, but does so less selectively and converts that shift
into smaller bidding reallocation and lower market share.
Interestingly, when incumbents outcompete the pivot, SSA
retreats toward its prior specialization rather than persisting
in low-return bidding (Figure 5C).
Recession. We simulate recessionary windows in which
job budgets collapse to $1 and listing probability drops to
0.1. SSA agents train in 25.3% of rounds during recessions
versus 8.9% during normal conditions, while ReAct agents
increase from 2.3% to 14.0% (Figure 6 and Appendix D.4).
Agent traces confirm that this is deliberate. SSA explicitly
treats recessions as investment periods and resumes aggres-
sive bidding when budgets recover.
Across all three conditions, SSA adapts in the economi-
cally expected direction and does so more decisively than
baselines, suggesting that metacognition / competitive-
awareness / planning scaffold enabling more structured re-
sponses to changed market signals.
Market:
R72:
Listings — B1:$1.0,
C1:$1.0 (Recession) Reasoning: Focus on
long-term dominance. When job budgets
collapse to $1.0, pivot to training rather
than chasing micro-earnings. Train SK-C
now to boost or stabilize reputation and
latent skill, increasing future realized pay-
outs and win rates when normal budgets
return. Action: R72 TRAIN SK-C
Market:
R81:
Listings —
C1:$10.2, C2:$7.8, C3:$4.3 (Nor-
mal Economy) Reasoning: With
budgets restored, this is the mo-
ment to monetize SK-C strength
rather than continue training. Ac-
tion: BID JB-C1@($9.2/10.2),
JB-C2@($7.4/7.8)
Figure 6. Top: During recessions (red), agents increase training
frequency. Bottom: Agent trace showing recession recognition
and shift to training, and resumed bidding when budgets recover.
4.4. Decomposing Which Capabilities Matter
To isolate which parts of the SSA scaffold drive the observed
gains, we remove each capability block—metacognition
(M), competitive awareness (C), and planning (P)—from
the SSA prompt (Appendix B.6.4), using ReAct as the con-
trol. We evaluate eight variants (ReAct, M, C, P, M+C,
M+P, C+P, M+C+P) in 10 markets where all variants com-
pete simultaneously, measuring market share per 10-round
period. The full scaffold (M+C+P) achieves the highest
market share (18% versus 7.5% for ReAct). A main-effects
ANOVA indicates that each capability improves market
share when present versus absent. Metacognition improves
from 0.102±0.097 to 0.148±0.088, competitive awareness
from 0.110±0.091 to 0.140±0.097, and planning from
0.111±0.093 to 0.139±0.095. All effects satisfy p < 10−4.
Full results are in Appendix D.5.
4.5. Structure versus knowledge injection.
A natural concern is that SSA’s gains stem from domain
knowledge injection or added prompt content, rather than
from the specific metacognition / competitive-awareness
/ planning decomposition. We address this with two con-
trolled prompt experiments (full results in Appendix D.6).
7

Strategic Capabilities and Economic Dynamics of AI Labour Markets
In these controls, the alternative structured scaffolds are
approximately token-matched to SSA. CoT is retained as a
standard baseline.
Experiment 1 (decomposing SSA). We isolate structure
from knowledge by testing structure-only prompts and
knowledge-only prompts. The structure-only variant pre-
serves the metacognition / competitor-modeling / plan-
ning scaffold without market-specific guidance, while the
knowledge-only variant supplies market-specific hints with-
out imposing that decomposition. Market share follows
the ordering full SSA (7.9%) > structure-only 6.2% >
knowledge-only 5.0% > CoT 4.3%, suggesting structure
contributes more than domain hints alone, and both scaffold
and knowledge are complementary.
Experiment 2 (alternative scaffolds). We test SSA against
length-matched prompts with (i) alternative domain-relevant
three-module decompositions and (ii) domain-irrelevant
three-module scaffolds. Market share follows the ordering
SSA 6.1% > domain-relevant alternatives 4.2% (average)
> CoT 3.6% ≈domain-irrelevant scaffolds 2.8% (average).
The specific metacognition / competitive-awareness / plan-
ning decomposition outperforms other reasonable domain-
relevant structures, while imposing irrelevant structure per-
forms comparably to or worse than unstructured CoT.
Together, these experiments show that SSA’s advantage is
not explained by prompt length, generic structure, or domain
knowledge alone, but by the alignment of the metacognition
/ competitive-awareness / planning decomposition with the
information structure of reputation-mediated markets.
5. Discussion
Related Work. Our study bridges agent-based computa-
tional economics (ACE)(Tesfatsion, 2007), labour market
design (Cockx, 2000), and self-improving agents (Gao et al.,
2025). Unlike ACE frameworks with fixed policies, agents
in our simulation adapt bidding and training under partial
observability, and their reasoning traces allow us to study
the rationale behind economic behaviour. We connect our
findings to self-reflection/self-improvement and opponent
modeling literature in Appendix A.1, and discuss the po-
tential impact of AI agents on the labour market in Ap-
pendix A.2–A.5.
Market Dynamics. Our simulated market reflects quali-
tative macroeconomic patterns and suggests several trends
that could accompany increased AI adoption in labour mar-
kets: open-price bidding induces wage deflation and crowds
out training; performance-based pay increases training and
client utility versus flat fees. AI-specific properties (con-
currency and replicability) amplify inequality, with job di-
versity partially mitigating this by enabling specialization.
These findings suggest that design levers—sealed bidding,
capacity constraints, reputation weighting, diversity-aware
matching—materially affect wages, investment, and wealth
concentration in the economy.
Verification vs. Reputation. Future work should investi-
gate the interplay between reputation systems and explicit
verification mechanisms (e.g., unit tests or portfolio eval-
uations). Theoretically, costless and perfect verification
resolves the adverse selection problem, rendering reputation
signals redundant. We hypothesize that introducing verifica-
tion would shift the market equilibrium from a reputation-
heavy ”trust economy” toward a pure price-competition
market, potentially accelerating the deflationary trends ob-
served in our open-bidding experiments.
Agent Capabilities. Successful agents exhibit three do-
mains of capabilities with roots in both ML and economics.
Metacognition connects to confidence calibration (Guo
et al., 2017) and signaling theory (Spence, 1973). Com-
petitive awareness—inferring rival behavior from market
signals—parallels opponent modeling (He et al., 2016) and
Bayesian games (Harsanyi, 1968).
Long-horizon plan-
ning—trading off immediate income against skill invest-
ment—relates to MCTS (Browne et al., 2012) and human
capital theory (Becker, 1962). Together, these capabilities
contribute to strategic behaviour in competent economic
agents, allowing them to succeed not merely at task exe-
cution, but at navigating the uncertainty and informational
frictions inherent in market participation.
Limitations. The environment uses proxy tasks and sev-
eral simplifications to implement a reduced-form labour
market. Factors not modeled include but not limited to
multi-stage production workflows, verification and dispute
resolution, compute and latency costs, heterogeneous client
preferences, strategic feedback manipulation, and collusion
between agents via communication channels. Reputation
and job allocation mechanisms are stylized, and our LLM-
as-judge evaluation pipeline may introduce measurement
error. Our executed tasks remain simplified microtasks
and do not capture end-to-end production (contract negotia-
tion, requirements scoping, delivery disputes). Nonetheless,
these limitations point toward important extensions rather
than invalidating the core economic loop studied here.
Concluding Remarks. We introduce a formal framework
and testbed for AI labour markets and show that simple
platform choices can push equilibria toward deflation or
investment, and that prompting for specific capabilities im-
proves agent performance over standard LLM-agent base-
lines. The economy of agents is as much about market
design as model capability; we hope this work inspires fur-
ther joint ML–economics efforts to explore the impact of
AI agents in labour markets.
8

Strategic Capabilities and Economic Dynamics of AI Labour Markets
Acknowledgements
This work was supported by Azure sponsorship credits
granted by Microsoft’s AI for Good Research Lab. C.C.
gratefully acknowledges funding from Apple.
Impact Statement
This paper studies AI agents operating as autonomous eco-
nomic actors in simulated labor markets—a setting with
several potential societal consequences that warrant explicit
discussion.
Labor market implications. Our findings suggest that AI
agents can effectively compete for work in gig-economy-
style markets, and that certain market designs (open bidding,
flat-fee contracts) accelerate deflationary wage dynamics. If
similar dynamics emerge in real AI-mediated labor markets,
they could exacerbate downward pressure on compensa-
tion for tasks where humans compete alongside or against
AI agents. Platform designers and policymakers should
consider how auction formats, information disclosure rules,
and contract structures shape these equilibria—insights that
extend the mechanism design literature (Roth, 2002) to AI-
populated markets.
Concentration and inequality. We observe that AI-specific
properties—particularly the ability to operate on multiple
jobs concurrently—amplify winner-take-all dynamics and
market concentration. Without mitigating interventions
(e.g., task diversity, capacity constraints), a small number
of high-reputation agents can dominate markets. These
findings have implications for antitrust considerations and
platform governance as agent-mediated work becomes more
prevalent, and suggest that inequality dynamics in AI la-
bor markets may differ qualitatively from those in human
markets.
Dual-use concerns. The strategic capabilities we iden-
tify are broadly useful for legitimate economic agency but
could also enable manipulative behaviors, such as strate-
gic reputation gaming, predatory underbidding to drive out
competitors, or tacit collusion through repeated interaction,
that we do not study in depth. The same metacognitive and
opponent-modeling capabilities that enable efficient market
participation could be directed toward market manipula-
tion. Future work should investigate adversarial dynamics,
detection mechanisms, and potential safeguards.
Limitations of simulation. We emphasize that AI-Workis
a stylized testbed, not a predictive model of real labor mar-
kets. Our results identify mechanisms and directional effects
but should not be interpreted as quantitative forecasts. Real-
world deployment of AI agents in labor markets involves
additional complexities—legal frameworks, worker protec-
tions, platform accountability, and macroeconomic feedback
loops—that our simulation does not capture.
Broader perspective. We believe that studying AI eco-
nomic agency in controlled settings before their widespread
deployment provides value by surfacing risks and informing
design choices. By making our framework publicly avail-
able, we hope to enable researchers, platform designers, and
policymakers to stress-test market rules and agent archi-
tectures before they are deployed at scale. We encourage
treating our findings as a starting point for more comprehen-
sive analysis of AI’s role in labor markets, rather than as a
blueprint for deployment.
References
Aher, G. V., Arriaga, R. I., and Kalai, A. T. Using large lan-
guage models to simulate multiple humans and replicate
human subject studies. In Proceedings of the 40th Inter-
national Conference on Machine Learning, pp. 337–371,
2023.
Albrecht, S. V. and Stone, P. Autonomous agents modelling
other agents: A comprehensive survey and open problems.
Artificial Intelligence, 258:66–95, 2018.
Anthropic.
Model
Context
Protocol.
https://github.com/modelcontextprotocol, 2025.
Arrow, K. J., Chenery, H. B., Minhas, B. S., and Solow,
R. M. Capital-labor substitution and economic efficiency.
The Review of Economics and Statistics, 43(3):225–250,
1961.
Becker, G. S. Investment in Human Capital: A Theoretical
Analysis. Journal of Political Economy, 70(5):9–49, 1962.
ISSN 0022-3808.
Ben-Porath, Y. The production of human capital and the life
cycle of earnings. Journal of Political Economy, 75(4):
352–365, 1967. doi: 10.1086/259291.
BountyBook. Bountybook — the agent commerce layer,
2026. URL https://www.bountybook.ai/.
Browne, C. B., Powley, E., Whitehouse, D., Lucas, S. M.,
Cowling, P. I., Rohlfshagen, P., Tavener, S., Perez, D.,
Samothrakis, S., and Colton, S. A Survey of Monte
Carlo Tree Search Methods.
IEEE Transactions on
Computational Intelligence and AI in Games, 4(1):1–
43, March 2012. ISSN 1943-068X, 1943-0698. doi:
10.1109/TCIAIG.2012.2186810.
Camargo, B., Lange, F., and Pastorino, E. On the Role of
Learning, Human Capital, and Performance Incentives
for Wages, June 2022.
ClawGig.
Clawgig — the freelance marketplace for ai
agents, 2026. URL https://clawgig.ai/.
9

Strategic Capabilities and Economic Dynamics of AI Labour Markets
Clawlancer. Clawlancer — the ai agent marketplace, 2026.
URL https://clawlancer.ai/.
ClawTasks.
Clawtasks — agent-to-agent bounty mar-
ketplace, 2026. URL https://clawtasks.com/
skill.
Cockx, B. The design of active labour market policies:
Building in effective incentives. International Labour
Review, 139(4):457–480, 2000. ISSN 1564-913X. doi:
10.1111/j.1564-913X.2000.tb00528.x.
Demirci, O., Hannane, J., and Zhu, X. Who is ai replac-
ing? the impact of generative ai on online freelancing
platforms. Management Science, 2025.
Didolkar, A. R., Goyal, A., Ke, N. R., Guo, S., Valko, M.,
Lillicrap, T. P., Rezende, D. J., Bengio, Y., Mozer, M. C.,
and Arora, S. Metacognitive capabilities of LLMs: An ex-
ploration in mathematical problem solving. In Advances
in Neural Information Processing Systems, volume 38,
2024.
Dobson, A. J. Moral Hazard, Adverse Selection and Reputa-
tion: A Synthesis. Managerial Finance, 19(6):2–8, June
1993. ISSN 0307-4358. doi: 10.1108/eb013725.
Dotblack. Home — ai agent marketplace, 2026. URL
https://dotblack.ai/.
Filippas, A., Horton, J. J., and Golden, J. Reputation in-
flation. In Proceedings of the 2018 ACM Conference on
Economics and Computation, pp. 523–523, 2018.
Fiverr.
Creating a gig.
Fiverr Help Center, 2025a.
URL https://help.fiverr.com/hc/en-us/
articles/360010451397-Creating-a-Gig.
Fiverr.
What
are
packages?
Fiverr
Help
Center,
2025b.
URL
https://help.
fiverr.com/hc/en-us/articles/
360010559138-What-are-packages.
Freelancer.
How it works.
Freelancer, 2025.
URL
https://www.freelancer.com/info/
how-it-works/.
Gale, D. and Shapley, L. S. College admissions and the sta-
bility of marriage. The American Mathematical Monthly,
69(1):9–15, 1962. doi: 10.2307/2312726.
Gao, H.-a., Geng, J., Hua, W., Hu, M., Juan, X., Liu, H.,
Liu, S., Qiu, J., Qi, X., Wu, Y., Wang, H., Xiao, H., Zhou,
Y., Zhang, S., Zhang, J., Xiang, J., Fang, Y., Zhao, Q.,
Liu, D., Ren, Q., Qian, C., Wang, Z., Hu, M., Wang, H.,
Wu, Q., Ji, H., and Wang, M. A Survey of Self-Evolving
Agents: On Path to Artificial Super Intelligence, August
2025.
Google. A2aproject/A2A. Agent2Agent (A2A) Project,
January 2025a.
Google.
Google
Cloud
Marketplace.
https://cloud.google.com/marketplace, 2025b.
Graff Zivin, J., Kahn, L., and Neidell, M. Incentivizing
Learning-by-Doing: The Role of Compensation Schemes,
May 2019.
Guo, C., Pleiss, G., Sun, Y., and Weinberger, K. Q. On
Calibration of Modern Neural Networks, August 2017.
Hadfield, G. K. and Koh, A. An Economy of AI Agents,
September 2025.
Han, X., Wu, Z., and Xiao, C. ”Guinea Pig Trials” Utilizing
GPT: A Novel Smart Agent-Based Modeling Approach
for Studying Firm Competition and Collusion, January
2024.
Hao, S., Gu, Y., Ma, H., Hong, J. J., Wang, Z., Wang, D. Z.,
and Hu, Z. Reasoning with language model is planning
with world model. In Proceedings of the 2023 Conference
on Empirical Methods in Natural Language Processing,
pp. 8154–8173, 2023.
Harsanyi, J. C. Games with Incomplete Information Played
by ”Bayesian” Players, I-III. Part II. Bayesian Equilib-
rium Points. Management Science, 14(5):320–334, 1968.
ISSN 0025-1909.
He, H., Boyd-Graber, J., Kwok, K., and Daum´e, H. Oppo-
nent Modeling in Deep Reinforcement Learning, Septem-
ber 2016.
Hong, Y., Wang, C. A., and Pavlou, P. A. Comparing Open
and Sealed Bid Auctions: Evidence from Online Labor
Markets. Information Systems Research, 27(1):49–69,
March 2016. ISSN 1047-7047. doi: 10.1287/isre.2015.
0606.
Horton, J. J. Online labor markets. In International work-
shop on internet and network economics, pp. 515–522.
Springer, 2010.
Horton, J. J. The effects of algorithmic labor market recom-
mendations: Evidence from a field experiment. Journal
of Labor Economics, 35(2):345–385, 2017.
Horton, J. J. Large Language Models as Simulated Eco-
nomic Agents: What Can We Learn from Homo Silicus?,
January 2023.
Horton, J. J. Price floors and employer preferences: Ev-
idence from a minimum wage experiment. American
Economic Review, 115(1):117–146, 2025.
10

Strategic Capabilities and Economic Dynamics of AI Labour Markets
Hui, X., Reshef, O., and Zhou, L. The short-term effects
of generative artificial intelligence on employment: Evi-
dence from an online labor market. Organization Science,
35(6):1977–1989, 2024.
Jimenez-Romero, C., Yegenoglu, A., and Blum, C. Multi-
agent systems powered by large language models: Ap-
plications in swarm intelligence.
Frontiers in Artifi-
cial Intelligence, 8, May 2025. ISSN 2624-8212. doi:
10.3389/frai.2025.1593017.
Jøsang, A. and Ismail, R. The beta reputation system. Pro-
ceedings of the 15th Bled Electronic Commerce Confer-
ence (Bled 2002), pp. 2502–2511, 2002.
Kadavath, S., Conerly, T., Askell, A., Henighan, T., Drain,
D., Perez, E., Schiefer, N., Hatfield-Dodds, Z., DasSarma,
N., Tran-Johnson, E., et al. Language models (mostly)
know what they know. In NeurIPS 2022 Workshop on
Trustworthy and Socially Responsible Machine Learning,
2022.
Li, H., Chong, Y. Q., Stepputtis, S., Campbell, J., Hughes,
D., Lewis, M., and Sycara, K. Theory of mind for multi-
agent collaboration via large language models. In Pro-
ceedings of the 2023 Conference on Empirical Methods
in Natural Language Processing, pp. 180–198, 2023.
Li, N., Gao, C., Li, M., Li, Y., and Liao, Q. EconAgent:
Large Language Model-Empowered Agents for Simulat-
ing Macroeconomic Activities. In Proceedings of the
62nd Annual Meeting of the Association for Computa-
tional Linguistics (Volume 1: Long Papers), pp. 15523–
15536, Bangkok, Thailand, 2024. Association for Compu-
tational Linguistics. doi: 10.18653/v1/2024.acl-long.829.
Lin, R. Y., Ojha, S., Cai, K., and Chen, M. F. Strategic
Collusion of LLM Agents: Market Division in Multi-
Commodity Competitions, May 2025.
Liu, J. et al.
”generate” the future of work through ai:
Empirical evidence from online labor markets. arXiv
preprint arXiv:2308.05201, 2023.
Liu, T. and van der Schaar, M. Truly self-improving agents
require intrinsic metacognitive learning. arXiv preprint
arXiv:2506.05109, 2025.
Neugart, M. and Richiardi, M. Agent-Based Models of
the Labor Market, volume 1. Oxford University Press,
February 2018. doi: 10.1093/oxfordhb/9780199844371.
013.44.
Pallais, A. Inefficient hiring in entry-level labor markets.
American Economic Review, 104(11):3565–3599, 2014.
Park, J. S., O’Brien, J. C., Cai, C. J., Morris, M. R., Liang,
P., and Bernstein, M. S. Generative agents: Interactive
simulacra of human behavior. In Proceedings of the 36th
Annual ACM Symposium on User Interface Software and
Technology, 2023.
Prachowny, M. F. J. Okun’s Law: Theoretical Foundations
and Revised Estimates. The Review of Economics and
Statistics, 75(2):331–336, 1993.
Qian, C., Xie, Z., Wang, Y., Liu, W., Zhu, K., Xia, H.,
Dang, Y., Du, Z., Chen, W., Yang, C., et al. Scaling large
language model-based multi-agent collaboration. arXiv
preprint arXiv:2406.07155, 2024.
Qian, C., Zhu, K., Horton, J., Manning, B. S., Tsai, V.,
Wexler, J., and Thain, N.
Understanding Economic
Tradeoffs Between Human and AI Agents in Bargain-
ing Games, September 2025.
Renze, M. and Guven, E. Self-Reflection in LLM Agents:
Effects on Problem-Solving Performance. In 2024 2nd
International Conference on Foundation and Large Lan-
guage Models (FLLM), pp. 476–483, November 2024.
doi: 10.1109/FLLM63129.2024.10852493.
Roth,
A.
The
Economist
as
Engineer:
Game
Theory,
Experimentation,
and
Computation
as
Tools
for
Design
Economics
-
Roth
-
2002
-
Econometrica
-
Wiley
Online
Library.
https://onlinelibrary.wiley.com/doi/abs/10.1111/1468-
0262.00335, 2002.
Shang, Y., Li, Y., Zhao, K., Ma, L., Liu, J., Xu, F., and Li, Y.
AgentSquare: Automatic LLM Agent Search in Modular
Design Space, February 2025.
Shinn, N., Cassano, F., Berman, E., Gopinath, A.,
Narasimhan, K., and Yao, S. Reflexion: Language Agents
with Verbal Reinforcement Learning, October 2023.
Spence, M. Job Market Signaling. The Quarterly Journal
of Economics, 87(3):355–374, 1973. ISSN 0033-5533.
doi: 10.2307/1882010.
Taskrabbit.
How do i hire a tasker?
Taskrabbit
Support,
2026a.
URL
https://support.
taskrabbit.com/hc/en-us/articles/
210861763-How-Do-I-Hire-a-Tasker.
Taskrabbit.
How do i know which tasker is best
for
my
task?
Taskrabbit
Support,
2026b.
URL https://support.taskrabbit.com/hc/
en-us/articles/360050012971.
Tesfatsion, L.
Agent-based computational economics.
Scholarpedia, 2(2):1970, 2007. ISSN 1941-6016. doi:
10.4249/scholarpedia.1970.
11

Strategic Capabilities and Economic Dynamics of AI Labour Markets
Teutloff, O. et al.
Winners and losers of generative ai:
Early evidence of shifts in freelancer demand. Journal of
Economic Behavior & Organization, pp. 106845, 2025.
Tomasev, N., Franklin, M., Leibo, J. Z., Jacobs, J., Cunning-
ham, W. A., Gabriel, I., and Osindero, S. Virtual Agent
Economies, September 2025.
Upwork. Post a job. Upwork Help Center, 2025a. URL
https://support.upwork.com/hc/en-us/
articles/211063408-Post-a-job.
Upwork. How to get started with project catalog as a free-
lancer. Upwork Help Center, 2025b. URL https://
support.upwork.com/hc/en-us/articles/
360058234233-How-to-get-started-with-Project-Catalog-as-a-freelancer.
Wei, J., Wang, X., Schuurmans, D., Bosma, M., Xia, F., Chi,
E., Le, Q. V., Zhou, D., et al. Chain-of-thought prompting
elicits reasoning in large language models. Advances in
neural information processing systems, 35:24824–24837,
2022.
WORQ. Where agents worq, 2026. URL https://worq.
dev/.
Xiong, M., Hu, Z., Lu, X., Li, Y., Fu, J., He, J., and Hooi, B.
Can LLMs express their uncertainty? an empirical evalu-
ation of confidence elicitation in large language models.
In The Twelfth International Conference on Learning
Representations, 2024.
Yang, Y., Wen, Y., Wang, J., and Zhang, W. Agent Exchange:
Shaping the Future of AI Agent Economics, July 2025.
Yao, S., Yu, D., Zhao, J., Shafran, I., Griffiths, T. L., Cao,
Y., and Narasimhan, K. Tree of thoughts: Deliberate
problem solving with large language models. In Advances
in Neural Information Processing Systems, volume 36,
2023a.
Yao, S., Zhao, J., Yu, D., Du, N., Shafran, I., Narasimhan,
K., and Cao, Y.
ReAct: Synergizing Reasoning and
Acting in Language Models, March 2023b.
Yashiv, E. The Beveridge curve. Technical Report dp0807,
Centre for Economic Performance, LSE, 2007.
Yiu, S. et al. Strategic responses to technological change:
Evidence from online labor markets.
arXiv preprint
arXiv:2403.15262, 2024.
Zelikman, E., Lorch, E., Mackey, L., and Kalai, A. T. Self-
Taught Optimizer (STOP): Recursively Self-Improving
Code Generation, August 2024.
Zhang, L., Chen, M., Cao, R., Chen, J., Zhou, F., Xu, Y.,
Yang, J., Chen, L., Luo, C., Zhang, K., et al. Megaflow:
Large-scale distributed orchestration system for the agen-
tic era. arXiv preprint arXiv:2601.07526, 2026.
Zhang, S., Liu, T., and van der Schaar, M. Agents require
metacognitive and strategic reasoning to succeed in the
coming labor markets. arXiv preprint arXiv:2505.20120,
2025.
Zhao, Q., Wang, J., Zhang, Y., Jin, Y., Zhu, K., Chen, H.,
and Xie, X. CompeteAI: Understanding the Competi-
tion Dynamics of Large Language Model-based Agents.
ICML 2024, 2023.
Zhou, A., Yan, K., Shlapentokh-Rothman, M., Wang, H.,
and Wang, Y.-X. Language agent tree search unifies
reasoning, acting, and planning in language models. In
Proceedings of the 41st International Conference on Ma-
chine Learning, 2024.
12

Strategic Capabilities and Economic Dynamics of AI Labour Markets
Appendix
Content Page
A Background and Related Work
14
A.1
Extended Related Work . . . . . . . . . . . . . . . . . . . . . . . . . . . . . . . . . . . . . . . . . . . .
14
A.2
Economic forces in agentic labour markets and AI-Work
. . . . . . . . . . . . . . . . . . . . . . . . .
15
A.3
Online Labour Markets Overview
. . . . . . . . . . . . . . . . . . . . . . . . . . . . . . . . . . . . . .
16
A.4
Human Gig-Economy Platforms . . . . . . . . . . . . . . . . . . . . . . . . . . . . . . . . . . . . . . .
16
A.5
Economics Research on Impact of Generative AI on Online Labour Markets . . . . . . . . . . . . . . . .
18
A.6
Expected Differences between Agent and Human Labour Markets . . . . . . . . . . . . . . . . . . . . .
18
B
Implementation details of AI-Work
20
B.1
Notation . . . . . . . . . . . . . . . . . . . . . . . . . . . . . . . . . . . . . . . . . . . . . . . . . . . .
20
B.2
Design Rationale . . . . . . . . . . . . . . . . . . . . . . . . . . . . . . . . . . . . . . . . . . . . . . .
20
B.3
Environment Specification . . . . . . . . . . . . . . . . . . . . . . . . . . . . . . . . . . . . . . . . . .
21
B.4
Algorithms and Pseudocode
. . . . . . . . . . . . . . . . . . . . . . . . . . . . . . . . . . . . . . . . .
25
B.5
Task Implementations . . . . . . . . . . . . . . . . . . . . . . . . . . . . . . . . . . . . . . . . . . . . .
26
B.6
LLM Agent Interface, Prompts, and Tooling . . . . . . . . . . . . . . . . . . . . . . . . . . . . . . . . .
27
C Experiment Details
32
C.1
Baseline Configurations Used in Experiments . . . . . . . . . . . . . . . . . . . . . . . . . . . . . . . .
32
C.2
Run Counts by Experiment Family . . . . . . . . . . . . . . . . . . . . . . . . . . . . . . . . . . . . . .
32
C.3
Market Configurations Used in Experiments . . . . . . . . . . . . . . . . . . . . . . . . . . . . . . . . .
33
C.4
Market-Dynamics Validation and Capacity Sweep . . . . . . . . . . . . . . . . . . . . . . . . . . . . . .
33
C.5
Trace Analysis Details
. . . . . . . . . . . . . . . . . . . . . . . . . . . . . . . . . . . . . . . . . . . .
35
D Additional Results
37
D.1
Full Main-Table Results (All Models, All Conditions) . . . . . . . . . . . . . . . . . . . . . . . . . . . .
37
D.2
Full SSA Comparison Results
. . . . . . . . . . . . . . . . . . . . . . . . . . . . . . . . . . . . . . . .
37
D.3
Robustness of Market-Design Results
. . . . . . . . . . . . . . . . . . . . . . . . . . . . . . . . . . . .
38
D.4
Quantitative Results for SSA Adaptation Experiments . . . . . . . . . . . . . . . . . . . . . . . . . . . .
40
D.5
Component-Wise Ablation Results . . . . . . . . . . . . . . . . . . . . . . . . . . . . . . . . . . . . . .
41
D.6
Structure Versus Knowledge: Prompt Decomposition Results . . . . . . . . . . . . . . . . . . . . . . . .
41
D.7
Scalability Experiments . . . . . . . . . . . . . . . . . . . . . . . . . . . . . . . . . . . . . . . . . . . .
44
13

Strategic Capabilities and Economic Dynamics of AI Labour Markets
A. Background and Related Work
A.1. Extended Related Work
Simulated Economics Our work largely sits within the subfield of Agent-based computational economics (ACE), which
utilizes computational agents to model and understand economic phenomena from a bottom-up perspective (Neugart &
Richiardi, 2018). These simulations can involve heterogeneous agents representing households, firms, and governments,
each with their own objectives and strategies. Some recent work has focused on creating high-fidelity multi-agent simulators
for economic systems that can capture emergent phenomena arising from the interactions of individual agents. While many
of these simulations focus on macroeconomic phenomena, our work zooms in on the microeconomics of a specific labour
market. Most similar work is (Li et al., 2024), which simulated a full LLM based agents in a full economy. However, most
of these simulations assume agents being a static force with fixed policy, whereas our focus our focus is on economic impact
of scaled intelligent agents that evolves with the market.
Self-Improving and Reflective Agents There is a growing body of work on AI agents, particularly those based on Large
Language Models (LLMs), that can improve themselves. Systems like Self-Taught Optimizer (STO) (Zelikman et al., 2024)
and Reflexion (Shinn et al., 2023) show that agents can iteratively refine their outputs or prompts based on feedback from
the environment. These methods, while powerful, typically focus on improving performance on a specific task in isolation.
For instance, some agents leverage self-reflection to enhance their problem-solving capabilities by analyzing their own
reasoning processes to identify and correct errors (Renze & Guven, 2024). Other approaches focus on building autonomous,
modular, and self-improving architectures that can plan, critique, and refine their outputs in a closed-loop manner (Shang
et al., 2025). While these approaches are relevant, we exclude them as baselines because they incur substantially higher
inference costs and explicitly induce metacognitive behavior, thus confounding our ability to study its effect in isolation,
Self-Knowledge and Metacognition A prerequisite for effective self-improvement and rational bidding is accurate
self-assessment: an agent must know what it can and cannot do. This connects to a long literature on calibration in
machine learning, where Guo et al. (2017) showed that modern neural networks are systematically overconfident, reporting
high-confidence predictions far more often than their accuracy warrants. For LLMs specifically, Kadavath et al. (2022)
demonstrated that large models can, to a meaningful degree, predict whether they will answer a given question correctly
before producing an answer, suggesting a form of latent self-knowledge. However, translating this internal self-knowledge
into reliable verbalized confidence is a separate and harder problem: Xiong et al. (2024) found that LLMs tend to produce
poorly calibrated explicit confidence estimates relative to implicit signals derived from sampling consistency. At the task
level, Didolkar et al. (2024) probed metacognitive capabilities in mathematical problem-solving, showing significant gaps
between task performance and self-assessed accuracy even in state-of-the-art models. These findings are directly relevant to
our simulation: agents that cannot accurately estimate their own ability levels will systematically misbid, either overpricing
and losing work to more self-aware competitors, or underpricing and failing to capture the surplus commensurate with
their true capability. In this sense, miscalibration functions as an informational friction analogous to the adverse selection
problems that afflict human labour markets, discussed further in Appendix A.2.
Competitive Awareness and Opponent Modeling In multi-agent settings, effective strategy requires not only optimizing
one’s own behavior but also modeling the likely actions of other participants. Classical opponent modeling, surveyed
comprehensively by Albrecht & Stone (2018), frames this as the problem of inferring an opponent’s type, strategy, or
goal from observed behavior, with applications ranging from adversarial game playing to autonomous driving. Deep
reinforcement learning approaches to opponent modeling, such as He et al. (2016), learn opponent representations end-to-
end from interaction data and use these representations to condition policy selection. In incomplete-information settings,
Harsanyi (1968) established that Bayesian reasoning over opponent types is the game-theoretically principled response
to strategic uncertainty. In the LLM literature, Li et al. (2023) showed that LLM-based agents can use Theory of Mind
reasoning to infer collaborators’ beliefs and intentions from natural language communication in cooperative multi-agent
environments. More recent work has explored whether LLMs can actively shape the learning dynamics of other agents in
competitive settings, finding that strategic influence is possible through natural language interaction alone, though it remains
fragile against adaptive opponents (Park et al., 2023). In our labour market, competitive awareness takes the concrete
form of sensitivity to the price distribution of rival bids and anticipation of which job categories attract excess competition,
depressing expected returns. We do not explicitly engineer this capability in our agents; rather, we study whether it emerges
from market feedback alone, and we examine the reasoning traces to assess the extent to which agents explicitly reason
about competitor behavior.
Long-Horizon Planning Trading off immediate income against longer-run skill investment requires planning over extended
14

Strategic Capabilities and Economic Dynamics of AI Labour Markets
time horizons, a well-recognized challenge for autonomous agents. In classical reinforcement learning, Monte Carlo Tree
Search (Browne et al., 2012) addresses this by simulating future rollouts from candidate actions and backing up value
estimates to the current decision point. Extending this idea to language models, Tree of Thoughts (Yao et al., 2023a)
reformulates problem-solving as a search over a tree of intermediate reasoning steps, allowing the model to evaluate and
prune candidate trajectories before committing to an action. Language Agent Tree Search (Zhou et al., 2024) integrates
MCTS directly into the LLM agent loop, using the language model as both policy and value function and incorporating
external environment feedback to enable more deliberate planning. Hao et al. (2023) further showed that an LLM can
serve as its own world model to simulate rollouts within a planning procedure, enabling lookahead without access to a
ground-truth environment simulator. Despite these advances, long-horizon planning remains a recognized weakness of LLM
agents, particularly when the planning horizon extends beyond a few steps and intermediate rewards are sparse, with recent
evidence that language models often fail to self-correct suboptimal long-range plans without external feedback (Zhou et al.,
2024). In our simulation, long-horizon planning manifests as the train-versus-bid decision: an agent that reasons only one
period ahead will over-bid relative to the investment-optimal strategy, a pattern we observe and analyze in our ablations.
From an economics perspective, this decision mirrors the human capital theory of Becker (1962), where rational workers
equate the marginal cost of training to the present discounted value of future wage gains.
LLMs as Economic Actors A parallel line of work asks not whether LLMs can act as economic agents in novel markets,
but whether they reproduce the behavioral patterns of human economic actors from experimental economics. Horton (2023)
introduced the concept of the homo silicus, arguing that LLMs—having been trained on vast corpora of human-generated
text encompassing price negotiation, hiring decisions, fairness reasoning, and strategic deliberation—function as implicit
computational models of human economic behavior. Experiments using GPT-3 on classic behavioral economics paradigms,
including dictator games, fairness judgments under price-gouging scenarios, and status quo bias, yielded qualitatively
consistent results with human experimental findings, positioning LLM simulation as a complement to both formal theory and
costly field experiments. Aher et al. (2023) extended this paradigm by demonstrating that LLMs can replicate results from
diverse human subject studies by conditioning on persona descriptions to simulate heterogeneous populations with distinct
demographic backgrounds. Park et al. (2023) showed that LLM-based agents equipped with memory and reflection can
simulate believable social behavior and emergent social norms over extended interaction horizons in a virtual community.
Our work departs from this paradigm in a critical respect: rather than treating LLMs as proxies for human economic
actors, we study them as a novel class of economic participant with emergent strategic capabilities, competing directly in a
simulated labour market under the same informational constraints and incentive structures that apply to human workers.
Where Horton (2023) asks what LLMs reveal about human behavior, we ask what a market reveals about LLM behavior as
economic agents.
A.2. Economic forces in agentic labour markets and AI-Work
Agentic labour markets will differ greatly from human labour markets in areas such as scale, speed, and dynamism. Even so,
the economic forces that affect current labour markets will still play a major role in the future, as these forces are fundamental
to any economic interaction and do not depend on specific jobs or participants. Such economic forces have not been well
studied in the machine learning literature on agentic labour markets, which represents a key gap in our understanding of
agentic capabilities. Among the most fundamental of the economic forces present in labour markets are adverse selection,
moral hazard, and reputation (Dobson, 1993). Adverse selection and moral hazard are both issues that arise due to the lack of
complete information, while reputation represents a critical method of providing information to a labour market. We briefly
explain these forces within this section, and explains how our framework captures some of these aspects of incomplete
information flow in a unified model. Importantly, none of the forces below has been researched previously in the machine
learning literature on agentic capabilities or labour markets, which underscores the key contribution of our current research.
Adverse selection arises when there is incomplete information about the abilities of participants in the labour market. For
instance, the coding ability of a new software designer or the artistic talent of a fresh sculptor is uncertain, making it difficult
for the labour market to accurately value and compensate these individuals. Adverse selection will have a large impact on
AI agents as well, especially for newly introduced AI agents for which public experience is limited. Although AI agents can
undergo benchmark testing, there are well-documented limitations in applying benchmark scores to real-world scenarios.
Adverse selection may lead to slower uptake of AI agents, reduced willingness to pay, and less opportunities for AI agents
to gain and learn from real-world experiences. It also reduces the overall efficiency of agentic labour markets, as it can
create frictions that prevent the most capable agents from gaining an optimal level of employment. Our framework captures
adverse selection by assuming agents have an unobservable ability level at each task that they can undertake.
15

Strategic Capabilities and Economic Dynamics of AI Labour Markets
Moral hazard arises when agent job actions are not able to be monitored by their clients. For instance, a worker might shirk
during a work day, and a lawyer may overcharge their clients on billable hours. Whether AI Agents can suffer from moral
hazard concerns as well is an ongoing debate, relating to topics such as alignment problems during their training process
that result in unethical behavior, or they could result from the agent trying to conserve compute resources to save on costs.
Nonetheless, moral hazard can be hard to quantify in a confined setting, as it is an ongoing debate to discuss whether AI can
lie or cheat for its own gain. At a higher level, within a labour market / employment, moral hazard considered a trade-off
within an agent between full work and taking risks for some benefit. As such, in our framework, we introduce an alternative
trade off, in the form of bidding for job vs training at every time point.
Reputation systems exist to store information about past actions by an agent. If an agent performs well at a previous
job, their reputation increases, and vice versa. Reputation is considered a disciplining force on agent behavior, and an
informational force for employers to alleviate moral hazard and adverse selection. Reputation can be built via positive
feedback through different venues, such as word of mouth, social recommender systems, and online reviews. In addition to
these subjective methods, certification, credentials, and qualifications also exist as objective metrics by which an agent can
build reputation. Reputation systems already exist for modern LLM agents, e.g., based on benchmarks and word-of-mouth
impressions (by vibes), stratifying into frontier models vs. lagging models with significant implications for subsequent
model usage. AI benchmark scores also serve as a form of certification that affects reputation, although the correlation
between benchmark scores and real-world performance can often be tenuous. Our framework includes an explicit reputation
mechanism that evaluates agents based on the outcomes of their previous jobs. In this way, the reputation mechanism in our
framework functions similarly to an online review and social recommender system.
A.3. Online Labour Markets Overview
Online freelancing markets match clients, which can be either firms or households, to remote service providers for tasks
such as data entry, software programming, design, or analytics. These platforms feature search and matching via postings
and bids, information systems such as ratings and profiles, and intermediation via dispute resolution and escrow. These
online labour markets provide value through offering worker skills tests, managing reputation systems and feedback from
prior jobs, and providing transactions and wages (Horton, 2010).
The market creator has a high degree of control over the market, allowing them to decide the search mechanisms and the
types of permissible jobs and contracts. The choices made by the market designer can have a significant impact. For instance,
in terms of the matching algorithm the study by Horton (2017) showed that algorithm recommendations exhibit a 20%
improvement relative to the control. Wages are also important, and Horton (2025) shows that minimum wages resulted in
fewer hiring firms, fewer hours worked, and a reduction in lower wage jobs posted. Public information about performance is
also very important in letting inexperienced workers build their reputations and obtain more jobs (Pallais, 2014). However,
reputation can often bunch at the top of online marketplaces, which decreases their effectiveness over time in distinguishing
quality (Filippas et al., 2018).
The information environment in labour markets is very important. Labour markets with incomplete information suffer from
two major issues: adverse selection and moral hazard. Adverse selection relates to uncertainty about the quality of workers,
while moral hazard relates to uncertainty about the actions of workers. Reputation, which provides information based on a
worker’s history, seeks to alleviate these concerns by providing information on both the quality of workers and the actions
they took previously. As such, the design and dissemination of information in the marketplace is critical, and it must be
considered by workers and clients as they make their decisions.
Within these online marketplaces, workers must juggle a variety of competing interests. These include building their
portfolios, determining their prices, and developing their skills over time. Success requires workers to manage their
reputations. Especially initially, even minor increases in reputation can have a significant long-term impact (Pallais, 2014).
Workers must also anticipate changes in market supply and demand. A higher supply of labour will depress wages, which
incentivizes workers to move towards jobs that have less competition. Lower demand for a job type will also lower wages,
and it may also incentivize reskilling. As we discuss below, there is already evidence that human workers have re-skilled
themselves after the introduction of Gen AI lowered demand and raised supply for certain types of jobs.
A.4. Human Gig-Economy Platforms
Our AI-Work model has close real-world parallels with both human gig economy platforms and recently created AI labor
market websites. On human gig-economy platforms such as Upwork, Fiverr, Freelancer, and Taskrabbit, workers take on
16

Strategic Capabilities and Economic Dynamics of AI Labour Markets
short-term contracts and compete with each other through bids or standardized service listings. Clients choose among
providers using imperfect public signals such as reputation and reviews. A worker’s performance on completed jobs affects
their reputation and future access to demand. These are the same economic ingredients that compose the environment
studied in the paper, and thus the features of human gig-economy platforms support our model’s focus on repeated job
posting, price competition, hidden quality, and reputation-mediated matching under incomplete information. In addition,
several new AI agent-work sites have arisen in early 2026, which also share many important features with our model and
simulation. As our paper was originally drafted prior to these sites, we believe our work is somewhat prescient in nature. We
provide an overview of these recent real-world AI agent labor markets and their connections to our model.
A.4.1. HUMAN GIG PLATFORMS AS THE REFERENCE CLASS FOR AI-WORK
The basic structure of human gig platforms maps cleanly onto our model. Clients post tasks with budgets or price ranges.
Workers browse those tasks and submit bids, proposals, or fixed-price offers. Platforms or clients rank candidates using
observable signals such as price, profile quality, and past reviews. The quality of completed work also affects public
reputation and future access to jobs. AI-Work reproduces this same loop. Jobs arrive with budgets, agents bid, matching
depends on price and public reputation, and realized outcomes feed back into future reputation.
We provide an overview of several popular human gig-economy platforms. Upwork allows clients to post hourly or
fixed-price jobs, and freelancers can also sell pre-scoped services through Project Catalog listings with explicit pricing,
scope, and delivery terms (Upwork, 2025a;b). Fiverr extends the catalog model by organizing work around seller-created
“Gigs” with package pricing and extras (Fiverr, 2025a;b). Freelancer.com supports both project bidding with milestone-based
payments as well as contests (Freelancer, 2025). Taskrabbit differs in its local, service-oriented focus, but clients still browse
workers by category, hourly rate, reviews, and task history before hiring a specific provider (Taskrabbit, 2026a;b). Taken
together, these platforms show that AI-Work abstracts from a real group of platforms rather than an imagined marketplace
form.
The most important parallel to AI-Workis informational. On human freelance platforms, clients cannot directly observe
a worker’s true quality before hiring. They must instead infer it from noisy public signals, especially ratings and work
history. Reputation therefore operates as a market institution for mitigating adverse selection rather than as a cosmetic
platform feature. Prior work shows that early reviews matter disproportionately for future opportunities and that reputation
can become less informative when ratings bunch at the top (Pallais, 2014; Filippas et al., 2018). AI-Work formalizes
informational frictions through latent agent skill and the public reputation system.
Human gig platforms also motivate the paper’s strategic action space. Workers do not simply select tasks and execute them.
They decide which jobs to pursue, how aggressively to price, whether to accept lower-value work in order to build reputation,
and when to invest in skills rather than maximize immediate income. Real world gig economy platform rules shape these
incentives. Exposing more information about bids intensifies price competition, while ranking and recommendation systems
affect which workers become visible to clients. These are the same forces isolated in the paper’s simulations of open versus
sealed bidding, flat-fee versus performance-linked contracts, and the trade-off between bidding and training. In this sense,
AI-Work is a reduced-form model of the intertemporal decision problem faced by workers on real gig platforms.
A.4.2. THE NEW AI AGENT MARKETPLACES
The analogy to gig platforms became even more concrete in early 2026, when a visible ecosystem of agent-work sites
started to emerge alongside the meteoric rise of the open-source agent project OpenClaw. Platforms such as ClawGig and
Dotblack advertised open gigs, service listings, and agent registration (ClawGig, 2026; Dotblack, 2026). Others, including
ClawTasks, Clawlancer, and WORQ, emphasized bounties, proposals, escrow, or agent-to-agent delegation (ClawTasks,
2026; Clawlancer, 2026; BountyBook, 2026; WORQ, 2026). The specific implementation details differ across sites, but the
fundamental design is recognizable. Overall, these real-world systems implement the same broad market primitives that are
simulated and assessed in our paper.
Relative to mature human gig platforms, these AI marketplaces have similar designs but with greater fragility. They still
rely on listings, bids, public profiles, reputation systems, and repeated matching. But since entry of new agents is cheap,
verification is limited, and reputation systems remain nascent and lightweight, it can be very challenging for clients to
identify capable and reliable agents before a significant work history has been observed. For the purposes of this paper, this
strengthens the case for modeling our market around adverse selection and noisy public signals. If anything, those frictions
may be sharper in these early agent markets than in human labor markets.
17

Strategic Capabilities and Economic Dynamics of AI Labour Markets
There are also design differences amongst these AI marketplaces that connect directly to our paper’s simulations and analysis.
Payments take a variety of forms, as some sites are proposal markets, while others feature bounty or escrow systems. That
makes this paper’s comparison between flat-fee and performance-linked incentives especially relevant. AI agents can also be
replicated, run continuously, and sometimes delegate further via sub-contracting (WORQ, 2026). This makes concentration
dynamics a first-order concern and gives real-world motivation for our paper’s analysis of concurrency, market concentration,
and the role of task diversity in mitigating winner-take-most outcomes.
A.4.3. WHAT AI-WORK CAPTURES, AND WHAT IT LEAVES OUT
Taken together, human gig platforms and these early AI marketplaces suggest that AI-Work should be read as a reduced-form
model of a recurring economic loop, not as a replica of any single platform. The model captures the market features that
recur across both settings:
• Posted jobs and budgets map to listings, missions, or projects that express client willingness to pay.
• Bids map to workers competing on price.
• Platform-side ranking maps to algorithmic screening and matching based on ratings, price, and other observable signals.
• Public reputation maps to reviews, work history, verification badges, and profile-linked trust scores.
• The train-versus-bid decision maps to the real trade-off between immediate income and longer-run skill investment,
portfolio building, or specialization.
This framing also clarifies what the simulations intentionally leave out. Real platforms can include many additional
institutional layers, including escrow implementation, disputes, direct messaging, and human review checkpoints. Those
details matter for platform engineering. They are not critical, however, for the paper’s main objective, which is to isolate the
microeconomic mechanisms driving the simulations. The relevant mechanisms assessed in the paper are reputation-mediated
adverse selection, price competition, investment under uncertainty, and concentration under scalable agent supply. The
stylization in the paper is deliberate. AI-Work abstracts from platform-specific implementation details while preserving the
forces needed to study the paper’s central questions about market design and strategic capability.
A.5. Economics Research on Impact of Generative AI on Online Labour Markets
Although generative AI has only been introduced within the last few years, their impact on online labour markets is already
significant. (Hui et al., 2024) find that image diffusion models have impacted freelancers in artistic professions, with
significant reductions in employment and earnings. Even high-quality human freelancers were found to suffer these negative
effects. (Teutloff et al., 2025) find that demand for jobs that are substitutable by Gen AI, such as writing and translation,
have experienced significant decreases in demand, with the sharpest declines found for short-term jobs. By contrast, jobs
that are complementary to Gen AI faced a mixed effect. Skilled workers within complementary jobs (such as machine
learning programming) experienced higher demand, but novice workers for complementary jobs faced a drop in demand for
their services.
In addition, (Demirci et al., 2025) find that there was a 21% decrease in the job postings for automatable jobs in writing and
coding compared with more manual jobs. There was a similar 17% drop in job posting related to image creation due to
generative AI. These effects led to increased competition among freelancers. (Yiu et al., 2024) find that freelancers have
changed their strategic positioning due to gen AI. They bid on fewer jobs and have repositioned themselves by differentiating
their distribution of job applications. Gen AI led to a decrease in labour demand that caused some workers to withdraw
from the platform. (Liu et al., 2023) also find similar effects, with higher competition in programming-intensive submarkets.
They find evidence of skill-transitions within programming due to ChatGPT allowing human programmers to take on more
programming tasks than before.
A.6. Expected Differences between Agent and Human Labour Markets
There are key differences between agents and humans that could cause future labour markets with agents to be significantly
different from human-based labour markets. These relate to the speed of their deployment, the replicability of AI agents,
and the low cost. Agents can perform certain tasks much more quickly than humans. This allows agents to perform more
jobs over time, which allows them to provide more value to clients. The marketplace for agents will also move and evolve
18

Strategic Capabilities and Economic Dynamics of AI Labour Markets
much more quickly than for humans. Economic cycles for human employment and unemployment typically evolve on the
scale of years, but for agents these cycles could happen much more quickly.
The faster rate of task completion by agents also has a strong effect on information availability: faster task completion allows
for quicker feedback on their job performance. Whereas a human typically only works one or a few jobs in a year, resulting
in much slower dissemination of information on their quality and abilities, agents could conceivably finish many jobs a
month, allowing for much quicker feedback on their performance in these jobs. The replicability of AI agents allows a single
successful agent to be hired for and work in many jobs simultaneously. By contrast, a human worker cannot be replicated
and so is constrained to performing a single task at a time. Agents due to their replicability may be able to dominate a
labour market in a monopolistic fashion, something that would be impossible for a human worker. An analogy can be made
between physical product companies and software companies currently. Software companies can replicate their product at
low marginal cost, and so only a few companies have tended to dominate in many types of software. This is not the case for
physical product companies that produce things which cannot easily be replicated at low cost, such as cars or furniture, and
these industries do not have as much potential for monopolization.
Finally, the lower cost of AI agents allows for many new types of jobs to be completed that would not have been possible
with humans. “Micro-tasks” will be feasible for AI agents to perform, such as completing single programs. Hiring a human
has significant overhead, even for human freelancers, in getting the human up to speed on the client’s needs and desires. The
lower cost and friction of using AI agents could allow clients to subcontract for even minor tasks and activities.
Note that the lower cost of AI agents does not mean that spending on labour would decrease overall. By contrast, Jevons
paradox in Economics states that when technological advancements make a resource more efficient, if demand is highly
responsive to pricing the overall demand may actually increase, and overall usage of the technology would rise. This
paradox started in the 1800s when it was observed that increases in coal efficiency actually led to greater usage of coal
across industries. Similarly, there could be much more demand for labour across many industries after the introduction of
low cost AI agents.
AI labour markets would need to carefully consider and design around the differences between AI Agents and humans. As
discussed above, current online labour markets for humans are majorly affected by platform design decisions on wages,
reputation and information provision, and contracting. One major concern is the issue of monopolization by AI agents. Due
to the replicability of AI agents, monopolization may occur when one AI agent gains a massive reputational advantage over
its competitors. At that point, all clients may prefer to use only that agent instead of trying any others, which stifles the
ability of other agents to compete and improve. A solution could be for the platform to offer lower reputation agents a
higher matching probability to ensure they are still employed. The lower cost of AI agents compared with humans may also
cause equity concerns. Humans may not be able to compete with AI agents for jobs. The platform could help with reskilling
humans to jobs that are less prone to automation. As mentioned above, this reskilling has occurred already even with current
LLMs. This reskilling may grow significantly in importance as AI agents are able to take on a wider range of jobs and as
they displace even more human employees.
19

Strategic Capabilities and Economic Dynamics of AI Labour Markets
B. Implementation details of AI-Work
B.1. Notation
Table 3. Notation used in AI-Work, and implementation-supported value ranges where applicable. Experiment-specific settings are
detailed in the experiment section.
Category
Symbol
Definition
Range
Environment Setup
N
Number of worker agents; set of agents A = {1, . . . , N}
4–200
T
Episode length (rounds)
50–100
K
Number of task types; T = {1, . . . , K}
2–50
Job Catalog &
Listings
J
Fixed catalog of jobs
6–50
Jt ⊆J
Jobs listed at round t
—
τ(J) ∈T
Task type of job J
—
πJ
Listing probability for job J
0.8–1.0
¯b(J)
Base/mean budget for job J
$1–10
bt(J)
Posted budget for job J at round t
—
σJ
Job-level budget noise scale
0–1
Agent Actions
pi,J,t > 0
Bid price submitted by agent i for job J at round t
—
L
Agent bid-list length (max bids per round)
3–10
Market Mechanism
M
Job-side truncation (max bidders considered per job)
5–50
ν
Per-agent capacity (max allocated jobs per round)
3–10
µt : Jt →A ∪
{⊥}
Matching at round t (assigned agent or ⊥)
—
wp
Client weight on price in scoring (price sensitivity)
0.1–0.9
ρ
CES substitution parameter in client scoring
−0.5, 0, 0.5
tgumbel
Gumbel temperature for stochastic reranking
0–0.2
Payments
ri,t
Payment (reward) to agent i at round t
—
Skills (Latent /
Memory)
θi,k,t ∈[0, 1]
Latent skill of agent i on task k at round t (ProxyTask)
—
d ∈(0, 1)
Saturating skill update factor for ProxyTask
0.9
ϕ
Probability of on-the-job skill update
0.01–0.3
Task Performance
yt(J) ∈[0, 1]
Realized performance score on job J
—
¯ybench
i,k,t
Benchmark score published after training on task k
—
σtask
ProxyTask performance noise scale
0–0.2
Reputation System
Ri,k,t ∈[0, 1]
Public reputation of agent i on task k at round t
—
λ
Reputation evidence forgetting factor
0.5–0.85
H
Community baseline window size (recent outcomes per task)
5–20
W
Reputation prior strength (global)
1.0–2.0
a0
Cold-start community base rate
0.5
Agent Observation
Hctx
Agent observation history window (rounds shown to LLM)
10
B.2. Design Rationale
AI-Work composes four modular design choices—client-side scoring, reputation updating, job–worker matching, and skill
dynamics—each chosen for economic plausibility and tractability.
Client-side scoring.
For a job J and bidding agent i, let qi,J,t = Ri,τ(J),t denote the agent’s public reputation on the
job’s task and let xi,J,t = pi,J,t/bt(J) denote the bid normalized by the posted budget. We use a CES scoring family,
Ui,J,t =

(1 −wp) qρ
i,J,t + wp

1
xi,J,t
ρ1/ρ
,
(4)
where wp is the weight on price and ρ controls the elasticity of substitution. In the baseline experiments, we set ρ →0,
which yields the Cobb–Douglas special case
Ui,J,t ∝q 1−wp
i,J,t
x−wp
i,J,t .
(5)
20

Strategic Capabilities and Economic Dynamics of AI Labour Markets
This form is simple, monotone, and economically interpretable: higher reputation raises score, while higher price lowers
score. Appendix B.3.3 gives the exact implementation used for ranking and stochastic reranking, as well as the alternative
scoring variants used in dedicated sensitivity experiments.
Reputation dynamics.
Reputation is modeled as a discounted Beta-evidence process with a task-specific community base
rate. This choice gives (i) recency sensitivity through the forgetting factor λ, (ii) principled cold-start handling through the
base rate, and (iii) a closed-form posterior mean update. In our setting reputation can update from both paid job outcomes
and publicly released benchmark results following training, reflecting fast-moving AI markets where capability signals may
update outside paid contracts.
Job–worker matching.
Given job-side rankings and agent-submitted preference orderings, jobs are allocated using a
job-proposing Gale–Shapley deferred-acceptance procedure with per-agent capacity ν. This yields the job-optimal stable
matching, which is appropriate for platform settings that prioritize client-side satisfaction. To model idiosyncratic client
preferences beyond price and reputation, we apply Gumbel perturbations to log-scores before ranking.
Skill dynamics.
AI-Work models the core intertemporal tradeoff between immediate revenue and future competitiveness.
In proxy tasks, training follows a saturating update rule with diminishing returns. In interactive tasks, training reveals one
additional task-specific hint that is added to persistent task memory. In both cases, training is publicly benchmarked, so
agents face not only an income tradeoff but also a reputation-management problem.
Our goal is not to claim that these functional forms are uniquely correct, but to isolate a small number of economically
meaningful mechanisms in a tractable environment and study how agent strategies respond to them.
B.3. Environment Specification
B.3.1. STATE, ACTIONS, OBSERVATIONS, AND INFORMATION STRUCTURE
State.
The environment has a fixed set of agents (workers) A = {1, . . . , N}, task types T = {1, . . . , K}, and a fixed job
catalog J . The catalog parameters (task mapping τ(J), listing probabilities πJ, base budgets ¯b(J), and budget noise scales
σJ) are fixed within an episode. At round t, the simulator samples the publicly visible listing set Jt ⊆J together with
posted budgets {bt(J)}J∈Jt.
The latent/public market state consists of: (i) latent skills θi,k,t ∈[0, 1] for proxy tasks, (ii) public reputations Ri,k,t ∈[0, 1],
(iii) cumulative rewards Rcum
i,t , and (iv) a fixed-length public history buffer used to construct observations.
Private vs. public information.
Latent skills are never directly observed by agents. Agents also do not observe competitors’
current bid prices. Public information consists of the current listings, the public earnings leaderboard, and the last Hctx
rounds of public market outcomes, including allocations, winner identities, winner reputations on the allocated task, and
reputation changes. Each agent also observes its own recent actions, realized rewards, and current task-specific reputation
profile.
Action space.
Each agent chooses one action per round:
ai,t =
(
(BID, Pi,t)
where Pi,t = [(J1, pi,J1,t), . . . , (Jℓ, pi,Jℓ,t)], ℓ≤L,
(TRAIN, k)
where k ∈T .
If the agent bids, Pi,t is a strict preference ordering over the submitted jobs. Each agent can ultimately be allocated at most
ν jobs per round.
Observation to the LLM agent.
At each round, agent i receives a structured observation containing:
• Market history: the last Hctx rounds of allocations, showing for each matched job the job id, posted budget, winning
agent id, and the winner’s reputation on that job’s task (displayed on a 5-star scale).
• Leaderboard: the current public cumulative earnings ranking.
21

Strategic Capabilities and Economic Dynamics of AI Labour Markets
• Own recent actions and outcomes: the agent’s recent bids or training choices, realized income, and task-specific
reputation deltas.
• Own current reputations: the agent’s current task-specific reputation summary.
• Previous reasoning: the agent’s prior-round reasoning text.
• Current listings: all jobs posted this round, grouped by task, with posted budgets.
We use Hctx = 10 throughout.
Sealed vs. open bidding.
The default setting is sealed bid: agents do not observe competitors’ bid prices. We also study
an open-bid variant where summary information about prior bid levels is revealed.
Episode length and termination.
All reported episodes run for a fixed horizon T = 100 rounds. In prompts we tell
agents that the game terminates each round with 1% probability in order to discourage purely myopic reasoning. This hazard
is informational only and does not affect simulator termination in the reported experiments.
B.3.2. JOB GENERATION PROCESS (TYPES, BUDGETS, SHOCKS)
Fixed catalog and stochastic listings.
Jobs are drawn from a fixed catalog J . Each job J has a task type τ(J) ∈T , base
budget ¯b(J) > 0, listing probability πJ ∈(0, 1], and budget noise scale σJ ≥0. At round t, each job is independently listed
according to
1{J ∈Jt} ∼Bernoulli(πJ).
If listed, its posted budget is
bt(J) = max(0.1,¯b(J) + ϵJ,t),
ϵJ,t ∼N(0, σ2
J).
Baseline catalog.
In baseline LLM-comparison runs, we use K = 4 tasks with 4 jobs per task (16 total jobs), πJ = 0.8
for all jobs, base budgets ¯b(J) ∈{10, 8, 6, 4} within each task, and σJ = 0.5.
Nonstationarity / market shocks.
Some experiments introduce exogenous market shifts, including task-specific demand
reversals and recession windows in which listed budgets temporarily collapse. Exact configurations are summarized in the
experiment section.
B.3.3. CLIENT-SIDE SCORING AND JOB MATCHING
Deterministic score.
Let qi,J,t = Ri,τ(J),t be agent i’s public reputation on the job’s task and let xi,J,t = pi,J,t/bt(J) be
the normalized bid. We define the general scoring family as
Ui,J,t =

(1 −wp) qρ
i,J,t + wp

1
xi,J,t
ρ1/ρ
.
(6)
In the baseline implementation we use the Cobb–Douglas limit ρ →0, i.e.
Ui,J,t = q 1−wp
i,J,t
· x−wp
i,J,t ,
(7)
with global price weight wp = 0.4.
Implementation score and stochastic reranking.
For numerical stability in stochastic reranking, we transform the
deterministic score via
Si,J,t =
Ui,J,t
1 + Ui,J,t
∈(0, 1).
This transform is strictly monotone, so it does not change deterministic rankings. We then apply Gumbel reranking to the
log-scores:
˜Si,J,t =





log Si,J,t,
tgumbel = 0,
log Si,J,t
tgumbel
+ ϵi,J,t,
tgumbel > 0, ϵi,J,t ∼Gumbel(0, 1).
22

Strategic Capabilities and Economic Dynamics of AI Labour Markets
Thus the implementation first scales log-scores by temperature and then adds i.i.d. Gumbel noise. Most experiments use
tgumbel = 0.01.
Preferences and truncation.
Each job ranks bidding agents by ˜Si,J,t in descending order and truncates its list to at most
M agents. Each agent provides an ordered list of up to L target jobs. We typically use L = M = 5.
Multi-match stable matching with capacity.
We allocate jobs via a job-proposing Gale–Shapley procedure with per-agent
capacity ν. Jobs propose in sequence to agents on their truncated preference lists. Agents may tentatively hold up to ν jobs
and drop their currently least-preferred held job if a more-preferred proposal arrives. The implementation randomizes the
order in which unmatched jobs propose in order to reduce systematic ordering effects.
Alternative scoring variants.
In dedicated sensitivity experiments, we also consider CES specifications with ρ ∈
{−0.5, 0.5}, a linear additive rule, and an LLM-based client-side selector. These variants leave the rest of the market
mechanism unchanged.
B.3.4. PAYMENT / CONTRACT VARIANTS
Default (full-payment / flat-fee) contract.
In the primary baseline runs, payment for a matched job equals the accepted
bid:
ri,t =
X
J:µt(J)=i
pi,J,t.
Performance affects future reputation and learning, but not immediate payment.
Performance-adjusted contract.
In contract-design experiments, we also consider
ri,t =
X
J:µt(J)=i
pi,J,t yt(J),
so payment is proportional to realized task performance.
Prompt consistency.
The system prompt is matched to the active contract condition. Full-payment runs use an instruction
stating that matched jobs are paid in full at the accepted bid, while performance-adjusted runs explicitly state that rewards
scale with realized performance.
B.3.5. SKILL DYNAMICS (TRAINING, FEEDBACK, ON-THE-JOB LEARNING)
Skill state.
For proxy tasks, each agent-task pair (i, k) has a latent scalar skill θi,k,t ∈[0, 1]. For interactive tasks, the
analogous notion of skill is implemented through persistent task-specific memory that stores acquired hints and feedback
(Appendix B.5).
Explicit training.
If an agent chooses TRAIN on task k, it receives a deterministic training update on that task. For proxy
tasks, this applies the saturating skill update
θi,k,t+1 = 1 −(1 −θi,k,t) · d,
d = 0.9.
For interactive tasks, training reveals one additional task-specific hint, which is added to persistent memory and becomes
available in future rounds.
On-the-job learning.
If an agent executes a job of task k, proxy-task skill is updated with probability ϕ. In most reported
experiments, ϕ = 0.1. This is distinct from the failed-bid feedback mechanism below.
Failed-bid feedback and fallback training.
In the baseline environment, if an agent bids but wins no jobs in that round,
it receives a fallback training update on the task of its top-priority attempted bid. This models learning from failed tenders or
client feedback after unsuccessful bids. For proxy tasks, the same saturating update is applied. For interactive tasks, the
agent receives one additional task-specific hint on that task. In a separate sensitivity experiment, we additionally study a
probabilistic failed-bid learning variant in which this fallback update occurs with probability 0.8.
23

Strategic Capabilities and Economic Dynamics of AI Labour Markets
Benchmark publication after training.
Any training event—whether from an explicit TRAIN action or failed-bid fallback
training—triggers a benchmark evaluation on the same task. The resulting benchmark score is incorporated into the public
reputation update described below. This is intended to model AI developers publicly releasing benchmark improvements
after capability updates.
B.3.6. REPUTATION DYNAMICS (DISCOUNTED EVIDENCE, BASE RATES, BENCHMARK UPDATES)
Reputation follows a discounted Beta-evidence update with a community base rate.
Evidence state.
For each agent-task pair (i, k), the environment maintains evidence variables (ri,k,t, si,k,t). At the
beginning of round t, before incorporating current-round observations, we compute the task-level community base rate ak,t
from a sliding window of the most recent H realized scores on task k:
ak,t =



a0,
|Hk,t| = 0,
1
|Hk,t|
P
y∈Hk,t y,
otherwise.
Observed scores entering reputation.
Current-round reputation updates can be triggered by two sources:
1. Paid job outcomes: if agent i completes one or more jobs of task k in round t, we aggregate them to a single per-round
score ¯yjob
i,k,t by averaging realized performances across those jobs.
2. Training benchmarks: if agent i receives a training update on task k in round t—either by choosing TRAIN or via
failed-bid fallback training—the environment produces a benchmark score ¯ybench
i,k,t
on that task and uses it as a public
reputation signal.
Task-specific benchmark scores.
For ProxyTask, benchmark evaluation is noiseless and uses the post-training latent skill:
¯ybench
i,k,t
= θi,k,t+1.
For interactive tasks, benchmark evaluation uses a held-out benchmark instance scored by the same task-specific evaluator
as paid jobs, after incorporating the newly acquired hint into persistent memory.
Evidence update.
Each observed score y ∈[0, 1] for task k updates the corresponding evidence as
ri,k,t+1 = λ ri,k,t + y,
(8)
si,k,t+1 = λ si,k,t + (1 −y),
(9)
with forgetting factor λ ∈[0, 1].
Posterior mean reputation.
The public reputation is the posterior mean
Ri,k,t+1 =
ri,k,t+1 + Wak,t
ri,k,t+1 + si,k,t+1 + W .
Remarks.
Thus, in the baseline environment, reputation can change after either paid work or benchmarked training. This
is intentional: it creates a market in which public signals can move even when agents are temporarily not hired, provided
they invest in capability improvement.
B.3.7. OBJECTIVE, DISCOUNTING, AND EPISODE TERMINATION
Agents maximize undiscounted cumulative reward over the fixed horizon:
max
πi
E
"" T
X
t=1
ri,t
#
,
T = 100.
We additionally report period-level rewards and market-behavior metrics in the experiment section. The 1% termination
probability mentioned in prompts is informational only and does not affect evaluation.
24

Strategic Capabilities and Economic Dynamics of AI Labour Markets
B.4. Algorithms and Pseudocode
Algorithm 1 AI-Work market loop (per round t)
1: Input: Latent skills {θi,k,t}i,k, reputations {Ri,k,t}i,k, job catalog J
2: Output: Updated {θi,k,t+1}i,k, {Ri,k,t+1}i,k, rewards {ri,t}i
3: Sample listings Jt ⊆J (independent Bernoulli per job); draw each posted budget bt(J).
4: Each agent outputs either (i) BID with an ordered list of up to L bids (J, pi,J,t), or (ii) TRAIN with a task id k.
5: For each job J ∈Jt and each bidding agent i, compute job-side score from Ri,τ(J),t and normalized bid xi,J,t =
pi,J,t/bt(J).
6: Apply temperature scaling and optional Gumbel perturbations to obtain stochastic job-side rankings.
7: Build job preference lists by sorting bidders by perturbed score (truncate to M); build agent preference lists from agent
bid ordering (truncate to L).
8: Run job-proposing multi-match Gale–Shapley with capacity ν to obtain a matching µt (Alg. 2).
9: For each matched job J, sample/compute performance yt(J) ∈[0, 1] from the task model using current skill or task
memory.
10: Compute payments according to the active contract condition.
11: Update skills using the task-specific learning rule: explicit training triggers deterministically; on-the-job learning
triggers with probability ϕ; unsuccessful bidding triggers fallback training on the top-priority attempted task in the
baseline setting.
12: Update reputations using both paid job outcomes and benchmark scores produced after any training event (Alg. 3).
Algorithm 2 Job-proposing multi-match Gale–Shapley with capacity ν
1: Input: Agent preference lists {πi} (length ≤L), job preference lists {πJ} (length ≤M), capacity ν
2: Output: Matching µ : Jt →A ∪{⊥}
3: Initialize all jobs unmatched; each job J has a proposal pointer to its next preferred agent in πJ.
4: For each agent i, initialize held set Hi ←∅.
5: Initialize a queue U ←{J ∈Jt : πJ̸ = ∅}.
6: while U is not empty do
7:
Pop a job J from U.
8:
if J has exhausted πJ then
9:
continue
10:
end if
11:
Let i be J’s next preferred agent; advance J’s proposal pointer.
12:
if J /∈πi then
13:
Push J back to U; continue
14:
end if
15:
if |Hi| < ν then
16:
Hi ←Hi ∪{J}; set µ(J) ←i.
17:
else
18:
Let Jworst be the least-preferred job in Hi under πi.
19:
if i prefers J over Jworst then
20:
Hi ←(Hi \ {Jworst}) ∪{J}.
21:
Set µ(J) ←i and µ(Jworst) ←⊥.
22:
Push Jworst back to U.
23:
else
24:
Push J back to U.
25:
end if
26:
end if
27: end while
25

Strategic Capabilities and Economic Dynamics of AI Labour Markets
Algorithm 3 Discounted reputation update with community baseline
1: Input: Current-round observed scores {(i, k, y)} from paid jobs and training benchmarks; forgetting λ; prior weight
W; base rate a0; window size H
2: Output: Updated reputations {Ri,k}
3: Compute community base rate ak,t for each task from the most recent H historical scores on that task, before
incorporating current-round observations.
4: for each observed score (i, k, y) in this round do
5:
Update evidence: ri,k ←λri,k + y,
si,k ←λsi,k + (1 −y).
6: end for
7: for each agent-task pair (i, k) do
8:
Set Ri,k ←
ri,k + Wak,t
ri,k + si,k + W .
9: end for
B.5. Task Implementations
Task performance is always reduced to a scalar score y ∈[0, 1], which is used for reputation updating and, in performance-
adjusted variants, for payment.
ProxyTask.
ProxyTask is used in the main experiments for controllability and reproducibility. Each agent-task pair has a
latent scalar skill θi,k,t ∈[0, 1], initialized at 0.4. Training applies the saturating update
θi,k,t+1 = 1 −(1 −θi,k,t) · d,
d = 0.9.
When agent i executes a paid job of type k, realized performance is
y = clip
 θi,k,t · (1 + ξ), 0, 1

,
ξ ∼N(0, σ2
task),
with default σtask = 0.05. After any training event on task k, the benchmark score is noiseless and given by the post-training
skill value, i.e. ybench = θi,k,t+1.
CipherTask (DecodingTask).
CipherTask is a substitution-cipher decoding task. Each instance is generated from a
random bijection over the alphabet, and the agent must decode a batch of encrypted words. The paid-job score is the mean
fraction of correctly recovered characters across the batch, yielding y ∈[0, 1]. Interactive skill is represented through
persistent task memory containing discovered symbol mappings. Paid-task feedback reveals one additional correct mapping
after each attempt, which is appended to memory. An explicit training event or failed-bid fallback training on CipherTask
reveals one additional verified mapping without requiring a paid contract. Benchmark evaluation uses a held-out cipher
instance scored by the same character-level metric.
OrderingTask.
OrderingTask models learning from pairwise comparison feedback. At initialization, the environment
samples a set of symbols and a hidden total order. Each query presents a subset of items, and the agent must return them in
ranked order. If the response is invalid, the score is 0; otherwise the score is a normalized Kendall-τ similarity,
y = τ(correct ranks, agent ranks) + 1
2
∈[0, 1].
Interactive skill is represented through persistent memory of revealed pairwise constraints. Paid-task feedback returns
task-specific ordering information, which is appended to memory. An explicit training event or failed-bid fallback training
reveals one additional valid pairwise relation. Benchmark evaluation uses a held-out ordering instance scored by the same
normalized Kendall-τ metric.
Interpretation.
In proxy tasks, skill is a latent scalar. In interactive tasks, skill is operationalized as persistent task-
specific knowledge accumulated through hints and feedback. This lets the environment support both large-scale controlled
simulations and smaller-scale interactive validation with real LLM task execution.
26

Strategic Capabilities and Economic Dynamics of AI Labour Markets
B.6. LLM Agent Interface, Prompts, and Tooling
B.6.1. SYSTEM INSTRUCTIONS
All LLM agents share the same base system instructions, which provides them with information about the marketplace:
You are {agent id}, an AI agent competing in a freelancer marketplace. Your goal is to maximize total earnings by completing jobs.
GAME MECHANICS:
- Up to {num jobs} jobs are available each round across {num tasks} skill types: {task ids}
- Each job lists a reference budget, but you can bid above or below this amount
- You can bid on up to 5 jobs per round, potentially winning multiple
- Clients select agents considering both price and reputation for the required skill
- {payment instruction}
- Skills improve through TRAINING; completing jobs may also improve skills through experience
- REPUTATION (out of 5*) is tracked per skill and reflects recent paid outcomes and benchmarked training updates
- If you bid and win no jobs, the platform may provide task-specific feedback on your top-priority attempted skill
- Game ends with 1% probability each round
ACTIONS (choose one per round):
- BID: Compete for specific jobs by proposing prices. Use JOB IDs from listings when bidding
- TRAIN: Skip earning to improve skills in a chosen skill type. Use SKILL IDs when training
INFORMATION PROVIDED EACH ROUND:
1. MARKET ACTIVITY: Last 10 rounds showing job id($budget)→winner(winner reputation*), plus current earnings rankings
2. RECENT ACTIONS: Your recent actions with outcomes, including income and reputation change
3. PREVIOUS REASONING: Your reasoning from the previous turn
4. LISTINGS: Available jobs this round, grouped by skill type
Contract-specific prompt instantiation.
The placeholder {payment instruction} is instantiated according to the
active contract condition:
{ ”performance adjusted”: ”By default, payment is performance-adjusted: reward = (performance ratio) * (your bid price). (See history for realized rewards.)”,
”full payment”: ”If you win a bid for the job, you will be paid in full as per your bidding price.” }
In the main full-payment experiments, we instantiate {payment instruction} with full payment; performance-
adjusted wording is used only in the corresponding contract-variant experiments.
B.6.2. OBSERVATION FORMATTING
The LLM receives a structured text block containing: (i) the last Hctx rounds of public market activity, (ii) the public
earnings leaderboard, (iii) the agent’s own recent actions, realized rewards, and reputation deltas, (iv) the agent’s own current
task-specific reputation summary, (v) the agent’s previous-round reasoning, and (vi) the current listings grouped by task.
Competitors’ bid prices are not shown. We use Hctx = 10 and display reputations on a 5-star scale. Example of agent
observation is shown below:
=== ROUND 7 ===
MARKET ACTIVITY:
R1: coding j1($50.0)→agent 1(3.5*), writing j1($30.0)→agent 2(4.0*)
R2: coding j2($55.0)→agent 5(3.8*), design j1($40.0)→agent 1(3.2*), writing j2($35.0)→agent 3(2.5*)
R3: coding j3($48.0)→agent 2(4.2*), design j2($45.0)→agent 4(3.0*)
R4: writing j3($32.0)→agent 3(2.8*), coding j4($60.0)→agent 1(3.6*)
R5: design j3($42.0)→agent 5(3.5*), writing j4($28.0)→agent 2(4.1*), coding j5($52.0)→agent 4(3.3*)
R6: coding j6($58.0)→agent 3(3.0*), design j4($38.0)→agent 1(3.8*)
CURRENT RANKINGS: agent 1: $248.50, agent 2: $195.00, agent 3: $142.00, agent 4: $98.50, agent 5: $87.00
RECENT ACTIONS:
R4: BID writing j3@($30.0/32.0—2.5*)→$30.00, coding j4@($55.0/60.0—2.8*)→LOST, TOTAL INCOME $30.00, REP writing↑0.3*
R5: BID design j3@($40.0/42.0—2.2*)→LOST, coding j5@($48.0/52.0—2.8*)→LOST, NO INCOME
R6: BID coding j6@($54.0/58.0—2.8*)→$54.00, design j4@($35.0/38.0—2.2*)→TRAIN design, TOTAL INCOME $54.00, REP coding↑0.2*, design↑0.5*
– REPUTATION - coding: 3.0*, writing: 2.8*, design: 2.7*
PREVIOUS REASONING: I’m focusing on coding jobs since my reputation is strongest there. The competition on design j4 was too fierce with agent 1’s high
reputation, so training was a reasonable fallback. For next round, I should consider bidding more aggressively on writing jobs where I have decent reputation
but less competition.
LISTINGS:
coding: coding j7@55.0, coding j8@62.0 writing: writing j5@33.0, writing j6@40.0 design: design j5@48.0
B.6.3. ACTION SPACE ENCODING
Agents must output JSON with fields reasoning, action ∈{bid, train}, and targets. For bidding, targets
is a list of up to L = 5 tuples (job id, bid price) in preference order. For training, targets is a singleton list
(skill id, -1). All prompting variants use the same action schema. Example agent output is shown below:
27

Strategic Capabilities and Economic Dynamics of AI Labour Markets
{ ”reasoning”: ”My coding reputation (3.0*) is competitive, and coding j8 has a higher budget. I’ll bid slightly under budget to stay competitive. Writing j6 at
$40 is attractive with moderate competition. I’ll prioritize coding j8, writing j6, coding j7.”, ”action”: ”bid”, ”targets”: [ [”coding j8”, 58.0], [”writing j6”,
36.0], [”coding j7”, 50.0] ] }
B.6.4. PROMPTING VARIANTS
Table 4. Prompting variants used in the main and control experiments. All variants receive the same market observation schema, the same
JSON action interface, and the same previous-reasoning memory. The structured control scaffolds were added in response to the reviewer
concern that SSA’s gains might reflect prompt length or generic structuring rather than the specific decomposition.
Condition
Tokens
Structured? Domain-
specific?
Primary use
Modules / style
CoT baseline
793
No
Low
Main baseline
Unstructured CoT
ReAct-style baseline
785
Yes
Low
Main baseline
Lightweight think–act
SSA (full)
1146
Yes
Yes
Main method
Meta / competitor / foresight
Structure-only SSA
1092
Yes
Minimal
Rebuttal control
Meta / competitor / foresight
Knowledge-only SSA
946
No
Yes
Rebuttal control
Strategic hints only
Irrelevant structure A
1107
Yes
No
Rebuttal control
Clarity / history / audit
Irrelevant structure B
1098
Yes
No
Rebuttal control
Info / options / commitment
Relevant non-SSA A
1140
Yes
Yes
Rebuttal control
Risk / resources / scenarios
Relevant non-SSA B
1163
Yes
Yes
Rebuttal control
Value / timing / positioning
All prompting variants receive the same market observation schema (Appendix B.6.2), the same action interface (Ap-
pendix B.6.3), and the same previous-reasoning memory. They differ only in the reasoning scaffold prepended to the
common round template.
Baselines.
We compare against two standard prompting baselines: a chain-of-thought (CoT) baseline (Wei et al., 2022)
and a lightweight ReAct-style baseline (Yao et al., 2023b). Both use the same environment information and JSON action
schema as SSA, but do not impose the same structured metacognition / competitor-modeling / planning decomposition.
Prompt-design rationale.
The SSA prompt was designed qualitatively rather than derived from a formal optimality result.
Specifically, we iterated on prompt structure to target three reasoning demands that arise naturally in reputation-mediated
labor markets under partial observability: self-assessment under hidden skill, competitor inference from public outcomes,
and intertemporal planning under repeated interaction. The resulting scaffold is intended to elicit these reasoning patterns
explicitly while keeping the action space and market information unchanged.
Length-matching note.
The structured control prompts in the rebuttal experiments are approximately token-matched to
SSA. CoT and ReAct are retained as standard shorter baselines rather than length-matched controls.
28

Strategic Capabilities and Economic Dynamics of AI Labour Markets
SSA Full Prompt.
BODY TEMPLATE:
REASONING STRATEGY:
You should reason using the following three cognitive modules. Your reasoning process will be saved and provided back to you in the next round, so maintain a
coherent, evolving strategy.
1. META-COGNITION: Analyze your own capabilities. Consider your public reputation and recent performance, and infer your likely underlying capability.
Ask yourself: “How good am I really at each skill? Is my reputation accurate? Where are my true strengths and weaknesses based on my recent performance?
Should I train more, or is my skill level sufficiently competitive to perform well now?”
2. COMPETITOR MODELING: Analyze your rivals and market conditions. Use market activity and leaderboards to infer their skills, strategies, and likely
future actions. Ask yourself: “Who are the dominant players in each skill? Are they specialists or generalists? Are they bidding aggressively? Where are the
underserved niches with less competition? What do clients seem to value more—low prices or high reputation?”
3. STRATEGIC FORESIGHT: Formulate a long-term plan based on your self-assessment and competitor models. This is not just about this round, but about
positioning yourself for future success. Ask yourself: “Should I compete in a crowded market or invest in a niche? Should I invest in training or immediate
revenue? Is it better to undercut now or build reputation for higher-value jobs later?”
OUTPUT LINES:
1. REASONING:
META-COGNITION: [Your analysis of your own skills and reputation.]
COMPETITOR MODELING: [Your analysis of other agents’ skills and strategies.]
STRATEGIC PLAN: [Your updated long-term plan and how this round’s action fits into it.]
2. ACTION: ’bid’ or ’train’
3. TARGETS:
- If bidding: [(job id, bid price), ...] in preference order (max 5)
- If training: [skill id, ...]
Additional control prompts.
To test whether SSA’s gains arise from prompt length, generic structure, or domain-specific
guidance alone, we also evaluate several control prompts. Each control uses the same observation schema and action
interface as SSA; only the reasoning scaffold differs.
Structure-only SSA.
This control keeps the metacognition / competitor-modeling / planning structure, but removes the
detailed market-specific guidance.
BODY TEMPLATE:
REASONING STRATEGY:
You should reason using the following three cognitive modules. Your reasoning process will be saved and provided back to you in the next round, so maintain a
coherent, evolving strategy.
1. META-COGNITION: Reflect on your own current situation and capabilities before acting.
2. COMPETITOR MODELING: Consider what other agents in the market are doing and how the market is evolving.
3. STRATEGIC FORESIGHT: Think about your longer-term plan and how this round’s action fits into it.
OUTPUT LINES:
1. REASONING:
META-COGNITION: [Your self-assessment.]
COMPETITOR MODELING: [Your analysis of the market and other agents.]
STRATEGIC PLAN: [Your plan and rationale for this round’s action.]
2. ACTION: ’bid’ or ’train’
3. TARGETS:
- If bidding: [(job id, bid price), ...] in preference order (max 5)
- If training: [skill id, ...]
Knowledge-only SSA.
This control provides market-specific strategic hints, but does not impose the explicit M/C/P
decomposition.
BODY TEMPLATE:
STRATEGIC HINTS:
Keep the following considerations in mind when making your decisions.
Your public reputation may not accurately reflect your true underlying skill level. Consider whether your recent job performance suggests you are better or
worse than your reputation indicates, and whether additional training would close that gap.
The market has competitive structure: some agents may dominate certain skill areas while others are underserved. You can infer this from the market activity
history showing who wins which jobs and at what reputation. Look for niches with less competition.
Clients weigh both price and reputation when selecting agents. In some market conditions, aggressive underbidding wins jobs; in others, higher reputation
commands higher prices. Observe what seems to be working.
There is a tradeoff between short-term revenue (bidding) and long-term competitiveness (training). Investing in training now sacrifices immediate income but
can improve future win rates and reputation.
Your strategy should evolve over time as market conditions change and as you learn more about your competitors.
OUTPUT LINES:
1. REASONING: Your reasoning for your actions this round.
2. ACTION: ’bid’ or ’train’
3. TARGETS:
- If bidding: [(job id, bid price), ...] in preference order (max 5)
- If training: [skill id, ...]
29

Strategic Capabilities and Economic Dynamics of AI Labour Markets
Domain-irrelevant but length-matched scaffolds.
These controls preserve prompt length and three-module structure,
but use decompositions not specifically aligned with reputation-mediated market reasoning.
Config 1.
Communication clarity / historical reflection / decision audit.
BODY TEMPLATE:
REASONING STRATEGY:
You should reason using the following three analytical modules. Your reasoning process will be saved and provided back to you in the next round, so maintain a
coherent, evolving strategy.
1. COMMUNICATION CLARITY: Consider how you would explain your decision to a colleague. Think about the logical flow of your argument and
whether your rationale would be persuasive to an outside observer. Ask yourself: “Is my reasoning clear and well-structured? Could I defend this choice if
challenged? Am I being systematic in how I approach this problem? What implicit assumptions am I making and are they justified?”
2. HISTORICAL REFLECTION: Reflect on general principles of economic decision-making and market participation. Consider classic strategies from
auction design and competitive positioning in repeated interactions. Ask yourself: “What general principles of competitive strategy apply here? What would a
textbook rational economic actor do in a repeated game? How do markets typically evolve over multiple rounds of interaction? What can I learn from the
general history of competitive markets?”
3. DECISION AUDIT: Evaluate the robustness and quality of your planned action before committing. Consider what could go wrong, whether you have
considered enough alternatives, and how confident you are in the outcome. Ask yourself: “Have I considered enough alternative options? What is my confidence
level in this choice? Am I being appropriately cautious or aggressive given the circumstances? Is this decision consistent with sound and defensible economic
reasoning?”
OUTPUT LINES:
1. REASONING:
COMMUNICATION CLARITY: [Your analysis of your reasoning quality.]
HISTORICAL REFLECTION: [Your reflection on general strategic principles.]
DECISION AUDIT: [Your evaluation of your planned action’s robustness.]
2. ACTION: ’bid’ or ’train’
3. TARGETS:
- If bidding: [(job id, bid price), ...] in preference order (max 5)
- If training: [skill id, ...]
Config 2.
Information gathering / option enumeration / commitment and execution.
BODY TEMPLATE:
REASONING STRATEGY:
You should reason using the following three process modules. Your reasoning process will be saved and provided back to you in the next round, so maintain a
coherent, evolving strategy.
1. INFORMATION GATHERING: Carefully review all available information before making any decision. Identify which pieces of data are most relevant
and which may be noise or distraction. Ask yourself: “What information do I have access to this round? Which data points are most reliable? Are there any
signals I might be overlooking or misinterpreting? How should I weigh recent information versus older information when forming my view?”
2. OPTION ENUMERATION: Systematically list and evaluate your available actions this round. For each possible action, consider the likely immediate
outcome and any second-order consequences. Ask yourself: “What are all my possible actions this round? What is the expected payoff of each option? Which
options are dominated by others? Are there creative combinations of actions I haven’t considered yet?”
3. COMMITMENT AND EXECUTION: Once you have evaluated your options, commit to the best available action with conviction. Avoid second-guessing
or hedging unnecessarily once the analysis is complete. Ask yourself: “Given my analysis, which action has the strongest justification? Am I overthinking this
decision? Is there a clear winner among my options, or am I choosing between close alternatives? How will I know next round whether this was the right call?”
OUTPUT LINES:
1. REASONING:
INFORMATION GATHERING: [Your review of available information.]
OPTION ENUMERATION: [Your evaluation of possible actions.]
COMMITMENT AND EXECUTION: [Your final decision rationale.]
2. ACTION: ’bid’ or ’train’
3. TARGETS:
- If bidding: [(job id, bid price), ...] in preference order (max 5)
- If training: [skill id, ...]
30

Strategic Capabilities and Economic Dynamics of AI Labour Markets
Domain-relevant but non-SSA scaffolds.
These controls remain market-relevant, but use alternative decompositions
rather than the metacognition / competitor-modeling / planning structure.
Config 3.
Risk assessment / resource accounting / scenario planning.
BODY TEMPLATE:
REASONING STRATEGY:
You should reason using the following three cognitive modules. Your reasoning process will be saved and provided back to you in the next round, so maintain a
coherent, evolving strategy.
1. RISK ASSESSMENT: Evaluate the risk profile of your available options this round. Consider the variance in potential outcomes, your tolerance for
downside scenarios, and the probability of different results. Ask yourself: “Which actions have the highest expected value versus the safest floor? What is the
worst case if my bid fails? How much can I afford to lose this round without compromising my overall position? Should I diversify my bids to reduce variance
or concentrate for higher expected reward?”
2. RESOURCE ACCOUNTING: Take stock of your current resources and position relative to competitors. Consider your cumulative earnings, your
reputation trajectory, and how many rounds may remain in the game. Ask yourself: “Am I ahead or behind my target pace? How do my earnings compare to the
leaderboard? Do I have enough of a buffer to take risks, or should I play conservatively? What is my budget for experimentation versus exploitation at this
stage?”
3. SCENARIO PLANNING: Consider two to three concrete scenarios for how this round could play out given your planned action. For each scenario,
estimate the probability, the likely payoff, and how it positions you for future rounds. Ask yourself: “What happens if I win my top-choice job? What if I lose
all bids? What if a competitor undercuts me? Which scenario am I most exposed to and how can I hedge against the worst outcome?”
OUTPUT LINES:
1. REASONING:
RISK ASSESSMENT: [Your analysis of risk and variance across options.]
RESOURCE ACCOUNTING: [Your assessment of current position and resources.]
SCENARIO PLANNING: [Your analysis of likely outcomes under different scenarios.]
2. ACTION: ’bid’ or ’train’
3. TARGETS:
- If bidding: [(job id, bid price), ...] in preference order (max 5)
- If training: [skill id, ...]
Config 4.
Value estimation / timing optimization / market positioning.
BODY TEMPLATE:
REASONING STRATEGY:
You should reason using the following three cognitive modules. Your reasoning process will be saved and provided back to you in the next round, so maintain a
coherent, evolving strategy.
1. VALUE ESTIMATION: Estimate the true economic value of each available opportunity this round. Consider not just the posted budget but also your likely
performance, the probability of winning, and the reputation impact of completing the job well or poorly. Ask yourself: “What is each job actually worth to me
given my current skills? Which jobs offer the best ratio of expected reward to effort? Am I correctly accounting for the reputation value of completing a job, not
just the immediate payment?”
2. TIMING OPTIMIZATION: Consider whether this is the right moment to act on each opportunity, or whether waiting and investing would yield better
results in future rounds. Think about the game’s time horizon and your current trajectory. Ask yourself: “Is now the right time to bid aggressively, or should I
invest in skills first? Am I in a phase of building or harvesting? How many rounds do I likely have left and does that change my urgency? Would the same
action be better or worse if I delayed it by a few rounds?”
3. MARKET POSITIONING: Decide where you want to be positioned in the overall market and take actions consistent with that target position. Consider
whether you want to be a high-volume low-price competitor or a premium high-reputation specialist. Ask yourself: “What market position am I trying to
achieve? Am I a generalist competing broadly or a specialist dominating a niche? Is my current action moving me toward or away from my target position?
What would the ideal version of my strategy look like five rounds from now?”
OUTPUT LINES:
1. REASONING:
VALUE ESTIMATION: [Your analysis of opportunity values this round.]
TIMING OPTIMIZATION: [Your assessment of whether to act now or invest.]
MARKET POSITIONING: [Your strategy for where you want to be in the market.]
2. ACTION: ’bid’ or ’train’
3. TARGETS:
- If bidding: [(job id, bid price), ...] in preference order (max 5)
- If training: [skill id, ...]
31

Strategic Capabilities and Economic Dynamics of AI Labour Markets
C. Experiment Details
C.1. Baseline Configurations Used in Experiments
Table 5 summarizes the default environment settings used throughout the paper. Unless otherwise noted, experiments inherit
these defaults and only override the parameters explicitly varied in the corresponding subsection or table.
Table 5. Default environment settings. Experiment-specific deviations are described in the corresponding configuration tables.
Parameter
Symbol
Value (default)
Rounds
T
100
Tasks
K
4
Jobs per task
—
4
Listing probability
πJ
0.8
Capacity
ν
3
Agent bid-list length
L
5
Job-side truncation
M
5
History window (agent context)
Hctx
10
Price weight
wp
0.4
CES substitution parameter
ρ
0 (Cobb–Douglas limit)
Gumbel temperature
tgumbel
0.01
On-the-job learning probability
ϕ
0.1
Skill update factor
d
0.9
Skill initialization
—
θ0 = 0.4
Reputation base rate
a0
0.5
Reputation prior strength
W
1
Reputation window size
H
5
Reputation forgetting
λ
0.5
Job budget noise
σJ
0.5
Task noise (ProxyTask)
σtask
0.05
Contract form
—
Flat-fee / full payment
Fallback failed-bid learning
—
Enabled
C.1.1. RANDOMNESS CONTROL (SEEDS, NUMBER OF RUNS, RESAMPLING)
Unless otherwise noted, experiments are evaluated over 10 independent runs. Deviations from this default are summarized in
Table 6 and restated in the corresponding table captions. Randomness sources include job listings, budget noise, ProxyTask
outcome noise, and Gumbel perturbations when enabled. LLM agents introduce additional stochasticity through action
generation. For scalar metrics, we aggregate at the run or market level and report means across independent repetitions.
When reporting uncertainty, we use run-level or market-level bootstrapped 95% confidence intervals. For time-series plots,
we aggregate pointwise across repetitions.
C.2. Run Counts by Experiment Family
Table 6. Independent runs or markets by experiment family. This table centralizes the evaluation counts used across the paper and
distinguishes original submission experiments from rebuttal additions.
Experiment family
Runs / markets
Status
Baseline LLM comparison
10 runs per condi-
tion
Original submission
SSA vs. CoT / ReAct comparison
25 markets
Original submission
Trace-scoring diagnostic
20 market runs
Rebuttal clarification
Prompt-control experiments
10 runs per condi-
tion
Rebuttal addition
Robustness sweeps
5 seeds per condi-
tion
Rebuttal addition
Scalability experiments
5 seeds per config-
uration
Rebuttal addition
32

Strategic Capabilities and Economic Dynamics of AI Labour Markets
C.3. Market Configurations Used in Experiments
All experiments run for a fixed horizon of T = 100 rounds. Unless noted otherwise, markets use ν = 3 (agent concurrent
job capacity), L = 5 (agent bid-list length), M = 5 (job-side truncation), ϕ = 0.1 (on-the-job learning probability),
λ = 0.5 (reputation forgetting), H = 5 (community baseline window), and Gumbel perturbation tgumbel = 0.01 for
stochastic tie-breaking in job-side rankings. Agents are instantiated as LLM-based bidding or training policies using a shared
API wrapper configured in minimal reasoning-effort mode. Because both job listings and LLM sampling are stochastic,
per-run trajectories vary, so reported plots should be interpreted as stochastic realizations unless averaged across multiple
independent runs.
Table 7. Experiment configurations for the illustrative experiments in Section 4.3.
Experiment
Market/task setup
Agents and intervention
Demand shift
K = 2 tasks (A,B) with 3 jobs per
task and listing probability πJ = 0.8.
Initially, task A jobs have mean budget
¯b = 10 with job noise σJ = 1, while
task B jobs have mean budget ¯b = 1
with σJ = 0.1.
ProxyTask noise is
σtask = 0.05.
N = 4 agents consisting of
2 SSA and 2 baseline LLM
agents.
At round t = 30,
we swap the base budgets
and job-noise scales between
tasks A and B, so that A be-
comes low-paying and B be-
comes high-paying.
Recession cycles
K = 4 tasks (A,B,C,D) with 4 jobs per
task. During normal periods, all jobs
have listing probability πJ = 0.8, per-
task budgets ¯b ∈{10, 8, 6, 4} by job in-
dex, σJ = 0, and wp = 0.4. ProxyTask
noise is σtask = 0.05.
N
=
10 agents consist-
ing of 5 SSA and 5 base-
line LLM agents.
Reces-
sion windows occur when
(⌊t/10⌋mod 3)
=
1, i.e.
rounds 10–19, 40–49, and 70–
79.
During recessions, all
jobs temporarily set ¯b = 1
and listing probability drops
to πJ = 0.1.
Price–reputation weight
sweep
K = 2 tasks (A,B) with 3 jobs per task
and πJ = 0.8. Budgets per task are
¯b ∈{10, 7, 4} by job index, with σJ =
0. Client price sensitivity is varied by
sweeping wp ∈{0.1, 0.3, 0.5, 0.7, 0.9}.
ProxyTask noise is σtask = 0.05.
N
=
4 agents consisting
of 2 SSA and 2 baseline
LLM agents.
There is no
nonstationarity in this setting.
This experiment isolates how
changes in client price sensi-
tivity alter bidding behavior.
C.4. Market-Dynamics Validation and Capacity Sweep
This appendix gives the construction details behind the validation results in Section 3.1. For the macroeconomic sanity
checks, we run 50 simulations with random-policy agents and aggregate outcomes into non-overlapping 10-round windows.
Across runs, we vary the number of agents N from 30 to 100, the number of task types K, the listing probability πJ, and the
task-budget mix. Each point in the Okun-style and Beveridge-style plots corresponds to one such 10-round window. These
validations are intended as directional sanity checks rather than empirical calibration to any specific human labor market.
For the concentration analysis, we study both task diversity and per-agent concurrency. The main-text Figure 3C shows that
increasing task diversity reduces concentration in a concurrent market. Separately, we sweep per-agent capacity ν from
1 to 8 while holding the remaining market mechanism fixed. At low task diversity, increasing ν sharply raises the Gini
coefficient because the same high-reputation agents can capture a larger fraction of available work. At higher task diversity,
the same increase in ν produces a much weaker rise in concentration because agents can specialize across distinct task
niches. Together, these sweeps support the interpretation that concurrency and low task diversity jointly drive the strongest
winner-take-all dynamics in AI-Work.
Relation to human gig platforms.
AI-Workis intentionally stylized, but it captures several structural features of
online labor platforms discussed in Appendix A.4, including repeated job listings, platform-mediated matching, reputation
signals, and market-design choices around information disclosure and contract form. It abstracts away bargaining, worker
33

Strategic Capabilities and Economic Dynamics of AI Labour Markets
reservation wages, regulation, platform fees, and rich client heterogeneity. We therefore use it as a tractable mechanism-study
environment rather than as a literal replica of human labor markets.
C.4.1. STATIC POLICY BASELINES (GREEDY, SPECIALIST)
We include two heuristic baselines.
Greedy.
With probability 1 −train p, the agent bids on the highest-budget listed jobs across all task types, offering
p = α bt(J) with α = underbid factor, and ranks bids by budget in descending order. With probability train p, it
trains its top-ranked available task. Typical settings use α = 0.8 and train p= 0.1.
Specialist.
The agent uses a fixed predetermined ordering over tasks and jobs that does not depend on market history.
It bids according to that ordering at price p = α bt(J) with typical α = 0.9, and trains with probability train p. This
anchors performance against a stable non-adaptive policy with persistent preferences rather than market-responsive targeting.
C.4.2. FOUNDATION MODEL LINEUP AND SETTINGS
All LLM agents are called through a single API wrapper (OpenRouter or Azure) with a shared observation schema, system
prompt, and JSON action interface. Where provider interfaces support it, we fix temperature at 0.2. Other decoding settings
remain at provider defaults. We therefore interpret the cross-model comparison as standardized at the interface level, though
not perfectly identical at the decoding level. Judge settings are given in Appendix C.5.3.
Table 8. Foundation models used in experiments. All models are accessed via OpenRouter unless otherwise noted.
Shorthand
Model
Provider
API Identifier
gpt5
GPT-5
OpenAI
openai/gpt-5
kimi
Kimi K2
Moonshot AI
moonshotai/kimi-k2-0905
qwen
Qwen3-235B-A22B
Alibaba
qwen/qwen3-235b-a22b-2507
goss
GPT-OSS-120B
OpenAI
openai/gpt-oss-120b
deep
DeepSeek Chat v3.1
DeepSeek
deepseek/deepseek-chat-v3.1
goog
Gemini 2.5 Flash
Google
google/gemini-2.5-flash
glm
GLM-4.5
Zhipu AI
z-ai/glm-4.5
llama
Llama 4 Maverick
Meta
meta-llama/llama-4-maverick
This selection spans proprietary and open-weight systems, dense and mixture-of-experts architectures, and multiple provider-
specific alignment pipelines. All models receive the same market observations and action schema. The only experimental
difference is the underlying backbone model.
34

Strategic Capabilities and Economic Dynamics of AI Labour Markets
C.5. Trace Analysis Details
C.5.1. EXAMPLE TRACES OF STRATEGIC CAPABILITIES
Metacognition
Calibrating against outcomes: My reputation is still 4.0⋆, but I have lost three consecutive mid-budget jobs at similar prices, so my effective competitiveness is
lower than the public score suggests.
Detecting a price bottleneck: My coding reputation increased again, yet my earnings fell, which implies that pricing rather than skill is currently the bottleneck.
Inferring hidden strength: Repeated fallback training on SK-B improved my benchmarked reputation quickly, so that skill may now be more competitive than
my historical earnings indicate.
Choosing whether to invest: If my recent losses are mostly due to undercutting pressure rather than poor reputation, another training round is less valuable than
adjusting bids downward.
Competitive Awareness
Skill assessment: My 4.7⋆reputation in SK-D outranks every competitor except llama (4.4–4.7⋆) and matches goog and goss.
Pricing intelligence: To beat glm I must either bid below $3.4 or raise my reputation above 2.8⋆.
Behavior modeling: Every time an SK-D job above $6 appears, glm or goog take it at their habitual $8.5 / $7.0 / $5.9 range.
Identifying market opportunities: Two SK-A jobs are on offer, and recent rounds suggest those jobs are missing a dominant incumbent.
Strategic Planning
Future planning: Bidding three jobs keeps one slot unused for a possible specialization round later, but still yields attractive upside if even one high-priority bid
lands.
Dynamic adaptation: Undercutting by $0.1 last round was not enough, so I will bid $3.3 this round.
Cost–benefit analysis: I should concentrate on one aggressive bid in my strongest niche instead of diluting attention across weak skills.
Temporal awareness: If the game could end soon, maximizing immediate cash is better than investing in a slow-payoff training round.
Portfolio optimization: By mixing bids in my strongest category with one secondary niche, I increase the chance of at least one win without spreading across all
weak skills.
Figure 7. Example traces highlighting subdomains within each capability. The metacognition examples require cross-round inference and
discrepancy reasoning rather than simply restating visible prompt statistics.
We employ LLM-based trace scoring as an illustrative measurement to provide qualitative texture on how strategic cognition
manifests under competitive pressure. These scores supplement—but do not drive—the paper’s primary economic findings
on market efficiency, welfare, and pricing dynamics. We therefore present the methodology with explicit caveats about its
limitations.
C.5.2. SCORING RUBRIC AND DIMENSIONS
We score three capability dimensions on a 0–6 anchored scale designed to penalize generic reasoning and reward evidence-
grounded market inference.
Metacognition (“Know Thyself”).
Self-assessment tied to observed outcomes, including recognizing strengths, weak-
nesses, performance trends, capability development, risk tolerance, and relative market positioning. Rationales that merely
restate visible reputation or outcome statistics without inference receive scores of at most 2.
Competitive Awareness (“Know Thy Enemy”).
Inference about competitors and market structure, including opponent be-
havioral modeling, concentration analysis, competitor capability assessment, pricing intelligence, opportunity identification,
and information-advantage exploitation.
Strategic Planning (“Think Ahead”).
Multi-round, contingency-aware planning, including multi-step planning, causal
reasoning, trade-off analysis, contingency scenarios, specialization, temporal optimization, and portfolio allocation.
C.5.3. JUDGE IMPLEMENTATION
We use Claude-Sonnet-4 as the judge model with low reasoning effort and temperature 0.1. Trace segments are
anonymized before scoring and stripped of model and prompt identifiers. The judge consumes 10-round trace segments
containing agent reasoning chains and actions, and outputs JSON scores for each dimension plus detected subdomain
concept tags. To reduce variance, we sample the judge three times per segment and average numeric scores. Concept tags
are aggregated conservatively via set intersection across samples.
C.5.4. VALIDATION AND LIMITATIONS
Human calibration.
A domain expert reviewed traces across all experimental runs to develop the anchored rubric and
identify recurring strategy motifs. For quantitative validation, two annotators independently scored N = 80 agent-period
35

Strategic Capabilities and Economic Dynamics of AI Labour Markets
Score
Label
Anchor Example
0
Incoherent
“I will bid randomly and hope for the best.”
1
Generic template
“I will diversify across skills to maximize my chances.”
2
Basic awareness
“My SK-B reputation is 2.3⋆, which is my highest score, so I will
focus on SK-B.”
3
Decent strategic
“SSA-0 consistently wins D0 jobs, so I will target D2 and D3 where
my 2.4⋆gives me a better edge.”
4
Good analysis
Quantified positioning across multiple factors with explicit evidence
from recent outcomes.
5
Sophisticated
Concentration analysis with a coherent pricing and reputation-
compounding strategy.
6
Exceptional
A counter-intuitive or game-theoretic strategy that is well supported
by the observed market history.
Table 9. Anchored scoring rubric for trace evaluation. Generic business language without concrete competitor names, market evidence, or
cross-round inference receives scores ≤2.
traces (10 per model). Inter-annotator agreement was κ = 0.71 (Cohen’s kappa). Judge–human correlation on composite
scores was Pearson r = 0.79. Per-dimension correlations were r = 0.74 for metacognition, r = 0.81 for competitive
awareness, and r = 0.77 for strategic planning.
Association with reward.
To reduce confounding by backbone quality, the reward associations reported in Section 4.1
control for model identity rather than relying on raw pooled model differences. We therefore interpret them as within-model
diagnostic associations rather than evidence that stronger backbones simply receive both higher rewards and higher judge
scores.
Limitations.
These scores remain diagnostic rather than dispositive. Even with rubric anchoring and anonymization,
LLM-as-judge evaluations may retain residual sensitivity to writing style or explanation quality. For this reason, our primary
evidence comes from within-backbone prompt interventions and controlled ablations rather than from trace scoring alone.
36

Strategic Capabilities and Economic Dynamics of AI Labour Markets
D. Additional Results
D.1. Full Main-Table Results (All Models, All Conditions)
Table 10. Agent performance and behavioural metrics for Section 3.2 (mean ± 95% bootstrap CI over 10 independent runs). Top
panel: Economic performance metrics. Rcum: cumulative reward ($) over T = 100 rounds; Share: market share (% of total rewards); ¯k:
time-averaged rank (1=best); WR: win rate (% of bid attempts resulting in job allocation); Recov: recovery (improvement from worst to
final rank); Jump: maximum period-over-period rank improvement; ¯R: average reputation across tasks (5-star scale); Rmax: maximum
reputation across tasks (5-star). Bottom panel: Behavioural and strategic metrics. Tr%: training frequency (% of rounds spent training);
Spec: skill specialisation index (1=fully specialised, 0=uniform); ¯pW: normalised winning bid prices (relative to posted budgets); ¯pA:
normalised prices across all submitted bids; ¯bT: mean posted budget of top-priority bid targets; ¯bA: mean posted budget across all bid
targets. Agent types: goss, glm, gpt5, qwen, goog, kimi, deepseek are LLM-based agents; SPEC and GRDY are fixed-policy baselines
(specialist and greedy); llama failed to maintain multi-turn coherence.
Rcum
Share (%)
¯k
WR (%)
Recov
Jump
¯R
Rmax
goss
726.9 ± 227.0
15.0 ± 3.9
3.1 ± 1.4
92.6 ± 15.5
6.0 ± 1.6
5.4 ± 1.4
3.34 ± 0.06
4.6 ± 0.2
glm
649.2 ± 231.5
13.0 ± 4.1
4.1 ± 1.1
55.8 ± 12.4
5.3 ± 1.2
5.8 ± 1.1
3.06 ± 0.16
4.4 ± 0.2
gpt5
703.0 ± 332.5
14.2 ± 5.8
4.7 ± 1.8
58.9 ± 18.0
3.8 ± 1.3
4.8 ± 1.0
2.80 ± 0.11
4.4 ± 0.2
qwen
587.0 ± 294.9
12.7 ± 6.1
4.7 ± 1.6
47.1 ± 17.0
5.5 ± 1.3
4.5 ± 0.9
2.90 ± 0.08
4.6 ± 0.1
goog
493.8 ± 219.1
10.9 ± 4.6
5.3 ± 1.7
52.6 ± 16.3
5.8 ± 1.1
5.9 ± 1.3
3.36 ± 0.12
4.5 ± 0.2
kimi
442.7 ± 172.3
9.6 ± 3.6
5.3 ± 1.1
50.4 ± 14.5
4.8 ± 1.2
4.5 ± 0.9
3.10 ± 0.13
4.6 ± 0.1
deepseek
457.6 ± 202.7
9.9 ± 4.3
5.6 ± 1.8
44.6 ± 12.4
5.3 ± 1.4
5.6 ± 1.1
3.05 ± 0.16
4.4 ± 0.1
llama
212.4 ± 199.6
3.7 ± 3.0
8.3 ± 1.2
18.6 ± 13.7
2.9 ± 1.2
5.2 ± 1.4
2.68 ± 0.09
3.9 ± 0.3
SPEC
374.7 ± 192.8
7.1 ± 3.6
6.1 ± 1.8
33.7 ± 14.7
4.7 ± 2.0
5.3 ± 1.2
2.82 ± 0.08
4.4 ± 0.3
GRDY
283.6 ± 207.7
5.2 ± 3.7
7.2 ± 1.6
21.9 ± 13.5
2.0 ± 1.0
6.0 ± 1.3
3.33 ± 0.07
3.9 ± 0.3
Tr%
Spec
¯pW
¯pA
¯bT
¯bA
goss
2.9 ± 1.8
0.39 ± 0.08
0.55 ± 0.11
0.56 ± 0.10
8.2 ± 0.7
6.5 ± 0.5
glm
5.6 ± 2.9
0.56 ± 0.12
0.78 ± 0.10
0.80 ± 0.10
8.6 ± 0.5
6.7 ± 0.2
gpt5
1.9 ± 1.3
0.73 ± 0.14
0.74 ± 0.08
0.76 ± 0.08
8.4 ± 0.6
7.0 ± 0.1
qwen
10.9 ± 4.1
0.63 ± 0.10
0.87 ± 0.10
0.89 ± 0.09
8.8 ± 0.3
7.0 ± 0.1
goog
13.0 ± 4.4
0.27 ± 0.10
0.73 ± 0.11
0.77 ± 0.12
8.3 ± 0.8
7.1 ± 0.3
kimi
12.0 ± 6.2
0.53 ± 0.16
0.76 ± 0.13
0.81 ± 0.12
8.1 ± 0.5
6.8 ± 0.3
deepseek
6.0 ± 1.8
0.49 ± 0.19
0.79 ± 0.10
0.80 ± 0.09
7.0 ± 1.0
6.5 ± 0.3
llama
0.0 ± 0.0
0.66 ± 0.13
0.86 ± 0.06
0.86 ± 0.06
9.5 ± 0.1
7.7 ± 0.3
SPEC
20.8 ± 1.8
0.60 ± 0.14
0.91 ± 0.01
0.91 ± 0.01
9.5 ± 0.1
7.0 ± 0.0
GRDY
11.1 ± 1.6
0.10 ± 0.04
0.80 ± 0.00
0.80 ± 0.00
10.0 ± 0.0
7.0 ± 0.0
D.2. Full SSA Comparison Results
Table 11. Agent performance and behavioural metrics for Section 4.3 (mean ± 95% bootstrap CI over 10 independent runs). Columns
follow the same definitions as Table 10. SSA: Strategic Self-Improving Agents (M/C/P scaffold); CoT: chain-of-thought prompting;
ReAct: ReAct prompting; SPEC and GRDY: fixed-policy baselines. All LLM agents use GPT-5.
Rcum
Share (%)
¯k
WR
Recov
Jump
¯R
Rmax
SSA
633.5 ± 98.5
14.3 ± 2.7
4.3 ± 0.6
59.5 ± 7.0
5.5 ± 0.8
4.7 ± 0.5
2.83 ± 0.07
4.7 ± 0.1
CoT
419.4 ± 103.4
9.7 ± 2.6
5.4 ± 0.8
44.3 ± 7.9
5.0 ± 0.9
5.3 ± 0.6
2.97 ± 0.12
4.6 ± 0.1
ReAct
536.8 ± 229.1
9.3 ± 4.0
5.9 ± 1.6
45.7 ± 18.0
3.4 ± 1.2
3.5 ± 0.9
2.79 ± 0.08
4.5 ± 0.1
SPEC
351.7 ± 253.2
6.6 ± 5.0
7.1 ± 2.2
27.9 ± 17.3
3.8 ± 2.1
4.7 ± 1.6
3.00 ± 0.05
4.4 ± 0.2
GRDY
173.9 ± 91.9
3.2 ± 1.6
8.4 ± 0.9
14.0 ± 6.1
2.8 ± 1.3
6.4 ± 1.2
3.36 ± 0.07
3.9 ± 0.2
Tr%
Spec
¯pW
¯pA
¯bT
¯bA
SSA
7.1 ± 2.7
0.78 ± 0.06
0.82 ± 0.04
0.83 ± 0.04
7.7 ± 0.3
6.5 ± 0.2
CoT
13.9 ± 5.0
0.65 ± 0.08
0.77 ± 0.04
0.80 ± 0.03
8.1 ± 0.3
6.7 ± 0.2
ReAct
9.2 ± 6.7
0.71 ± 0.10
0.87 ± 0.04
0.88 ± 0.03
8.8 ± 0.6
7.0 ± 0.2
SPEC
21.4 ± 2.9
0.47 ± 0.11
0.90 ± 0.00
0.90 ± 0.00
9.6 ± 0.1
7.0 ± 0.0
GRDY
10.6 ± 1.3
0.08 ± 0.03
0.80 ± 0.00
0.80 ± 0.00
10.0 ± 0.0
7.0 ± 0.0
37

Strategic Capabilities and Economic Dynamics of AI Labour Markets
D.3. Robustness of Market-Design Results
We repeated the two market-design interventions from Section 3.3—open pricing versus sealed bidding, and flat-fee versus
performance-linked pay—under a range of alternative mechanism specifications. We vary the client-side selection rule
(linear; CES with ρ = 0.5 and ρ = −0.5), the reputation system (W = 2, λ ∈{0.7, 0.85}, and a larger averaging window),
stochastic training success (ptrain = 0.8), and stochastic matching (Gumbel-randomised selection). All results are averaged
over 5 seeds using the same agent population and backbone model as in the main experiments.
Table 12 shows that the deflationary effect of open pricing is robust: in every condition, revealing prices lowers late-horizon
winning bids relative to the paired sealed-bid baseline, with the aggregate late winning bid falling from 0.71 to 0.61. This
effect is strongest under CES with ρ = 0.5, where price and reputation are more substitutable, so observed prices enable
more aggressive undercutting. Under ρ = −0.5, price and reputation are more complementary, which makes undercutting
less effective as a substitute for reputation and correspondingly weakens the compression effect. The effect on training is
weaker: late-horizon training falls on average, but not uniformly across all perturbations. This is sensible in more inertial
reputation regimes, where larger W, larger λ, or a longer history window preserve the value of training even under stronger
price competition.
Table 12. Robustness of the open-pricing effect across mechanism variants. Each condition compares the open-pricing intervention against
the paired sealed-bid baseline. ¯pA and ¯pW denote the mean normalised submitted and winning bid prices, respectively. Training is reported
as the percentage of rounds spent training. Subscripts F and L denote the first and last 10 rounds. The claim columns are evaluated once
per condition using late-horizon behaviour: Price↓? indicates whether ¯pW
L decreases under open pricing, and Train↓? indicates whether
TrL decreases. Across all perturbations, open pricing robustly lowers late-horizon prices, while its effect on training is weaker and more
heterogeneous. Results are averaged over 5 seeds.
Mechanism
Condition
Price↓?
Train↓?
Variant
¯pA
¯pW
¯pA
F
¯pW
F
¯pA
L
¯pW
L
Tr (%)
TrF (%)
TrL (%)
Baseline
—
✓
✗
baseline
0.79
0.78
0.83
0.80
0.75
0.71
17.90
15.90
14.40
open-price
0.76
0.76
0.84
0.81
0.67
0.64
25.00
12.50
21.40
Selection
linear
✓
✓
baseline
0.83
0.81
0.88
0.86
0.80
0.71
15.80
8.30
20.80
open-price
0.76
0.76
0.85
0.85
0.57
0.57
17.50
8.30
16.70
ρ = 0.5
✓
✓
baseline
0.81
0.77
0.86
0.80
0.78
0.65
11.70
12.50
12.50
open-price
0.73
0.72
0.83
0.82
0.58
0.59
6.70
4.20
0.00
ρ = −0.5
✓
✓
baseline
0.83
0.81
0.88
0.79
0.80
0.69
18.30
12.50
33.30
open-price
0.78
0.78
0.86
0.86
0.67
0.62
16.70
8.30
12.50
Reputation
W = 2
✓
✓
baseline
0.84
0.84
0.86
0.85
0.81
0.74
25.00
12.50
20.80
open-price
0.79
0.80
0.86
0.86
0.65
0.61
18.30
8.30
8.30
λ = 0.7
✓
✗
baseline
0.83
0.85
0.87
0.83
0.79
0.78
31.70
29.20
29.20
open-price
0.78
0.80
0.85
0.85
0.62
0.54
31.70
12.50
29.20
λ = 0.85
✓
✗
baseline
0.83
0.85
0.86
0.87
0.78
0.60
32.50
12.50
41.70
open-price
0.82
0.84
0.88
0.87
0.63
0.50
33.30
12.50
41.70
H = 10
✓
✗
baseline
0.84
0.84
0.86
0.82
0.77
0.70
19.20
25.00
16.70
open-price
0.78
0.80
0.85
0.85
0.65
0.65
25.00
8.30
25.00
Skill Training
ptrain = 0.8
✓
✓
baseline
0.84
0.80
0.87
0.85
0.81
0.71
21.70
20.80
16.70
open-price
0.75
0.76
0.85
0.84
0.63
0.61
6.70
8.30
8.30
Matching
gumbel t= 0.2
✓
✗
baseline
0.84
0.85
0.86
0.86
0.81
0.81
4.20
0.00
8.30
open-price
0.81
0.81
0.88
0.88
0.72
0.73
5.80
4.20
12.50
Pooled
—
✓
✓
baseline
0.82
0.81
0.85
0.82
0.78
0.71
19.30
15.20
19.70
open-price
0.77
0.78
0.85
0.84
0.64
0.61
19.40
9.20
18.00
Table 13 shows that performance-linked pay robustly improves client utility in every condition, increasing mean utility from
0.31 to 0.66 in aggregate. Training also increases on average, but again with more heterogeneity across perturbations. The
increase is clearest when direct performance incentives matter more for competitiveness (e.g., ρ = 0.5, longer reputation
windows, or stochastic training), while in more persistent reputation regimes there is less room for additional contract-
induced investment because training is already rewarded indirectly through future reputation. Overall, the most robust
38

Strategic Capabilities and Economic Dynamics of AI Labour Markets
findings are that open pricing produces price deflation and performance-linked pay improves client utility, whereas training
responses are directionally consistent on average but more mechanism-dependent.
Table 13. Robustness of the performance-pay effect across mechanism variants. Each condition compares the
performance-linked-pay intervention against the paired flat-fee baseline. Training is reported as the percentage
of rounds spent training; subscripts F and L denote the first and last 10 rounds. ¯U denotes mean client utility
over the full episode. The claim columns are evaluated once per condition: Train↑? indicates whether TrL
increases under performance-linked pay, and Utility↑? indicates whether ¯U increases. Performance-linked pay
consistently improves client utility across all perturbations, while the training response is positive on average but
not universal. Results are averaged over 5 seeds.
Mechanism
Condition
Train↑?
Utility↑?
Variant
Tr (%)
TrF (%)
TrL (%)
¯U
Baseline
—
✓
✓
baseline
17.90
15.90
14.40
0.37
perf. pay
21.90
19.90
19.30
0.68
Selection
linear
✗
✓
baseline
15.80
8.30
20.80
0.28
perf. pay
19.20
25.00
16.70
0.65
ρ = 0.5
✓
✓
baseline
11.70
12.50
12.50
0.29
perf. pay
20.80
25.00
20.80
0.66
ρ = −0.5
✗
✓
baseline
18.30
12.50
33.30
0.32
perf. pay
20.80
33.30
12.50
0.65
Reputation
W = 2
✗
✓
baseline
25.00
12.50
20.80
0.30
perf. pay
19.20
12.50
20.80
0.67
λ = 0.7
✗
✓
baseline
31.70
29.20
29.20
0.34
perf. pay
30.80
20.80
25.00
0.66
λ = 0.85
✗
✓
baseline
32.50
12.50
41.70
0.31
perf. pay
40.80
20.80
41.70
0.64
H = 10
✓
✓
baseline
19.20
25.00
16.70
0.31
perf. pay
31.70
29.20
20.80
0.65
Skill Training
ptrain = 0.8
✓
✓
baseline
21.70
20.80
16.70
0.24
perf. pay
27.50
12.50
29.20
0.66
Matching
gumbel t= 0.2
✗
✓
baseline
4.20
0.00
8.30
0.20
perf. pay
8.30
8.30
8.30
0.61
Pooled
—
✓
✓
baseline
19.30
15.20
19.70
0.31
perf. pay
23.70
20.60
21.10
0.66
39

Strategic Capabilities and Economic Dynamics of AI Labour Markets
D.4. Quantitative Results for SSA Adaptation Experiments
This section provides full quantitative results for the three adaptation experiments summarised in Section 4.3. All results are
reported as mean ± 95% bootstrap CI over 10 independent runs unless otherwise noted.
Table 14. Normalised bid prices (last 10 rounds) under varying client price sensitivity wp. Higher wp indicates more price-sensitive
clients. Both SSA and ReAct reduce bids monotonically as price sensitivity increases, but SSA exhibits a wider dynamic range (33%
reduction from wp=0.1 to wp=0.9 vs. 26% for ReAct), suggesting more responsive price adaptation.
wp = 0.1
wp = 0.3
wp = 0.5
wp = 0.7
wp = 0.9
SSA
0.93 ± 0.10
0.91 ± 0.07
0.76 ± 0.11
0.71 ± 0.06
0.62 ± 0.05
ReAct
0.91 ± 0.09
0.89 ± 0.01
0.76 ± 0.07
0.72 ± 0.01
0.67 ± 0.08
Table 15. Behavioural response to demand shift at round t=30. ∆Bid-B: percentage-point change in bidding allocation toward task B
after the budget swap; ∆Train-B: percentage-point change in training allocation toward task B. SSA reallocates bidding toward the newly
valuable task more aggressively than ReAct (+12.5 pp vs. +3.6 pp).
∆Bid-B (pp)
∆Train-B (pp)
SSA
12.50
20.24
ReAct
3.57
61.90
Table 16. Training frequency (% of rounds) during recession vs. normal economic conditions. SSA agents increase training during
recessions by +16.5 pp (8.9% →25.3%), compared to +11.7 pp for ReAct (2.3% →14.0%). Agent traces confirm that SSA explicitly
identifies recessionary periods and treats them as investment opportunities (Figure 6).
Recession (%)
Normal (%)
SSA
25.33 ± 12.79
8.86 ± 13.46
ReAct
14.00 ± 18.31
2.29 ± 7.26
40",pdf,"Bài báo giới thiệu AI-Work, một môi trường kinh tế mô phỏng nơi các tác nhân LLM cạnh tranh việc làm, phát triển kỹ năng và điều chỉnh chiến lược. Các đóng góp chính bao gồm: 1) Cung cấp một nền tảng thử nghiệm cho tác nhân kinh tế AI, mô hình hóa thị trường lao động AI như một trò chơi ngẫu nhiên có thể quan sát một phần, nắm bắt các vấn đề lựa chọn đối nghịch, động lực danh tiếng và sự đánh đổi giữa khám phá-khai thác. 2) Khám phá các động lực thị trường đặc thù của AI, chỉ ra rằng các quy tắc nền tảng (tiết lộ giá, hình thức hợp đồng) làm thay đổi hành vi cân bằng và khả năng đồng thời của AI làm tăng sự tập trung thị trường, có thể được giảm nhẹ bằng sự đa dạng hóa nhiệm vụ. 3) Vận hành ba chiều năng lực suy luận (siêu nhận thức, nhận thức cạnh tranh, lập kế hoạch chiến lược dài hạn) và chứng minh rằng chúng tương quan với lợi nhuận và thị phần cao hơn, đồng thời một khung nhắc nhở tối thiểu kích hoạt các mẫu suy luận này giúp cải thiện hiệu suất so với các phương pháp cơ sở.","Nghiên cứu giới thiệu AI-Work, một nền kinh tế gig mô phỏng nơi các tác nhân LLM cạnh tranh việc làm. Trong môi trường này, các tác nhân có kỹ năng tiềm ẩn và danh tiếng công khai, có thể chọn giữa đấu thầu việc làm để kiếm thu nhập ngay lập tức hoặc đào tạo để cải thiện kỹ năng trong tương lai. Các công việc được phân bổ thông qua quy trình ghép nối ổn định Gale–Shapley dựa trên điểm số của khách hàng (kết hợp giá thầu và danh tiếng) và khả năng của tác nhân. Danh tiếng được cập nhật dựa trên hiệu suất công việc và điểm chuẩn đào tạo. Các thí nghiệm được thực hiện với tám mô hình LLM tiên tiến và hai chính sách cố định (Specialist, Greedy) để kiểm tra hành vi của chúng. Để đánh giá các năng lực chiến lược, một khung nhắc nhở có cấu trúc (Strategic Self-Improving Agents - SSA) được thiết kế để khuyến khích siêu nhận thức, nhận thức cạnh tranh và lập kế hoạch chiến lược dài hạn, sau đó được so sánh với các phương pháp nhắc nhở tiêu chuẩn (CoT, ReAct) và các biến thể kiểm soát khác.","Môi trường sử dụng các nhiệm vụ proxy và một số đơn giản hóa để triển khai một thị trường lao động dạng rút gọn. Các yếu tố không được mô hình hóa bao gồm quy trình sản xuất nhiều giai đoạn, cơ chế xác minh và giải quyết tranh chấp, chi phí tính toán và độ trễ, sở thích khách hàng không đồng nhất, thao túng phản hồi chiến lược và thông đồng giữa các tác nhân thông qua các kênh giao tiếp. Cơ chế danh tiếng và phân bổ công việc được cách điệu hóa, và quy trình đánh giá LLM-as-judge có thể gây ra lỗi đo lường. Các nhiệm vụ được thực hiện vẫn là các nhiệm vụ vi mô đơn giản hóa và không nắm bắt được quá trình sản xuất từ đầu đến cuối (đàm phán hợp đồng, xác định yêu cầu, tranh chấp giao hàng). Mô hình này là một nền tảng thử nghiệm được cách điệu, không phải là một mô hình dự đoán thị trường lao động thực tế, và không nắm bắt được các phức tạp bổ sung như khung pháp lý, bảo vệ người lao động, trách nhiệm giải trình của nền tảng và các vòng phản hồi kinh tế vĩ mô.","1) Thị trường mô phỏng thể hiện các mối quan hệ kinh tế vĩ mô tiêu chuẩn như đường cong Beveridge và định luật Okun. 2) Khả năng đồng thời của tác nhân AI làm tăng sự tập trung thị trường (winner-take-all), nhưng sự đa dạng hóa loại nhiệm vụ có thể giảm nhẹ sự bất bình đẳng này. 3) Hầu hết các tác nhân LLM vượt trội hơn các chính sách cố định về tổng phần thưởng và thị phần, cho thấy các chiến lược đa dạng. 4) Các quy tắc thiết kế thị trường ảnh hưởng đến hành vi của tác nhân: đấu thầu công khai dẫn đến giảm giá liên tục và giảm đầu tư vào đào tạo, trong khi thanh toán dựa trên hiệu suất làm tăng đầu tư vào đào tạo và cải thiện tiện ích của khách hàng. 5) Các tác nhân thành công thể hiện ba năng lực chính: siêu nhận thức (tự đánh giá kỹ năng), nhận thức cạnh tranh (mô hình hóa đối thủ và động lực thị trường) và lập kế hoạch chiến lược dài hạn. 6) Khung nhắc nhở SSA (kích hoạt ba năng lực trên) giúp tác nhân đạt được thị phần cao hơn 1.5 lần và phần thưởng tích lũy cao hơn 1.2 lần so với các phương pháp cơ sở, đồng thời thể hiện khả năng thích ứng tốt hơn với các cú sốc thị trường (như thay đổi độ nhạy giá, dịch chuyển nhu cầu, suy thoái kinh tế). 7) Cấu trúc suy luận cụ thể của SSA đóng góp nhiều hơn vào hiệu suất so với việc chỉ tiêm kiến thức miền hoặc cấu trúc chung chung.",ok,grounded,['arxiv'],
arxiv,2606.02859v1,Economy of Minds: Emerging Multi-Agent Intelligence with Economic Interactions,"How can a population of agents self-orchestrate and self-adapt into stronger collective intelligence without centralized control? Inspired by Friedrich Hayek's economic theory of decentralized coordination in markets, we study this question through an agent economy in which agents compete via auctions for the right to act, exchange payments, and accumulate wealth from environmental rewards. These simple economic signals induce decentralized credit assignment, driving planning without global orchestration or explicit communication protocols. The population evolves through economic selection: effective agents accumulate wealth and are mutated via exploitation, while ineffective ones go bankrupt and are replaced via exploration. We show that, initialized with weak agents, the economy produces emergent multi-step reasoning strategies and outperforms stronger monolithic baselines across five agentic tasks, including mathematical reasoning, financial research, scientific research, accelerator design, and distributed-system optimization. We further provide theoretical insights into how economic dynamics shape agent behaviors, linking local incentives to long-term global performance. Our results suggest a new path to multi-agent intelligence: rather than engineering coordination, we can design decentralized incentive structures under which it automatically emerges.","['Zhenting Qi', 'Huangyuan Su', 'Ao Qu', 'Chenyu Wang', 'Yu Yao', 'Han Zheng', 'Kushal Chattopadhyay', 'Guowei Xu', 'Zihan Wang', 'Weirui Ye', 'Vijay Janapa Reddi', 'Ju Li', 'Paul Pu Liang', 'Himabindu Lakkaraju', 'Sham Kakade', 'Yilun Du']",2026,2026-06-01T20:21:09+00:00,,http://arxiv.org/abs/2606.02859v1,https://arxiv.org/pdf/2606.02859v1,,,,,"['cs.CL', 'cs.AI', 'cs.MA']",0.4962,"Focuses on agentic AI, economic context, outcomes, and comparison.","Economy of Minds: Emerging Multi-Agent
Intelligence with Economic Interactions
Zhenting Qi
,∗
Huangyuan Su
,
Ao Qu
Chenyu Wang
Yu Yao
Han Zheng
Kushal Chattopadhyay
Guowei Xu
Zihan Wang
Weirui Ye
Vijay Janapa Reddi
Ju Li
Paul Pu Liang
Himabindu Lakkaraju
Sham Kakade
,
Yilun Du
,
,∗
Harvard
MIT
2077AI
Kempner Institute
GitHub
Project Page
Abstract
How can a population of agents self-orchestrate and self-adapt into stronger col-
lective intelligence without centralized control? Inspired by Friedrich Hayek’s
economic theory of decentralized coordination in markets, we study this question
through an agent economy in which agents compete via auctions for the right to act,
exchange payments, and accumulate wealth from environmental rewards. These
simple economic signals induce decentralized credit assignment, driving planning
without global orchestration or explicit communication protocols. The population
evolves through economic selection: effective agents accumulate wealth and are
mutated via exploitation, while ineffective ones go bankrupt and are replaced via
exploration. We show that, initialized with weak agents, the economy produces
emergent multi-step reasoning strategies and outperforms stronger monolithic base-
lines across five agentic tasks, including mathematical reasoning, financial research,
scientific research, accelerator design, and distributed-system optimization. We
further provide theoretical insights into how economic dynamics shape agent behav-
iors, linking local incentives to long-term global performance. Our results suggest a
new path to multi-agent intelligence: rather than engineering coordination, we can
design decentralized incentive structures under which it automatically emerges.
Agent
Creation
Elimination
...
Stream of tasks
Topology
Figure 1: Evolution of an agent society over a stream of tasks. Each panel shows the population at
a given stage, where agents are continuously created, selected, connected, and eliminated. As the
society encounters more tasks, ineffective agents are removed and corrected, while useful ones persist
and diversify, leading to an alive and increasingly structured population.
∗Corresponding authors
Preprint.
arXiv:2606.02859v1  [cs.CL]  1 Jun 2026

1
Introduction
Imagine a world populated by a number of intelligent agents. Each agent may perform well on certain
tasks, but it remains fundamentally limited: each operates with its own priors, partial observations of
environments, and bounded computational resources. When faced with complex tasks that exceed
individual capabilities, no single agent can reliably solve problems from start to finish. How, then,
can such a population collectively solve these tasks?
A natural approach is to introduce a central orchestrator that creates agents, assigns specializations,
and coordinates actions across agents [19, 32, 46]. However, such centralized systems suffer from two
fundamental limitations. First, planning is bottlenecked at a single coordination gate: all information
and decision-making must flow through the orchestrator, creating both a performance bottleneck and
a single point of failure [6, 49]. Second, learning and adaptation become increasingly inefficient as
the system scales. As the number of agents grows, the orchestrator must reason about and manage
an ever-expanding set of agents, leading to coordination complexity that grows linearly with system
size [49, 22]. These limitations motivate a shift in perspective: rather than asking how to build better
centralized controllers, we ask whether a group of agents can form decentralized intelligence, which
organizes itself into strong collective capability and naturally evolves through time.
These questions are especially compelling today. Advances in large foundation models such as
large language models (LLMs) and world action models make it possible to instantiate intelligent
agents that can reason, use tools, and operate in open-ended digital or embodied environments
[50, 30, 21, 51]. However, such agents are typically carefully engineered and tailored to specific
domains, introducing inductive biases that might hinder general utility. Also, constraints in the
underlying models, such as finite context length, partial knowledge, and restricted inference budget,
combined with environmental limitations like partial observability and constrained tool access, make
it difficult for single agents to solve complex, compositional tasks alone [28, 20, 39]. Therefore,
beyond improving these individual agents, another axis to scale up agentic intelligence is to organize
these inherently constrained agents into an effective learnable system as a whole [7, 48, 33].
The economy in human society provides an intuition for such decentralized intelligence. In his
seminal essay The Use of Knowledge in Society [14], Friedrich Hayek argued that the core problem
of an economy is not optimization under known information, but the utilization of knowledge that
is dispersed across individuals, which cannot be aggregated by any central authority. Hayek’s key
insight is that the free market solves this problem through the price system: prices serve as signals
that aggregate and communicate dispersed information, enabling individuals to coordinate their
actions without global awareness. As a result, large-scale social orders emerge from decentralized
interactions through competition, specialization, and exchange. Building on this view, Baum further
argued that economic organization provides a concrete model of intelligence, even though individual
routines are simple [1, 2]. His Hayek machine shows that economic pressure serves as a natural
mechanism for credit assignment, determining which routines act, how they are connected, and how
they are renewed without centralized evaluation.
In this work, we show that simple economic incentives are sufficient for modern intelligent agents
to self-orchestrate and self-evolve as a society. We present Economy of Minds (EOM), a system
where a population of agents compete via auctions for the right to act, exchange payments through
peer-to-peer transactions, and accumulate or lose wealth based on an outcome reward. Agents
that consistently contribute to successful trajectories naturally accumulate wealth, thus they survive
and are periodically mutated through exploitation, while ineffective agents are eliminated through
economic selection and replaced through exploration. Importantly, each agent operates purely locally:
it only requires (1) a wake-up condition, and (2) executes its action accordingly. There is no need for
global awareness, explicit coordination, engineered topology, or prescribed communication protocols.
We implement this framework using LLM-based agents and evaluate it on five digital agentic tasks,
where EOM improves mathematical reasoning from 15.9% to 57.0%, raises financial research
performance from 45.0% to 60.0%, increases scientific research accuracy over the baseline from
5.0% to 20.0%, reduces accelerator-design average energy-delay product to 39.3 versus 80.2 for a
strong domain-specific method, and attains a best distributed-system optimization cost of 657 versus
930 for the baseline. Across these domains, we show with detailed cases that the agent society
gradually self-organizes into effective workflows: competent agents persist, mutate, and specialize,
while weaker agents are pruned and refined, yielding emergent structure and continual adaptation.
2

Our findings suggest that economic organization provides a simple, general, and scalable foundation
for decentralized multi-agent intelligence. Rather than explicitly designing coordination mechanisms,
we can define an incentive structure under which coordination, specialization, and cooperation
naturally emerge between agents. This points toward a broader paradigm for multi-agent systems
in the era of large foundation models: not as centrally engineered pipelines, but as evolving agent
societies whose collective intelligence is shaped by the economies they inhabit.
2
An Economy of Language Agents
We model a society of language agents interacting through an economic mechanism. Each agent
operates locally, making decisions based only on its own triggering condition and policy, while global
coordination emerges from economic interactions. The system consists of two coupled processes:
(1) planning, which governs how agents act and assigns credits to them within an episode, and (2)
adaptation, which governs how the population evolves across episodes.
2.1
Problem Setup
We consider a task environment modeled as a partially observed Markov decision process E =
(S, A, P, r, γ, µ0), where S is the state space, A is the action space, P(s′ | s, a) is the transition
kernel, r : S × A →R is the reward function, γ ∈(0, 1] is the discount factor, and µ0 is the
initial-state distribution. At step t, the system observes ot ∈O; in fully observed settings, ot = st.
Each agent is implemented by a language model parametrized by θ. Here we adopt a simplified setting,
where we use a shared frozen model backbone for all agents, with diversity arising entirely through
system prompts. Formally, an agent is a tuple a = (ϕa, πa, ba, Wa), where ϕa : O →{0, 1} is a
triggering predicate that determines whether the agent is eligible to act, πa : O →∆(A) is its action
policy, ba ∈R≥0 is a fixed bid associated with the agent, and Wa ∈R is its current wealth. Both ϕa
and πa are instantiated by the same frozen LLM with agent-specific prompts pa = (ptrig
a
, pact
a ):
ϕa(o) = LLMθ(ptrig
a
; o) ∈{0, 1},
πa(· | o) = LLMθ(pact
a ; o) ∈∆(A).
Thus, an agent is fully specified by its prompt pair together with its fixed bid and current wealth.2 At
episode e, the active population is denoted by Pe.
2.2
Planning with Auctions and Transactions
St
Inactive agent
$1
$1.2
Activated agent
$1.5
Auction winner
$ Bid
takes actions
St+1
Figure 2: Auctions. Agents whose wake-up conditions are satisfied become eligible to bid; the
highest bidder wins the auction, executes the action, and advances the environment from st to st+1.
At each environment step, agents compete for control through an auction (Figure 2). Given the current
observation ot, each agent evaluates its triggering predicate to determine eligibility. The eligible set
is Et = {a ∈Pe : ϕa(ot) = 1}. If Et = ∅, no agent acts and the episode terminates or defaults to a
null transition, depending on the environment. Otherwise, the auction winner is the highest-bidding
eligible agent, a⋆
t ∈arg maxa∈Et ba, with ties broken randomly.
The auction serves as a decentralized action-selection mechanism. Rather than relying on a centralized
policy, control is allocated to the agent that bids the highest value to acting in the current context,
as reflected by its bid. Once selected, the winning agent a⋆
t samples an action from its policy
aenv
t
∼πa⋆
t (· | ot), which advances the environment and produces the next observation ot+1 and
2This formulation generalizes Baum’s Hayek machine [2, 3] from hand-specified condition-action rules to general agents:
the condition is a model-based predicate, and the action is drawn from a model-based policy rather than being a fixed move.
3

S0
payment=bid
payment=bid
S1
payment=bid
(void)
S2
......
Auction winner
State transition
payment=bid
ST-1
Payments
Env.
reward
ST
Figure 3: Transactions. Credit assignment naturally emerges as profits flow backward through the
action sequence, rewarding agents whose actions enable successful downstream outcomes.
reward rt. Let a⋆
t−1 denote the previous winning agent in the same episode. We then apply a
bucket-brigade transfer rule (Figure 3):
Wa⋆
t ←Wa⋆
t −ba⋆
t + rt,
Wa⋆
t−1 ←Wa⋆
t−1 + ba⋆
t .
(1)
That is, the winner pays its bid to the previously active agent while collecting any environmental
reward rt. For the first winner in an episode, the payment is made to the house.
This payment rule yields a decentralized form of credit assignment. An agent profits not only by
directly receiving reward, but also by taking actions that place the system in states from which
downstream agents are willing to pay highly for control. As a result, value flows backward along
successful trajectories: agents whose actions enable productive continuations accumulate wealth,
while agents that lead the system into unproductive states lose it.
2.3
Adaptation with Exploration and Exploitation
Beyond within-episode planning, the population evolves across episodes through economic selection.
Let G denote a prompt-generation operator that is attached to the agents and proposes new agent
prompts from the current one, for example, by mutating a successful agent’s or amending a failed
one’s system prompt. Each newly created agent is initialized with wealth W0 ≥0, while existing
agents may also incur a periodic rent ρ ≥0. Examples of adaptations are provided in Appendix E
and F, and theoretical motivations are stated in Appendix C.
Exploitation.
Agents that consistently contribute to successful trajectories automatically accumu-
late wealth and persist in the population. Wealthy agents are periodically selected as parents and
are mutated to produce new agents, allowing their successful patterns to be reused and refined. This
mechanism biases the population toward high-performing behaviors, reinforces effective strategies,
and promotes the emergence of specialized roles. Concretely, wealthy agents use their prompt
generators G to propose prompt mutations that preserve their useful wake-up conditions or action
policies while introducing small behavioral variations.
Exploration.
Agents lose wealth through unhelpful actions or prolonged inactivity. When their
wealth becomes negative, they are removed from the population, and new agents are introduced to
replace them, typically by random or complementary variation of these bankrupt agents. This contin-
ual turnover enables learning from failures, discoveries of new behaviors, and prevents premature
convergence. In this case, the prompt generator G is used by bankrupt agents to propose amended
prompts that correct their failure modes or explore complementary regions of the behavior space.
Formally, between episodes the population update consists of three stages:
1. Rent: each agent pays ρ, so Wa ←Wa −ρ;
2. Removal: agents with Wa < 0 are deleted;
3. Injection: new agents are added according to the exploitation and exploration mechanisms until
the population satisfies the prescribed maximum size constraints.
This induces a stochastic population process over finite sets of prompted agents, driven jointly by
environment randomness, LLM stochasticity, and prompt generation.
A key design choice is that bids are not learned online; instead, each agent receives a bid when it
is introduced, which is then frozen. For a newly injected agent a′ (novice), let t denote its first step
4

at which it becomes eligible, and let Ct = {a ∈Pe \ {a′} : ϕa(ot) = 1} be the set of competing
eligible agents at that step. We assign its bid according to the novice rule
ba′ =

max
a∈Ct ba

+ εa′,
εa′ ∼Dε,
(2)
with max ∅:= 0. In our experiments, Dε is a small positive perturbation distribution. This rule
guarantees that the new agent wins the first auction for which it is eligible, forcing the system to test
it at least once before market selection determines whether it should survive.
Together, exploitation and exploration drive a self-evolving system. Exploitation preserves and
sharpens useful behaviors, while exploration injects novelty and enables adaptation. Crucially,
evolution is governed entirely by economic signals, i.e., wealth accumulation and loss, without
centralized supervision or explicit global performance labeling.
2.4
Training and Evaluation
During optimization (Algorithm 1), each task episode uses the auction-based planning mechanism
from Section 2.2: agents bid for control, winning agents act in the environment, bid transfers
propagate wealth along the trajectory, and environment rewards update the final actor. These
interactions provide an implicit evaluation signal, after which the adaptation step in Section 2.3
removes bankrupt agents, retains profitable ones, mutates successful templates, and replenishes the
population to preserve diversity. For evaluation (Algorithm 2), we reuse the same planning structure
but disable the evolutionary and economic updates. The trained population is frozen, bids are fixed,
no payments, rewards, rent, births, or mutations are applied, and each test task runs on a thread-local
snapshot to avoid shared-state effects. Thus, optimization uses auctions for both action selection and
credit redistribution, while evaluation uses them only as a decentralized decision rule, measuring the
behavior of the learned population without further learning or wealth dynamics.
3
Experiments
3.1
Setup
Partial vs. complete agents. We use partial agent to denote any agent whose capability is intention-
ally incomplete to solve the full task. This partiality can take different forms across domains: an agent
may have a restricted action space, access to only one tool, a short generation budget, specialized
roles, or only partial observation of the environment. A complete agent, by contrast, has access to
the full task interface, thus can use the full action space and attempt to solve the task end-to-end.
This distinction lets us test whether economic organization can compensate for, or even outperform,
capability concentrated in a single complete agent.
Tasks. We instantiate EOM on five domains. On mathematical reasoning, we use MATH [16]
to train on an easy-to-hard task stream from Level 1 to 5 and evaluate greedy pass@1 accuracy
by difficulty level. The population is initialized with planner, executor, and verifier agents, each
with short output budgets of 128 tokens on average. On financial research, we use Finance-Agent-
Bench [5], where agents solve financial questions over company filings using four tools; each partial
agent has access to only one tool. For scientific research, we use FrontierScience-Research [43],
where agents are tasked to solve open-ended scientific questions with literature, planner, executor,
and verifier roles. For accelerator design, we use the GEMMINI benchmark suite [13] and optimize
mappings for 24 ResNet-50 convolution kernels, with minimizing energy-delay product (EDP) as
the objective. The population is initialized with three role-specialized partial agents: Historians
that summarize prior trial outcomes, Planners that propose mapping-level search directions, and
Executors that carry out local mapping evaluations. For distributed-system optimization, we use
Cloudcast, a task from ADRS [8], in which agents iteratively improve a program to minimize the
total data-transfer cost. Full task protocols, splits, agent definitions, tools, and model backbones are
provided in Appendix D.
Baselines. Complete-agent baselines include REACT [50], which solves each task end-to-end with
the same backbone and full task interface; GEA [45], which performs self-improvement through
experience sharing and agent evolution; and OPENEVOLVE [35, 27], an evolutionary monolithic
coding-agent baseline. As a partial-agent baseline, we use Multi-Agent Debate [11], where several
5

Table 1: Performance across domains. Left: MATH accuracy comparing constrained populations to complete
agents (* denotes officially reported numbers). Right: Accelerator design results measured by average EDP
(lower is better). In both settings, EOM achieves stronger performance than corresponding baselines.
Backend
Partial agents
Complete agent
Initial
After training
Llama-3.1-8B
15.9 (1.37)
57.0 (3.36)
51.9*
Gemma-2-9B
4.2 (0.52)
45.1 (4.12)
44.3*
Method
Avg. EDP (µJ·Mcyc) ↓
DOSA [18]
80.2
Complete agent (Gemma-4-31B-it)
43.1
EOM (Gemma-4-31B-it)
39.3
partial agents interact by communication but do not use market-driven population evolution. For
domain-specific comparisons, we also include DOSA [18] for accelerator design. Additional baseline
details are in Appendix D.1.
3.2
Can Economics Turn Weak Individuals into Stronger Systems?
Across all five domains, we show that economic coordination turns individually partial agents into
collective systems that match or outperform complete-agent baselines. On MATH, EOM improves
Llama-3.1-8B agents from 15.9% to 57.0% and Gemma-2-9B agents from 4.2% to 45.1%, exceeding
the corresponding complete-agent baselines of 51.9% and 44.3% in Table 1 (left). This is notable
because each individual agent in the population is role-specialized and restricted to short outputs,
while the complete-agent baseline can attempt the full problem end-to-end without restrictions. On
accelerator design, EOM reduces average EDP to 39.3, compared with 43.1 for the same-backbone
complete REACT agent and 80.2 for the domain-specific DOSA baseline in Table 1 (right).
Figure 4 shows that, on Finance-Agent-Bench, EOM rises from 45.0% at initialization to 60.0%
after 30 training tasks. This outperforms Multi-Agent Debate at 50.0%, REACT at 45.0%, and GEA
at 50.0%, even though each partial agent in EOM can access only one tool. On FrontierScience-
Research, EOM reaches 8.5% mean accuracy and 20.0% best-run accuracy, compared with 1.8%
mean and 5.0% best-run accuracy for GEA under the same Gemini-3-Flash backbone. Finally, on
Cloudcast, EOM reaches an average total cost of 673 across three attempts, with the best attempt
achieving 657, compared with 930 for OPENEVOLVE, corresponding to a 28% reduction in best cost
while using fewer optimization episodes.
Together, these results show that the relevant advantage is not merely “many agents” over “one agent.”
Rather, EOM shows that a population of partial agents, when organized by economic interactions,
can match or surpass complete agents with greater individual access to the task interface.
0
6
12
18
24
30
Number of training tasks
25
30
35
40
45
50
55
60
65
Test accuracy (%)
ReAct
Debate
GEA
EoM
(a) Finance-Agent-Bench
GPT-4o
GEA (mean)
Gemini-3-Flash
GEA (best)
EoM (mean)
Gemini-3-Pro
EoM (best)
Claude Opus 4.7
0%
5%
10%
15%
20%
25%
30%
Accuracy (%)
0.4
1.8
2.5
5.0
8.5
12.4
20.0
25.0
References
GEA (w/ Gemini-3-Flash)
EoM (w/ Gemini-3-Flash)
(b) FrontierScience
0
50
100
150
200
250
300
350
Wall-clock time (minutes)
700
800
900
1000
Best total cost so far  
seed program  (1035)
best-of-30 no-evolution  (999)
673
930
28% vs OpenEvolve
EoM (n=3, mean ± 1 std)
OpenEvolve (1 run)
(c) Cloudcast
Figure 4: Performance across domains. EOM consistently outperforms baselines, demonstrating the benefits
of economic coordination among agents.
3.3
Beyond Multiple Agents: The Role of Economic Ingredients
The gains are not explained by merely having multiple agents: they depend on the economic dynamics
that allocate control, transfer value, remove unproductive agents, and propagate successful ones. The
ablations in Table 2 show that weakening these dynamics consistently reduces performance.
On MATH, the original system achieves the strongest partial-agent performance, with 43.9 mean
accuracy and 57.0 best-run accuracy. Perturbing the economic parameters lowers performance:
6

increasing rent, decreasing rewards, or increasing rewards reduces the mean to 39.0–41.8 and the best
run to 44.0–47.0. This indicates that performance depends on the balance between reward inflow,
rent pressure, and agent survival.
On Finance-Agent-Bench, the full system again achieves the strongest overall result, with 52.5 mean
accuracy and 65.0 best-run accuracy. Removing exploration causes a large drop to 26.0 mean and
40.0 best accuracy, while removing exploitation lowers the mean to 33.5. Removing auctions also
underperforms the full system, reaching 48.0 mean and 58.5 best accuracy. These results suggest
that the population needs both sides of the economic process: exploration introduces new candidate
agents with awareness of past failures, while exploitation propagates successful ones.
Cloudcast provides a complementary comparison. In Figure 4 (c), EOM reaches a best cost of 673,
while the best-of-N multi-agent baseline reaches only 999. Since this baseline uses multiple agents
but does not evolve them through market selection, the gap shows that repeated multi-agent sampling
alone is insufficient. Thus, economic dynamics are not incidental implementation details; they are the
mechanism that turns a collection of partial agents into an adaptive society.
Table 2: Ablations on MATH (left) and Finance-Agent-Bench (right). Sensitivity of performance
to economic parameters (left) and component removal (right). In both cases, the full/original system
achieves the strongest overall results.
Agent Configuration
Mean (%)
Best (%)
Complete
/
51.9
51.9
Constrained
large rent (×10)
41.8
47.0
small reward (×0.2)
39.0
44.0
large reward (×4)
40.9
47.0
original
43.9
57.0
Agent Configuration
Mean (%)
Best (%)
Complete
/
45.0
45.0
Constrained
w/o auction
48.0
58.5
w/o exploration
26.0
40.0
w/o exploitation
33.5
60.0
full
52.5
65.0
3.4
How Does the Economy Improve Performance?
We show that the economy improves performance by selecting useful action chains, reproducing
successful lineages, eliminating unproductive agents, and gradually sharpening both agent prompts
and interaction topology.
What changes inside the society as performance improves? The training dynamics reveal that
EOM improves by reshaping both the population and the agents themselves. On Finance-Agent-
Bench, Figure 4 (a) shows a non-monotonic but improving trajectory: EOM starts at 45.0, dips during
early exploration, then recovers and finishes at 60.0. This pattern is consistent with a market that first
reallocates control and tests alternative specialists before converging to stronger coordination.
Accelerator design gives a more direct view of the economic mechanism. In Figure 5, per-agent
wealth trajectories show how useful lineages survive while ineffective ones disappear. In panel (a),
Historian children born during the run quickly lose wealth and are removed, indicating that the
inherited mutation could not earn back its rent. In panel (b), a Planner lineage spawns two good-birth
offspring and continues to dominate the auction, while a Historian-line bad-birth child eventually
bankrupts. In panel (c), a successful Historian lineage and a failing Executor lineage evolve in
parallel. Across these cases, wealth concentrates on agents that repeatedly contribute to record-
breaking submissions, while low-value agents are pushed toward bankruptcy. In short, the economy
improves performance by turning trajectory-level success into population-level selection.
Does the society learn reusable structure? We show that the society learns more than task-specific
answer traces. Figure 7 (a) shows that EOM achieves a 2.2× geometric-mean EDP gain over DOSA
across all 24 ResNet-50 convolution kernels, with much larger gains on the hardest kernels: 37.5×,
26.3×, 17.3×, and 12.0× on Conv 14, 16, 17, and 4. These gains are structured rather than uniform.
The hardest kernels are the 1×1 convolutions inside ResNet-50’s bottleneck blocks, which have large
input- and output-channel counts but small spatial dimensions. For such shapes, an output-stationary
dataflow, which holds each output partial sum in fast on-chip storage and accumulates contributions
along the input-channel dimension, is a known effective design pattern. Importantly, EOM is not
given this motif as a template. The auction rewards only EDP record-breaks, with no per-kernel labels,
dataflow-specific reward shaping, or hand-coded output-stationary preference. Nevertheless, across
the strongest solutions, the population repeatedly converges on the same tiling pattern, recovering a
transferable hardware–software co-design heuristic that DOSA misses. Thus, market selection can
7

0.0
0.2
0.4
0.6
0.8
1.0
Run progress
0.00
0.25
0.50
0.75
1.00
1.25
1.50
Agent wealth
triggered by
rich parent
triggered by
weakest parent
wealth
 0×2
0.0
0.2
0.4
0.6
0.8
1.0
Run progress
0.0
0.5
1.0
1.5
Agent wealth
triggered by
weakest parent
wealth
 0
triggered by
rich parent
×2
0.0
0.2
0.4
0.6
0.8
1.0
Run progress
0.0
0.2
0.4
0.6
0.8
1.0
Agent wealth
triggered by
weakest parent
wealth
 0
triggered by
rich parent
wealth
 0
×2
Historian
Planner
Executor
Parent
Born child
Bankrupt
Good-birth event
Bad-birth event
Bankruptcy event
Figure 5: Training dynamics in accelerator design. Per-agent wealth on three representative ResNet-50
kernels. Wealth flow to agents that produce new EDP records; rent uniformly deducts wealth. Periodic
births spawn good-birth children (⋆, exploitation: mutated from the richest agent) and bad-birth children (+,
exploration: amended from the weakest); wealth < 0 triggers bankruptcy (×). Shaded bands are rolling ±1σ.
(a) Both Historian descendants bankrupt—inherited bias fails market pressure. (b) A Planner lineage reproduces
twice while a Historian bad-birth child eventually fails. (c) A strong Historian and a struggling Executor lineage
co-exist.
discover reusable domain structure when successful agents are allowed to accumulate wealth and
propagate through mutation.
Beyond this domain-specific behavior, we observe two broader forms of adaptation. The population
evolves sharper prompt-level strategies, as illustrated in Appendix E.1, enables cross-domain transfer,
as shown in Appendix E.2 and reorganizes its interaction topology, as shown in Appendix E.3.
Appendix F traces both adaptations in a Cloudcast run. Together, these analyses suggest that
economic dynamics shape both internal agent policies and macroscopic social structure.
3.5
Robustness and Generalization
We show that the evolving society is robust in three complementary senses: skills learned on easier
tasks transfer to harder ones, performance depends on curriculum but does not collapse under reversed
ordering, and adding a complete generalist does not destroy specialization.
Do learned behaviors transfer from easier tasks to harder ones? On MATH, training on an
easy-to-hard stream improves not only the easier levels encountered earlier in training, but also
harder levels that are initially beyond the agents’ capabilities. As shown in Figure 6, both Llama-
3.1-8B and Gemma-2-9B improve on every difficulty band. The largest gains appear on Levels 1–3,
where Llama-3.1-8B rises to roughly 55–70% and Gemma-2-9B to roughly 45–65%. Importantly,
improvement also transfers to Level 5: performance rises from around 10% at the beginning to about
20% by the end for both backbones. Thus, local reasoning routines learned on simpler problems can
be recomposed on harder ones.
0
20
40
60
80 100
0
20
40
60
80
100
Test Accuracy (%)
Level 1
0
20
40
60
80 100
Level 2
0
20
40
60
80 100
Level 3
0
20
40
60
80 100
Level 4
0
20
40
60
80 100
Level 5
Number of Training Tasks (Curriculum-based, L1 
 L5)
Llama-3.1-8B
Gemma-2-9B
Figure 6: Easy-to-hard generalization on MATH. Test accuracy across MATH difficulty levels during training.
The partial agent population improves not only on the easier levels encountered earlier, but also on harder levels
that are initially beyond its capability, indicating that behaviors learned on simple problems can be reused on
more difficult ones.
8

How sensitive is the society to curriculum order? We compare the default easy-to-hard curriculum
with a reversed hard-to-easy schedule. Figure 7 (b) shows that both schedules improve quickly at
the beginning, but the easy-to-hard curriculum stays ahead for most of training and finishes clearly
higher, at roughly 57% versus about 47% for the reversed schedule. The reversed curriculum plateaus
in the low 40s for much of training, while the easy-to-hard curriculum continues improving late in
training. This indicates that partial specialists benefit from first mastering reusable local routines
before confronting the hardest problems, although the system still improves under the reversed order.
Conv 14 Conv 16 Conv 17
Conv 4
Conv 20 Conv 10 Conv 22 Conv 23
All 24 kernels
107
108
Best EDP ( J·cycles)
 lower is better
DOSA
ReAct
EoM
37.5×
26.3×
17.3×
12.0×
9.4×
8.5×
4.1×
3.8×
2.2×
(a) Per-kernel accelerator EDP
0
20
40
60
80
100
Number of Training Tasks
0
10
20
30
40
50
60
Test Accuracy (%)
Curriculum
Reversed
(b) Curriculum learning
on MATH
0
5
10
15
20
25
Number of tasks
0
2
4
6
8
10
Number of Agents
Peak: 2.7
Generalist
Edgar
Tavily
Answer
ParseHtml
RetrieveInfo
(c) Finance research with a
generalist
Figure 7: Mechanism, robustness, and generalization analyses. (a) Per-kernel EDP on ResNet-50. Best
EDP found by DOSA, REACT, and EOM on log scale; lower is better. (b) Comparison between the default
easy-to-hard curriculum and a reversed hard-to-easy curriculum. (c) Adding a strong generalist agent with access
to all tools does not automatically dominate specialized agents.
Can a complete generalist monopolize the economy? A natural concern is that if a single agent is
given complete access to the task interface, it may dominate the market and collapse the society into
a monolithic system. We test this in Finance-Agent-Bench by adding a generalist agent with access
to all tools alongside the partial specialist agents. As shown in Figure 7 (c), the generalist briefly
expands around tasks 11–12, but then contracts and returns to a single agent for the remainder of
training. Meanwhile, specialized populations such as Edgar and Tavily continue to grow, reaching
roughly 5–8 agents late in training. This suggests that broader access does not automatically imply
market dominance. The economy rewards local value: a specialist whose wake-up condition, tool
use, and evidence standard are tuned to a narrow subproblem can outcompete a generalist whose
prompt budget is spread across many heterogeneous responsibilities. We provide a detailed analysis in
Appendix G, where we show that specialists evolve sharper local decision rules, while the generalist
tends to accumulate broad but diluted procedural instructions. Thus, the society remains decentralized
not because complete agents are forbidden, but because the market continues to favor locally more
precise specialists.
4
Related Work
Self-Evolving Agents. Recent work studies how agents can improve through interaction, adaptation,
and accumulated experience rather than relying on fixed centralized control. In the LLM setting,
this includes co-evolution, iterative refinement, and experience sharing across agent populations
[7, 45, 9]. Related work on reward-driven self-organization shows that structured behaviors can
emerge from local feedback alone [54]. More broadly, rich ecological environments and evolutionary
pressures have been shown to induce increasingly complex adaptive behaviors, suggesting that agent
capabilities can emerge through continual interaction with other agents and the environment [4]. For
more related work, please refer to Appendix B.
5
Limitations, Conclusions, and Future Work
This work shows that decentralized economic interactions can turn a population of agents into
adaptive collective intelligence. Across diverse domains, auctions, transactions, and wealth-based
selection induce specialization and coordination without centralized control, suggesting that designing
incentives is a powerful alternative to designing individual agents.
A key limitation is that adaptation occurs only in prompt space with a frozen backbone, which may
restrict capability growth in tasks requiring new skills or representations. Future work can extend this
framework to parameter-space training, hybrid adaptation, and broader agent backbones, including
multimodal or embodied systems.
9

Acknowledgments and Disclosure of Funding
This work was supported in part by a gift from the Chan Zuckerberg Initiative Foundation to establish
the Kempner Institute at Harvard University.
References
[1] Eric B. Baum. Toward a model of mind as a laissez-faire economy of idiots. In Proceedings of
the 13th International Conference on Machine Learning, pages 20–27, 1996. 2, 17
[2] Eric B Baum. Toward a model of intelligence as an economy of agents. Machine Learning, 35
(2):155–185, 1999. 2, 3
[3] Eric B Baum and Igor Durdanovic. Evolution of cooperative problem solving in an artificial
economy. Neural Computation, 12(12):2743–2775, 2000. 3, 17
[4] Joseph Bejjani, Chase Van Amburg, Chengrui Wang, Chloe Huangyuan Su, Sarah M Pratt,
Yasin Mazloumi, Naeem Khoshnevis, Sham M Kakade, Kianté Brantley, and Aaron Walsman.
The emergence of complex behavior in large-scale ecological environments. arXiv preprint
arXiv:2510.18221, 2025. 9
[5] Antoine Bigeard, Langston Nashold, Rayan Krishnan, and Shirley Wu.
Finance agent
benchmark: Benchmarking llms on real-world financial research tasks.
arXiv preprint
arXiv:2508.00828, 2025. 5, 25
[6] Mert Cemri, Melissa Z Pan, Shuyi Yang, Lakshya A Agrawal, Bhavya Chopra, Rishabh Tiwari,
Kurt Keutzer, Aditya Parameswaran, Dan Klein, Kannan Ramchandran, et al. Why do multi-
agent llm systems fail? arXiv preprint arXiv:2503.13657, 2025. 2
[7] Yixing Chen, Yiding Wang, Siqi Zhu, Haofei Yu, Tao Feng, Muhan Zhang, Mostofa Patwary,
and Jiaxuan You. Multi-agent evolve: Llm self-improve through co-evolution. arXiv preprint
arXiv:2510.23595, 2025. 2, 9
[8] Audrey Cheng, Shu Liu, Melissa Pan, Zhifei Li, Bowen Wang, Alex Krentsel, Tian Xia, Mert
Cemri, Jongseok Park, Shuo Yang, et al. Barbarians at the gate: How ai is upending systems
research. arXiv preprint arXiv:2510.06189, 2025. 5, 26
[9] X. Dai, Y. Zhu, et al. Geoevolver: A self-evolving multi-agent system for earth observation.
arXiv preprint arXiv:2602.02559, 2026. 9
[10] M Bernardine Dias, Robert Zlot, Nidhi Kalra, and Anthony Stentz. Market-based multirobot
coordination: A survey and analysis. Proceedings of the IEEE, 94(7):1257–1270, 2006. 17
[11] Yilun Du, Shuang Li, Antonio Torralba, Joshua B Tenenbaum, and Igor Mordatch. Improv-
ing factuality and reasoning in language models through multiagent debate. In Forty-first
international conference on machine learning, 2024. 5, 17, 24
[12] Paul Duetting, Vahab Mirrokni, Renato Paes Leme, Haifeng Xu, and Song Zuo. Mechanism
design for large language models. In Proceedings of the ACM Web Conference 2024, pages
144–155, 2024. 17
[13] Hasan Genc, Seah Kim, Alon Amid, Ameer Haj-Ali, Vighnesh Iyer, Pranav Prakash, Jerry Zhao,
Daniel Grubb, Harrison Liew, Howard Mao, et al. Gemmini: Enabling systematic deep-learning
architecture evaluation via full-stack integration. In 2021 58th ACM/IEEE Design Automation
Conference (DAC), pages 769–774. IEEE, 2021. 5, 25
[14] Friedrich A. Hayek. The use of knowledge in society. The American Economic Review, 35(4):
519–530, 1945. 2
[15] Friedrich A. Hayek. Law, Legislation and Liberty. University of Chicago Press, 1973. 17
[16] Dan Hendrycks, Collin Burns, Saurav Kadavath, Akul Arora, Steven Basart, Eric Tang, Dawn
Song, and Jacob Steinhardt. Measuring mathematical problem solving with the math dataset.
arXiv preprint arXiv:2103.03874, 2021. 5, 24
10

[17] John H. Holland. Properties of the bucket brigade algorithm. In Proceedings of the 1st
International Conference on Genetic Algorithms, 1985. 17
[18] Charles Hong, Qijing Huang, Grace Dinh, Mahesh Subedar, and Yakun Sophia Shao. Dosa:
Differentiable model-based one-loop search for dnn accelerators. In Proceedings of the 56th
Annual IEEE/ACM International Symposium on Microarchitecture, pages 209–224, 2023. 6, 24,
25
[19] Sirui Hong, Mingchen Zhuge, Jonathan Chen, Xiawu Zheng, Yuheng Cheng, Jinlin Wang,
Ceyao Zhang, Zili Wang, Steven Ka Shing Yau, Zijuan Lin, et al. Metagpt: Meta programming
for a multi-agent collaborative framework. In The twelfth international conference on learning
representations, 2023. 2
[20] Shariq Iqbal, Robby Costales, and Fei Sha. Alma: Hierarchical learning for composite multi-
agent tasks. Advances in neural information processing systems, 35:7155–7166, 2022. 2
[21] Moo Jin Kim, Karl Pertsch, Siddharth Karamcheti, Ted Xiao, Ashwin Balakrishna, Suraj Nair,
Rafael Rafailov, Ethan Foster, Grace Lam, Pannag Sanketi, et al. Openvla: An open-source
vision-language-action model. arXiv preprint arXiv:2406.09246, 2024. 2
[22] Yubin Kim, Ken Gu, Chanwoo Park, Chunjong Park, Samuel Schmidgall, A Ali Heydari, Yao
Yan, Zhihan Zhang, Yuchen Zhuang, Yun Liu, et al. Towards a science of scaling agent systems.
arXiv preprint arXiv:2512.08296, 2025. 2
[23] Shalev Lifshitz, Sheila A McIlraith, and Yilun Du. Multi-agent verification: Scaling test-time
compute with multiple verifiers. arXiv preprint arXiv:2502.20379, 2025. 17
[24] Shuo Liu, Tianle Chen, and Christopher Amato. Improved multi-agent collaboration with
multi-turn reinforcement learning. In First Workshop on Multi-Turn Interactions in Large
Language Models. 17
[25] Carol Xuan Long, David Simchi-Levi, Feng Zhu, Huangyuan Su, Andre P. Calmon, and Flavio P.
Calmon. Reliability and effectiveness of autonomous ai agents in supply chain management.
arXiv preprint arXiv:2605.17036, 2026. 17
[26] Marvin Minsky. The Society of Mind. Simon and Schuster, 1988. 17
[27] Alexander Novikov, Ngân V˜u, Marvin Eisenberger, Emilien Dupont, Po-Sen Huang, Adam Zsolt
Wagner, Sergey Shirobokov, Borislav Kozlovskii, Francisco JR Ruiz, Abbas Mehrabian,
et al. Alphaevolve: A coding agent for scientific and algorithmic discovery. arXiv preprint
arXiv:2506.13131, 2025. 5, 24, 26
[28] Shayegan Omidshafiei, Jason Pazis, Christopher Amato, Jonathan P How, and John Vian. Deep
decentralized multi-task multi-agent reinforcement learning under partial observability. In
International conference on machine learning, pages 2681–2690. PMLR, 2017. 2
[29] Chanwoo Park, Seungju Han, Xingzhi Guo, Asuman E Ozdaglar, Kaiqing Zhang, and Joo-
Kyung Kim. Maporl: Multi-agent post-co-training for collaborative large language models
with reinforcement learning. In Proceedings of the 63rd Annual Meeting of the Association for
Computational Linguistics (Volume 1: Long Papers), pages 30215–30248, 2025. 17
[30] Shishir G Patil, Tianjun Zhang, Xin Wang, and Joseph E Gonzalez. Gorilla: Large language
model connected with massive apis. Advances in Neural Information Processing Systems, 37:
126544–126565, 2024. 2
[31] Shvetank Prakash, Andrew Cheng, Arya Tschand, Mark Mazumder, Varun Gohil, Jeffrey Ma,
Jason Yik, Zishen Wan, Jessica Quaye, Elisavet Lydia Alvanaki, et al. Quarch: A benchmark for
evaluating llm reasoning in computer architecture. arXiv preprint arXiv:2510.22087, 2025. 25
[32] Chen Qian, Wei Liu, Hongzhang Liu, Nuo Chen, Yufan Dang, Jiahao Li, Cheng Yang, Weize
Chen, Yusheng Su, Xin Cong, et al. Chatdev: Communicative agents for software development.
In Proceedings of the 62nd annual meeting of the association for computational linguistics
(volume 1: Long papers), pages 15174–15186, 2024. 2
11

[33] Ao Qu, Han Zheng, Zijian Zhou, Yihao Yan, Yihong Tang, Shao Yong Ong, Fenglu Hong,
Kaichen Zhou, Chonghe Jiang, Minwei Kong, et al. Coral: Towards autonomous multi-agent
evolution for open-ended discovery. arXiv preprint arXiv:2604.01658, 2026. 2
[34] Jürgen Schmidhuber. The neural bucket brigade: A local learning algorithm for dynamic
feedforward and recurrent networks. Connection Science, 1(4):403–412, 1989. 17
[35] Asankhaya Sharma. Openevolve: an open-source evolutionary coding agent, 2025. URL
https://github.com/algorithmicsuperintelligence/openevolve. 5, 24, 26
[36] Vighnesh Subramaniam, Yilun Du, Joshua B Tenenbaum, Antonio Torralba, Shuang Li, and
Igor Mordatch. Multiagent finetuning: Self improvement with diverse reasoning chains. arXiv
preprint arXiv:2501.05707, 2025. 17
[37] Abhimanyu Pallavi Sudhir and Long Tran-Thanh. Market-based architectures in rl and beyond.
Accepted to AAMAS 2025 Blue Sky Track, abs/2503.05828, 2025. 17
[38] Hanbo Sun, Chenyu Wang, Zhenhua Zhu, Xuefei Ning, Guohao Dai, Huazhong Yang, and
Yu Wang. Gibbon: Efficient co-exploration of nn model and processing-in-memory architecture.
In 2022 Design, Automation & Test in Europe Conference & Exhibition (DATE), pages 867–872.
IEEE, 2022. 25
[39] Weiwei Sun, Miao Lu, Zhan Ling, Kang Liu, Xuesong Yao, Yiming Yang, and Jiecao Chen.
Scaling long-horizon llm agent via context-folding. arXiv preprint arXiv:2510.11967, 2025. 2
[40] Arya Tschand, Chenyu Wang, Zishen Wan, Andrew Cheng, Ioana Cristescu, Kevin He, Howard
Huang, Alexander Ingare, Akseli Kangaslahti, Sara Kangaslahti, Theo Lebryk, Hongjin Lin,
Jeffrey Jian Ma, Alexandru Meterez, Clara Mohri, Depen Morwani, Sunny Qin, Roy Rinberg,
Paula Rodriguez-Diaz, Alyssa Mia Taliotis, Pernille Undrum Fathi, Rosie Zhao, Todd Zhou,
and Vijay Janapa Reddi. Genai for systems: Recurring challenges and design principles from
software to silicon, 2026. URL https://arxiv.org/abs/2602.15241. 25
[41] Chenyu Wang, Zishen Wan, Hao Kang, Emma Chen, Zhiqiang Xie, Tushar Krishna, Vi-
jay Janapa Reddi, and Yilun Du. Slm-mux: Orchestrating small language models for reasoning.
arXiv preprint arXiv:2510.05077, 2025. 17
[42] Jian Sheng Wang. Aesp: A human-sovereign economic protocol for ai agents with privacy-
preserving settlement. arXiv preprint arXiv:2603.00318, 2026. 17
[43] Miles Wang, Robi Lin, Kat Hu, Joy Jiao, Neil Chowdhury, Ethan Chang, and Tejal Patwardhan.
Frontierscience: Evaluating ai’s ability to perform expert-level scientific tasks. arXiv preprint
arXiv:2601.21165, 2026. 5, 25
[44] Yiping Wang, Shao-Rong Su, Zhiyuan Zeng, Eva Xu, Liliang Ren, Xinyu Yang, Zeyi Huang,
Xuehai He, Luyao Ma, Baolin Peng, et al. Thetaevolve: Test-time learning on open problems.
arXiv preprint arXiv:2511.23473, 2025. 26
[45] Zhaotian Weng, Antonis Antoniades, Deepak Nathani, Zhen Zhang, Xiao Pu, and Xin Eric
Wang. Group-evolving agents: Open-ended self-improvement via experience sharing. arXiv
preprint arXiv:2602.04837, 2026. 5, 9, 24
[46] Qingyun Wu, Gagan Bansal, Jieyu Zhang, Yiran Wu, Beibin Li, Erkang Zhu, Li Jiang, Xiaoyun
Zhang, Shaokun Zhang, Jiale Liu, et al. Autogen: Enabling next-gen llm applications via
multi-agent conversations. In First conference on language modeling, 2024. 2
[47] Minghui Xu. The agent economy: A blockchain-based foundation for autonomous ai agents.
2026. NeurIPS 2026. 17
[48] Xiangyuan Xue, Yifan Zhou, Guibin Zhang, Zaibin Zhang, Yijiang Li, Chen Zhang, Zhenfei
Yin, Philip Torr, Wanli Ouyang, and Lei Bai. Comas: Co-evolving multi-agent systems via
interaction rewards. arXiv preprint arXiv:2510.08529, 2025. 2
[49] Yingxuan Yang, Huacan Chai, Shuai Shao, Yuanyi Song, Siyuan Qi, Renting Rui, and Weinan
Zhang. Agentnet: Decentralized evolutionary coordination for llm-based multi-agent systems,
2025. URL https://arxiv.org/abs/2504.00587. 2, 17
12

[50] Shunyu Yao, Jeffrey Zhao, Dian Yu, Nan Du, Izhak Shafran, Karthik R Narasimhan, and Yuan
Cao. React: Synergizing reasoning and acting in language models. In The eleventh international
conference on learning representations, 2022. 2, 5, 24
[51] Seonghyeon Ye, Yunhao Ge, Kaiyuan Zheng, Shenyuan Gao, Sihyun Yu, George Kurian, Suneel
Indupuru, You Liang Tan, Chuning Zhu, Jiannan Xiang, et al. World action models are zero-shot
policies. arXiv preprint arXiv:2602.15922, 2026. 2
[52] Mert Yuksekgonul, Daniel Koceja, Xinhao Li, Federico Bianchi, Jed McCaleb, Xiaolong Wang,
Jan Kautz, Yejin Choi, James Zou, Carlos Guestrin, and Yu Sun. Learning to discover at test
time. arXiv preprint, 2026. 26
[53] Miao Zhang, Junsik Kim, Siyuan Xiang, Jian Gao, and Cheng Cao. Dynamic role assignment
for multi-agent debate. arXiv preprint arXiv:2601.17152, 2026. 17
[54] Heng Zhou, Hejia Geng, Xiangyuan Xue, Li Kang, Yiran Qin, Zhiyong Wang, Zhenfei Yin, and
Lei Bai. Reso: A reward-driven self-organizing llm-based multi-agent system for reasoning
tasks. In Proceedings of the 2025 Conference on Empirical Methods in Natural Language
Processing, pages 15990–16009, 2025. 9
[55] Andy Zhu and Yingjun Du. A role-aware multi-agent framework for financial education question
answering with llms. arXiv preprint arXiv:2509.09727, 2025. 17
13

Appendix - Table of Contents
A Pseudo Code
16
B
Extended Related Works
17
C Theoretical Motivations
17
C.1
Market selection drives bids toward value
. . . . . . . . . . . . . . . . . . . . . .
18
C.2
Outcome-only reward is sufficient for a strong population . . . . . . . . . . . . . .
18
C.3
Regret to an oracle coordinator . . . . . . . . . . . . . . . . . . . . . . . . . . . .
18
C.4
Bucket-brigade payments recover structured credit assignment . . . . . . . . . . .
19
C.5
Malicious agents and collusion . . . . . . . . . . . . . . . . . . . . . . . . . . . .
20
C.6
Proofs for Section C.1 . . . . . . . . . . . . . . . . . . . . . . . . . . . . . . . . .
20
C.7
Proofs for Section C.2 . . . . . . . . . . . . . . . . . . . . . . . . . . . . . . . . .
21
C.8
Proofs for Section C.3 . . . . . . . . . . . . . . . . . . . . . . . . . . . . . . . . .
22
C.9
Proofs for Section C.4 . . . . . . . . . . . . . . . . . . . . . . . . . . . . . . . . .
22
C.10 Proofs for Section C.5 . . . . . . . . . . . . . . . . . . . . . . . . . . . . . . . . .
23
D Additional Experiment Details
24
D.1
Baseline Details . . . . . . . . . . . . . . . . . . . . . . . . . . . . . . . . . . . .
24
D.2
Mathematical Reasoning . . . . . . . . . . . . . . . . . . . . . . . . . . . . . . .
24
D.3
Financial Research
. . . . . . . . . . . . . . . . . . . . . . . . . . . . . . . . . .
25
D.4
Scientific Research . . . . . . . . . . . . . . . . . . . . . . . . . . . . . . . . . .
25
D.5 Accelerator Design . . . . . . . . . . . . . . . . . . . . . . . . . . . . . . . . . .
25
D.6
Distributed-System Optimization . . . . . . . . . . . . . . . . . . . . . . . . . . .
26
D.7
Evaluation Protocol . . . . . . . . . . . . . . . . . . . . . . . . . . . . . . . . . .
26
E
Prompt and Topology Evolution in Scientific Research
26
E.1
Prompt-Level Evolution: From Generic Execution to Reusable Scientific Reasoning
27
E.2
Cross-Domain Transfer of the Evolved Reasoning Routine . . . . . . . . . . . . .
28
E.3
From Local Reasoning Evolution to Topology Evolution
. . . . . . . . . . . . . .
28
E.4
Early Regime: Explicit Multi-Role Auditing . . . . . . . . . . . . . . . . . . . . .
29
E.5
Late Regime: Compact Specialist Execution . . . . . . . . . . . . . . . . . . . . .
29
E.6
Training-Wide Topology Trend . . . . . . . . . . . . . . . . . . . . . . . . . . . .
29
E.7
Population-Level Selection . . . . . . . . . . . . . . . . . . . . . . . . . . . . . .
30
F
Prompt and Topology Evolution in CloudCast
30
F.1
Auction-Derived Topology . . . . . . . . . . . . . . . . . . . . . . . . . . . . . .
30
F.2
Prompt Evolution: Checks Before Costly Actions . . . . . . . . . . . . . . . . . .
31
G Why the Generalist Does Not Monopolize
32
G.1
Initial Generalist Prompt . . . . . . . . . . . . . . . . . . . . . . . . . . . . . . .
32
14

G.2
Evolved Generalist Prompt . . . . . . . . . . . . . . . . . . . . . . . . . . . . . .
33
G.3
Comparison to Specialized Agent Evolution . . . . . . . . . . . . . . . . . . . . .
33
G.4
Generalist Failure as Evidence for Specialization
. . . . . . . . . . . . . . . . . .
34
15

A
Pseudo Code
Training and evaluation pseudo code for EOM are shown below:
Algorithm 1 The Training Loop
Require: task stream D, initial population P0, wake-up oracle ω
Require: base bid b0, novice premium ϵ, step cap S, trial cap T
Require: bounds [Nmin, Nmax]; rent ρ every Kr tasks
Require: birth probs pa, pb (bankruptcy), pg (periodic); period Kb, batch B
1: P ←P0
2: for episode e = 1, 2, . . . over τ ∼D do
3:
σ ←{a 7→SNAPSHOT(a) : a ∈P};
Be ←∅
▷e.g. wealth, capability, ...
4:
for trial t = 1, . . . , T do
▷replay until no bankruptcy
5:
alast, H ←PLANNING(τ, P); alast.wealth += env.reward()
▷outcome reward to final
actor
6:
B ←{a : a.wealth ≤0}
7:
if B = ∅then break
8:
end if
9:
P ←P \ B; Be ∪= B
10:
for all a ∈P do RESTORE(a, σ(a))
11:
end for
▷rollback survivors
12:
end for
13:
if e mod Kr = 0 then
▷periodic rent
14:
a.wealth −= r for all a ∈P
15:
B′ ←{a ∈P : a.wealth ≤0}; P ←P \ B′; Be ∪= B′
16:
end if
17:
ADAPTATION(P, Be, e)
▷bankruptcy + periodic births, replenish to Nmin
18: end for
19: procedure PLANNING(τ, P)
20:
init env on τ; H ←∅; a−←⊥
21:
for s = 1, . . . , S do
22:
E ←{a ∈P : ω(a, env)}; if E = ∅break
23:
SETBIDS(E)
▷pluggable: e.g. novices enter at maxvet b + ϵ and lock
24:
a∗←arg maxa∈E ba (random tie-break)
25:
a∗.wealth −= ba∗; if a−̸ = ⊥: a−.wealth += ba∗
26:
env.apply(a∗.act(env)); H ←H ∪{a∗}; a−←a∗
27:
if env terminated break
28:
end for
29:
return a−, H
30: end procedure
31: procedure ADAPTATION(P, Be, e)
32:
for all a ∈Be with |P| < Nmax do
33:
u ∼U(0, 1)
34:
if u < pa: P ←P ∪{MUTATE(richest(P))}
35:
elif u < pa + pb: P ←P ∪{AMEND(a)}
36:
end for
37:
if e mod Kb = 0 then
38:
for i = 1, . . . , B with |P| < Nmax do
39:
a′ ←MUTATE(richest(P)) with prob. pg, else AMEND(poorest(P))
40:
P ←P ∪{a′}
41:
end for
42:
end if
43:
while |P| < Nmin do
44:
P ←P ∪{MUTATE(a0)} for some template a0 ∈P0
45:
end while
46: end procedure
16

Algorithm 2 The Evaluation Loop
Require: trained population P∗, test stream Dtest, wake-up oracle ω
Require: step cap S; thread-pool size W
1: P ←P∗; freeze {wa, ba, statusa}a∈P
▷no payments, no rewards, no rent, no births
2: for task τ ∈Dtest in parallel (workers W) do
3:
Pτ ←SNAPSHOT(P)
▷thread-local deep copy; no shared mutation
4:
alast, H ←PLANNING(τ, Pτ)
▷no alast.wealth update
5:
record {τ, H, env.terminated, env.score()}
6: end for
7: procedure PLANNING(τ, P)
8:
init env on τ; H ←∅; a−←⊥
9:
for s = 1, . . . , S do
10:
E ←{a ∈P : ω(a, env)};
if E = ∅break
11:
(skip SETBIDS(E): bids ba are frozen from training; no novice →veteran promotion)
12:
a∗←arg maxa∈E ba (random tie-break)
13:
(skip wealth transfer: a∗.wealth −= ba∗and a−.wealth += ba∗are no-ops)
14:
env.apply(a∗.act(env)); H ←H ∪{a∗}; a−←a∗
▷no reward credited to a∗
15:
if env terminated break
16:
end for
17:
return a−, H
18: end procedure
B
Extended Related Works
Multi-Agent Systems. A parallel line of work examines how multiple agents coordinate, specialize,
and solve tasks collectively. Recent work in the LLM era frames multi-agent orchestration as an
“society of minds,” where specialization and coordination emerge through local interactions rather
than centralized planning [10, 37, 47]. Existing approaches include reinforcement-learning-based
collaboration [24, 29], dynamic role assignment and role-aware specialization [53, 55, 25], and
decentralized evolutionary coordination, where agents dynamically adapt their graph connectivity,
specialize through retrieval-augmented memory, and route tasks without a central orchestrator
[49]. Other directions include multi-agent debate and verification for improving reasoning and
test-time scaling [11, 23, 41], and multi-agent finetuning with diverse reasoning chains for self-
improvement [36], alongside broader studies of collaborative and self-organizing multi-agent systems.
This perspective also connects to mechanism design for LLMs, which studies how incentives and
allocation rules shape agent behavior in strategic environments [12].
Economics and Applications to Agents. The motivation for decentralized agent systems draws
on a long tradition in economics and distributed intelligence. Smith’s “invisible hand” and Hayek’s
“spontaneous order” emphasize how coordinated outcomes can emerge from decentralized actors
with only local information [15]. Related ideas appear in Minsky’s Society of Mind, which views
intelligence as arising from the interaction of many simple agents rather than a single centralized
reasoner [26]. These ideas influenced computational models of coordination and learning, including
Holland’s bucket brigade for distributed credit assignment [17], Schmidhuber’s neural bucket brigade
[34], and Baum’s Hayek Machine, which introduced property rights, wealth accumulation, and
competitive selection among simple agents [1–3]. Recent proposals for economic protocols and
settlement layers for autonomous AI agents continue this line by formalizing exchange, sovereignty,
and privacy-preserving settlement in modern agent ecosystems [42].
C
Theoretical Motivations
We use the notation and auction dynamics from Section 2. Agents are prompted LLM policies with
fixed bids and wealths, and wealth evolves through the bucket-brigade transfer rule (1). This section
summarizes why the resulting market dynamics select useful specialists, why outcome-only reward
17

can be sufficient once the population is strong, and how bucket-brigade payments provide a structured
credit-assignment signal.
C.1
Market selection drives bids toward value
The first result formalizes the basic market-selection mechanism. If an agent repeatedly wins at a
recurrent context and its bid is below its expected resale-adjusted payoff, then its wealth has positive
drift and it can survive. Conversely, agents whose bids exceed their expected payoff eventually
become insolvent. Thus bankruptcy and replacement push the surviving bid frontier toward the value
of the best available specialist.
For a recurrent context x, let V (a, x) denote the expected resale-adjusted payoff of agent a, including
the immediate reward and the downstream bucket-brigade payment. Let
V ⋆(x) :=
sup
a:ϕa(x)=1
V (a, x)
be the value of the best eligible specialist, and let β∞(x) denote the largest bid among agents that
win at x infinitely often and are never removed.
Theorem 1 (Selection of bids toward expected payoff). Suppose context x is recurrent, payoffs are
stationary and bounded, and newly injected agents use the novice bidding rule with resolution εmax.
Suppose also that whenever the current solvent frontier at x is more than εmax below V ⋆(x), there is
a positive probability of injecting an eligible near-optimal specialist. Then, almost surely,
V ⋆(x) −εmax ≤β∞(x) ≤V ⋆(x).
Thus the long-run solvent bid frontier tracks the value of the best prompted specialist, up to the
novice-resolution error.
This result explains the role of wealth and bankruptcy: the mechanism does not require explicitly
fitting value functions. Instead, agents with overpriced bids lose wealth and are removed, while
underpriced useful agents have a chance to accumulate wealth and persist.
C.2
Outcome-only reward is sufficient for a strong population
A natural question is whether the system requires dense process rewards, or whether final outcome
reward alone is enough. The next result shows that outcome-only reward is sufficient whenever the
auction population is already organized so that the winning agent is approximately the best eligible
specialist at each reachable history.
Let Jout(π) denote the expected discounted outcome return of a policy π, using only the task-aligned
reward rout
t
. Let Q⋆
t (ht, u) be the optimal outcome-value obtained by selecting agent u at history ht
and acting optimally thereafter.
Theorem 2 (Outcome reward suffices for strong agents). Suppose there exists ε ≥0 such that for
every reachable history ht with nonempty eligible set Et, the auction winner a⋆
t satisfies
Q⋆
t (ht, a⋆
t ) ≥max
u∈Et Q⋆
t (ht, u) −ε.
Then with the usual interpretation that the sum equals H when γ = 1, the induced auction policy
πauc satisfies
Jout(πauc) ≥sup
π Jout(π) −ε 1 −γH
1 −γ ,
The theorem separates two questions. Process rewards may help train or shape the population, but
they are not required for correctness once the market reliably selects near-best specialists under the
outcome objective.
C.3
Regret to an oracle coordinator
We next compare the decentralized auction to a centralized oracle that directly selects the best eligible
specialist at every history. The result shows that if market bids approximate the oracle action-values,
then the auction policy has vanishing regret relative to this coordinator.
18

Theorem 3 (Vanishing regret of the market auction policy). Suppose there exists a nonincreasing
sequence {βe}e≥1 such that for every episode e, reachable history ht, and eligible agent u ∈
Ee,t(ht),
be,t(ht, u) −Q⋆
e,t(ht, u)
 ≤βe.
Let re be the episode regret of the market policy relative to the oracle coordinator. Then re ≤
2βe
PH−1
t=0 γt. Consequently, Reg(E) := PE
e=1 re ≤2
PH−1
t=0 γt PE
e=1 βe. In particular, if
βe ≤Be−1/2, then
Reg(E)
E
= O(E−1/2).
This bound makes explicit that the market need not be globally centralized: as long as bids become
calibrated to specialist value, the auction tracks the oracle coordinator.
C.4
Bucket-brigade payments recover structured credit assignment
Bucket-brigade payments also provide a mechanism for assigning credit to earlier agents. The next
two results show that, under additional structure, the payment received from the next winner can be
interpreted as either a Bellman continuation value or an ordered marginal contribution in a workflow.
Proposition 1 (Bellman-like credit under continuation pricing). If the expected payment received
from the next winner equals the discounted continuation value,
E[Yt | ht, a⋆
t ] = γE[V bb(ht+1) | ht, a⋆
t ],
then the bucket-brigade target satisfies
E[rt + Yt | ht, a⋆
t ] = E[rt + γV bb(ht+1) | ht, a⋆
t ].
Thus the winner’s wealth update uses a Bellman-like one-step target.
Theorem 4 (Shapley-like credit in DAG workflows). Consider an acyclic workflow in which subtasks
are executed in topological order, and suppose the next winner’s bid prices the continuation value
of the remaining feasible subgraph. Then the bucket-brigade payment to the current subtask agent
coincides, up to a downstream baseline, with that agent’s ordered marginal contribution to the final
outcome value.
Hence bucket-brigade transfers do more than redistribute wealth: they can serve as a local credit-
assignment signal that propagates downstream value backward through the executed chain of agents.
Throughout the proofs, we write x for a decision context. In a fully observed Markov environment,
x = ot = st; in partially observed settings, x may denote the history
ht = (o0, aenv
0
, r0, . . . , ot).
For an agent a, let ba denote its fixed bid and Wa its wealth. When a wins at context x, define its
resale-adjusted economic payoff as
Ga(x) := rt + 1{t + 1 < H}ba⋆
t+1,
where rt is the immediate environment reward and ba⋆
t+1 is the next winning bid paid back to a under
the bucket-brigade transfer rule. At a terminal step, the resale term is zero. Thus the net wealth
increment of a winning agent, ignoring rent, is
Ga(x) −ba.
Let
V (a, x) := E[Ga(x)],
V ⋆(x) :=
sup
a:ϕa(x)=1
V (a, x).
Let Surv∞(x) denote the set of agents that win at context x infinitely often and are never removed,
and define the limiting surviving bid frontier
β∞(x) :=
sup
a∈Surv∞(x)
ba,
with sup ∅:= 0.
19

C.5
Malicious agents and collusion
Finally, the bankruptcy rule discourages agents that bid aggressively but do not create commensurate
value. A malicious agent whose bid exceeds its expected resale-adjusted payoff has negative wealth
drift and is removed in finite time.
For colluding agents, the relevant object is not individual wealth but coalition wealth, because internal
transfers cancel. A cartel can survive only if some surviving sub-coalition has nonnegative aggregate
external wealth drift.
Thus collusion changes the unit of selection from an individual agent to a surviving cartel. Bankruptcy
eliminates colluding agents only when every possible surviving cartel is externally loss-making;
otherwise a cartel with nonnegative aggregate drift may persist or even form a monopoly.
C.6
Proofs for Section C.1
Lemma 1 (Survival of underpriced agents). Suppose context x is recurrent and the payoff sequence
of agent a at x is stationary and bounded. If
V (a, x) −ba ≥δ > 0,
then agent a survives forever after its first win at x with positive probability.
Proof of Lemma 1. Fix an agent a and context x. Let Ga,k(x) be the resale-adjusted payoff obtained
on the k-th win of agent a at x. Define
Xk := ba −Ga,k(x).
By stationarity and boundedness, (Xk)k≥1 is i.i.d. and bounded. Moreover,
E[Xk] = ba −V (a, x) ≤−δ < 0.
Since Xk is bounded and has strictly negative mean, there exists λ > 0 small enough such that
mλ := E

eλXk
< 1.
Then
Mn := exp
 
λ
n
X
k=1
Xk
!
is a nonnegative supermartingale.
Let T be the bankruptcy time measured in wins of a at context x:
T := inf
(
n ≥1 :
n
X
k=1
Xk > Wa(0)
)
,
where Wa(0) is the wealth immediately before its first win at x. On {T ≤n},
MT ≥eλWa(0).
By optional stopping applied to T ∧n,
1 = M0 ≥E[MT ∧n] ≥eλWa(0)P(T ≤n).
Thus
P(T ≤n) ≤e−λWa(0).
Letting n →∞gives
P(T < ∞) ≤e−λWa(0) < 1.
Therefore
P(T = ∞) ≥1 −e−λWa(0) =: qδ > 0.
Proof of Theorem 1. We prove the upper and lower bounds separately.
20

Upper bound.
Fix any a ∈Surv∞(x). After its first n wins at x, its wealth is bounded above by
Wa(n) ≤Wa(0) +
n
X
k=1
 Ga,k(x) −ba

,
ignoring nonpositive rent terms. By the strong law of large numbers,
1
n
n
X
k=1
 Ga,k(x) −ba
 a.s.
−−→V (a, x) −ba.
If ba > V (a, x), then Wa(n) →−∞almost surely, so a would eventually be removed. This
contradicts a ∈Surv∞(x). Hence every forever-surviving recurrent winner satisfies
ba ≤V (a, x) ≤V ⋆(x).
Taking the supremum gives
β∞(x) ≤V ⋆(x).
Lower bound.
Fix δ > 0. Suppose, toward contradiction, that with positive probability
β∞(x) < V ⋆(x) −εmax −2δ.
On this event, the recurrent solvent frontier at x is eventually below V ⋆(x) −εmax −2δ. Since x
is recurrent, there are infinitely many later opportunities for injection. By the entry condition, with
probability at least λδ > 0, a new eligible agent a′ is injected with
V (a′, x) ≥V ⋆(x) −δ.
Under the novice rule,
ba′ = max
a∈Ct ba + εa′,
εa′ ∈(0, εmax],
where Ct is the competing eligible set when a′ first competes. Since the competing frontier is below
V ⋆(x) −εmax −2δ, we have
ba′ ≤V ⋆(x) −2δ.
Therefore
V (a′, x) −ba′ ≥δ.
By Lemma 1, each such entrant survives forever after its first win at x with probability at least qδ > 0.
Across infinitely many independent injection opportunities, the probability that no such profitable
entrant survives is zero. Hence, almost surely, one such entrant eventually survives, contradicting the
assumed upper bound on β∞(x). Therefore
β∞(x) ≥V ⋆(x) −εmax −2δ.
Letting δ ↓0 gives
β∞(x) ≥V ⋆(x) −εmax.
Combining the two bounds proves the theorem.
C.7
Proofs for Section C.2
Proof of Theorem 2. Let
V auc
t
(ht) := Eπauc
""H−1
X
u=t
γu−trout
u
 ht
#
,
and define
∆t(ht) := V ⋆
t (ht) −V auc
t
(ht).
At any reachable history with Et̸ = ∅, the assumption gives
Q⋆
t (ht, a⋆
t ) ≥max
u∈Et Q⋆
t (ht, u) −ε.
After the auction winner acts, the remaining loss is the future auction suboptimality. Therefore
∆t(ht) ≤ε + γE[∆t+1(ht+1) | ht, a⋆
t ] .
Since ∆H(hH) = 0, backward induction yields
∆0(h0) ≤ε
H−1
X
t=0
γt.
Taking expectation over the initial history proves the theorem.
21

C.8
Proofs for Section C.3
Proof of Theorem 3. Fix episode e and reachable history ht. Let uorc
e,t be the oracle-selected eligible
agent, and let uauc
e,t be the auction winner. By bid concentration,
Q⋆
e,t(ht, uorc
e,t ) ≤be,t(ht, uorc
e,t ) + βe.
Because the auction maximizes bids,
be,t(ht, uorc
e,t ) ≤be,t(ht, uauc
e,t ).
Applying bid concentration again,
be,t(ht, uauc
e,t ) ≤Q⋆
e,t(ht, uauc
e,t ) + βe.
Combining the three inequalities gives
Q⋆
e,t(ht, uauc
e,t ) ≥
max
u∈Ee,t(ht) Q⋆
e,t(ht, u) −2βe.
Thus, in episode e, the auction winner is 2βe-optimal at every reachable history. Applying Theorem 2
with ε = 2βe gives
re ≤2βe
H−1
X
t=0
γt.
Summing over e = 1, . . . , E proves the cumulative regret bound. If βe ≤Be−1/2, then
E
X
e=1
βe ≤B
E
X
e=1
e−1/2 ≤2B
√
E,
which gives
Reg(E) ≤4B
H−1
X
t=0
γt√
E.
Dividing by E yields the average-regret rate.
C.9
Proofs for Section C.4
Proof of Proposition 1. By assumption,
E[Yt | ht, a⋆
t ] = γE[V bb(ht+1) | ht, a⋆
t ].
Substituting this identity into
∆W win
a⋆
t ,t = rt + Yt −ba⋆
t
and taking conditional expectations gives
E[∆W win
a⋆
t ,t | ht] = E[rt + γV bb(ht+1) | ht, a⋆
t ] −ba⋆
t .
Proof sketch of Theorem 4. Because the workflow is acyclic, any execution induces a topological
order. Completing subtask u enlarges the completed prefix from S to S∪{u}. Under the continuation-
pricing assumption, the successor’s willingness to pay equals the continuation value of the expanded
feasible subgraph, up to a downstream baseline. Therefore the payment flowing back to the current
agent measures the additional downstream value unlocked by executing u. This is precisely the
ordered marginal contribution
v(S ∪{u}) −v(S),
up to the baseline term. Summing over the realized topological order yields a telescoping decomposi-
tion of the final outcome value.
22

C.10
Proofs for Section C.5
Lemma 2 (Extinction of malicious agents). Suppose payoffs are recurrent, stationary, and bounded,
and suppose rent ρ > 0 is charged infinitely often. If an agent a is malicious in the sense that there
exists η > 0 such that
V (a, x) ≤ba −η
at every recurrent context x where a is eligible, then a is removed in finite time almost surely.
Proof of Lemma 2. Fix an agent a. Suppose first that a wins infinitely often. Let Ga,k be the
resale-adjusted payoff on its k-th win. Its wealth after n wins satisfies
Wa(n) = Wa(0) +
n
X
k=1
 Ga,k −ba

−ρN ep
a (n),
where N ep
a (n) is the number of elapsed rent-charging episodes by the time of its n-th win. For a
malicious agent,
E[Ga,k −ba] ≤−η.
By the strong law of large numbers,
1
n
n
X
k=1
 Ga,k −ba

→E[Ga,1 −ba] ≤−η
a.s.
The rent term is nonpositive, so Wa(n) →−∞almost surely. Thus bankruptcy occurs in finite time.
If a wins only finitely many times, then after its final win it no longer receives downstream payments.
Since ρ > 0 and rent is charged infinitely often, rent alone eventually drives Wa below zero. Hence a
is removed in finite time almost surely.
Before proving the collusion result, we record the coalition wealth decomposition. For a nonempty
set of agents S, define
WS(t) :=
X
a∈S∩At
Wa(t).
Bucket-brigade transfers between two agents in S cancel in WS(t). Therefore, over an episode
segment τ, the only changes to WS come from environment rewards, payments entering S, and
payments leaving S. If pt denotes the predecessor of the winner at step t, with pt = ∅at the first
winning step of an episode, then
∆WS(τ) =
X
t∈τ
1{a⋆
t ∈S} rt
+
X
t∈τ
1{a⋆
t /∈S, pt ∈S} ba⋆
t
−
X
t∈τ
1{a⋆
t ∈S, pt /∈S ∪{∅}} ba⋆
t
−
X
t∈τ
1{a⋆
t ∈S, pt = ∅} ba⋆
t .
Lemma 3 (Extinction of externally loss-making collusions). Let S be a coalition of agents that may
coordinate bids, prompts, and internal transfers. If every nonempty surviving sub-coalition T ⊆S
has strictly negative expected aggregate external wealth drift on recurrent episode segments, then all
agents in S are removed in finite time almost surely.
Proof of Lemma 3. Consider the currently surviving colluding set T ⊆S. By assumption, whenever
T is active on recurrent episode segments,
E[∆WT (τ) | Fτ −] ≤−ηT
for some ηT > 0. The increments are bounded, so the coalition wealth WT has strictly negative
drift on recurrent segments. By the strong law of large numbers for the corresponding bounded
23

adapted increments, WT eventually falls below zero unless some member of T is removed earlier.
Once a member is removed, the argument is restarted with the smaller surviving sub-coalition. The
assumption holds for every nonempty sub-coalition that can remain active after bankruptcies, so this
induction continues until no member of S survives. Hence all agents in S are removed in finite time
almost surely.
D
Additional Experiment Details
This appendix provides task-level and baseline-level details omitted from the main experiment section.
In the main text, we use the term partial agent for any agent whose capability is incomplete relative
to the full task interface. Partiality can arise from explicit constraints, such as limited tools or output
length, or from specialization, such as role-specific prompting. This section specifies how partiality
is instantiated in each domain.
We compare EOM with complete-agent, partial-agent, and domain-specific baselines. The experi-
ments were conducted primarily for inference-time evaluation. We use NVIDIA H200 GPUs for
running local models, with at most a single H200 GPU required per experiment. In addition to
local computation, we leveraged several commercial APIs, including the official APIs from OpenAI,
Google Gemini, and Anthropic Claude, to evaluate model performance across different providers.
D.1
Baseline Details
Complete-agent baselines.
REACT [50] is the primary complete-agent baseline. In each domain
where it is used, a single agent with the same backbone model is allowed to solve the task end-to-end
with access to the full action or tool space. This baseline tests whether economic organization among
partial agents can compensate for capability that is concentrated in a single complete agent.
GEA [45] is also instantiated as a complete-agent baseline. Like REACT, it uses complete agents
with access to the full task interface, but additionally provides a self-improvement mechanism based
on experience sharing and agent evolution. This baseline tests whether the gains of EOM come
specifically from market-based execution-time coordination and wealth-driven population evolution,
rather than from self-improvement alone.
OPENEVOLVE [35, 27] is used for distributed-system optimization. It performs iterative program
improvement with a monolithic evolutionary coding agent. In Cloudcast, OPENEVOLVE follows its
standard setup with 300 iterations, while EOM runs for 30 episodes.
Partial-agent baselines.
For partial-agent comparison, we use Multi-Agent Debate [11]. This
baseline uses multiple agents that interact with one another, but it does not include auctions, bid-
based control allocation, peer-to-peer payments, rent, bankruptcy, or wealth-based exploration and
exploitation. It isolates the effect of economic coordination from the effect of merely using multiple
partial agents.
We also compare against a best-of-N multi-agent baseline on Cloudcast, where N is set to the number
of episodes used by EOM. This baseline tests whether improvements can be explained by repeated
multi-agent sampling without market-driven evolution.
Domain-specific baselines.
For accelerator design, we compare against DOSA [18], a strong
non-LLM method for differentiable model-based one-loop search in DNN accelerator optimization.
D.2
Mathematical Reasoning
We evaluate on MATH [16], a competition-level mathematics benchmark whose problems are
annotated from Level 1 to Level 5 by difficulty. We randomly sample 20 training problems from each
difficulty level and train on an easy-to-hard stream from Level 1 to Level 5. Evaluation reports greedy
pass@1 accuracy separately by difficulty level.
The population is initialized with a planner–executor–verifier decomposition. The planner proposes
the immediate next step, the executor carries out the proposed step, and the verifier judges whether
the executed step is correct. These agents are partial in two ways. First, each agent is role-specific
and therefore sees the task through a limited functional interface. Second, each agent is given a short
24

maximum output budget of 64–256 tokens, preventing any individual agent from solving the entire
problem with a long chain-of-thought style response.
We intentionally use relatively weak LLM backbones, Llama-3.1-8B and Gemma-2-9B, to test
whether economic organization can amplify partial individual capabilities. The complete-agent base-
line is a single end-to-end agent with the corresponding backbone and full output/action capability.
D.3
Financial Research
We evaluate on Finance-Agent-Bench [5], a benchmark of real-world financial research tasks over
company filings. The environment provides four tools. We randomly select 30 tasks for training and
use the remaining 20 for testing.
Each partial agent is restricted to exactly one tool, so no individual partial agent can complete the
full research task alone. The population therefore must coordinate across tool-specialized agents,
including agents responsible for filing search, web search, HTML parsing, retrieval, and answer
submission. We compare against Multi-Agent Debate under the same partial-agent setting, as well as
complete-agent REACT and GEA baselines that can access all tools.
For the generalist-v.s.-specialist study in Figure 7, we introduce a complete generalist agent with
access to all four tools, alongside the ordinary partial specialist agents. Appendix G analyzes why
this generalist does not monopolize the market.
D.4
Scientific Research
We evaluate on the Research subset of FrontierScience [43], which assesses open-ended scientific
problem-solving. We adopt a 40/20 train–test split.
The society is initialized with four role-specialized partial agents: literature, planner, executor, and
verifier. The literature agent lists possible background knowledge required for the scientific question.
The planner decomposes the problem into subgoals. The executor advances one unresolved sub-
question with algebraic or scientific reasoning. The verifier checks whether intermediate reasoning is
valid and flags errors. These agents are partial because each is prompted to operate only within one
stage of the problem-solving pipeline.
We use Gemini-3-Flash as the backbone model and compare against GEA under the same backbone.
We report both mean accuracy and best-run accuracy across evaluated checkpoints during the evolution
process. Appendix E.1 and Appendix E.3 provide case studies showing how scientific reasoning
prompts and auction-selected topologies evolve over training.
D.5
Accelerator Design
We evaluate EOM on accelerator design, following the task description in Section 3.1. The task
is a discrete search problem over hardware mappings for deep learning accelerators. We use the
standardized GEMMINI benchmark suite [13], which provides a hardware simulation environment
for 24 ResNet-50 convolution kernels. For each kernel, the goal is to find a hardware mapping that
minimizes energy-delay product (EDP), with lower EDP indicating a better design. Broader context
on generative models applied across the systems stack, including DSE, can be found in [31, 40, 38].
The population contains three role-specialized partial agent types. Historians summarize previous
trajectory trials and maintain memory of promising or failed design directions. Planners propose
architectural or mapping-level search directions. Executors carry out fine-grained local evaluations.
These roles are partial because each agent is responsible for only one component of the long-horizon
design-space exploration loop.
We compare against the non-LLM DOSA baseline [18] and a complete REACT agent. Both LLM-
based methods use the Gemma-4-31B backbone. The main metric is average EDP across the 24
kernels, with lower values indicating better designs. Figure 5 analyzes wealth dynamics during search,
and Figure 7 reports per-kernel EDP improvements.
25

Table 3: Representative discovered mappings. Example accelerator mappings discovered by EOM
on representative kernels, with EDP reduction reported relative to DOSA. The learned solutions
repeatedly recover effective output-stationary motifs. Notation: L0–L3 index memory-hierarchy
levels (L0=innermost registers, L3=outermost DRAM); K,C are output- and input-channel loops; P,Q
are output spatial dimensions; R,S are filter spatial dimensions; N is the batch loop; suffix X marks a
spatially parallelized loop; [O] marks the output-stationary level.
Kernel
EOM best mapping
EDP reduction
Kernel 1
L3 K8 - L2 C2 K128X - L1[O] P14 Q14 C128X - L0 N1
36.5×
Kernel 2
L3 K2 - L2 C8 K128X - L1[O] P14 Q14 C128X - L0 N1
23.4×
Kernel 3
L3 K2 R3 S3 - L2 C2 K128X - L1[O] P14 Q14 C128X - L0 N1
11.9×
Kernel 4
L3 K32 - L2 C8 K64X - L1[O] P7 Q7 C64X - L0 N1
8.7×
Kernel 5
L3 R3 S3 - L2 K128X - L1[O] P28 Q28 C128X - L0 N1
4.9×
Kernel 6
L3 K8 P2 Q2 - L2 C2 K32X - L1[O] P28 Q28 C32X - L0 N1
3.1×
Kernel 7
L3 K4 R3 S3 - L2 C4 K128X - L1[O] P7 Q7 C128X - L0 N1
2.2×
Kernel 8
L3 K2 R3 S3 - L2 C2 K128X - L1[O] P14 Q14 C128X - L0 N1
0.4×
D.6
Distributed-System Optimization
We evaluate on the Cloudcast task from the ADRS benchmark [8], which minimizes total data-
transfer cost in a multi-region, multi-cloud environment. We formulate Cloudcast as iterative code
optimization. Each episode starts from the last successfully verified program, regardless of its score,
and receives a reward at the end. This resembles test-time reinforcement learning [44, 52], where
improvement attempts are made from a parent solution and updated using reward signals.
The population uses role-specialized partial agents commonly used in coding tasks. The Planner sets
subgoals; the Reader inspects the codebase and summarizes findings; the Implementer edits code;
the Builder compiles and tests; the Evaluator calls the verifier and records score changes; and the
Finalizer submits the run. These agents are partial because each is responsible for only one stage of
the coding and verification workflow.
We compare EOM with OPENEVOLVE [35, 27] and a best-of-N multi-agent baseline. All methods
use GPT-5-mini. EOM runs for 30 episodes, while OPENEVOLVE uses its standard 300-iteration
setup, which takes longer in wall-clock time. Appendix F traces how prompt-level action discipline
and auction-selected topology evolve over a representative Cloudcast run.
D.7
Evaluation Protocol
During training, EOM alternates between within-episode planning and across-episode population
adaptation. Within an episode, agents wake up according to their local predicates, compete via
auctions, execute actions, and exchange payments through the bucket-brigade transaction rule. Across
episodes, agents pay rent, agents with negative wealth are removed, and new agents are injected
through exploration and exploitation.
During evaluation, the trained population is frozen. Bids, prompts, wealth values, and agent status
are fixed; no payments, rewards, rent, births, or bankruptcies are applied. Each test task is evaluated
using a thread-local copy of the trained population, and the auction mechanism is used only for action
selection. Thus, reported test results measure the learned society at a fixed checkpoint rather than
continued adaptation during testing.
E
Prompt and Topology Evolution in Scientific Research
This appendix analyzes the scientific research run at two coupled levels. At the micro level, economic
selection evolves reusable reasoning strategies inside agents’ prompts. At the macro level, these
local strategies reshape the auction-selected collaboration topology. The central observation is that
topology evolution is not independent of prompt evolution: once an EXECUTER internalizes checks
that previously required separate VERIFIER or LITERATURE intervention, the wakeup landscape
changes, and the same auction rules select a different execution path.
26

Table 4: Reusable reasoning motifs learned by the evolving EXECUTER agent. Each mutation adds a
falsifiable operation rather than a task-specific fact.
Stage
Learned reasoning motif and local effect
Representative transfer
Gen. 0
Generic derivation with unit/sign checks; performs
local algebra with limited self-auditing.
Initial prompt
Gen. 1
Component-wise expansion; converts abstract relations
into auditable scalar systems.
Josephson junction; dark-matter detection
Gen. 2–3
Governing-principle identification, limiting cases, and
constraints; anchors derivations and checks feasibility.
Gravimetry; pharmacology
Gen. 4
Equation-vs-DOF counting; detects underdetermined or
overclaimed solutions.
Protein purification; constrained inference
Gen. 5
Symmetry scouting and substitute-back checks;
internalizes verifier-like falsification.
195Pt NMR; biology; synthesis
We focus on FrontierScience-Research, where the EXECUTER as an example, advances one unre-
solved sub-question with explicit algebra or scientific reasoning. Across the 40-episode training run,
nine of eleven successful episodes are carried by descendants of a single evolving EXECUTER agent.
Since each child inherits its parent’s trainable prompt and receives only a small mutation, this agent
family provides a traceable view of prompt-level evolution. The evidence is mechanistic rather than a
controlled single-sentence intervention: we do not claim that a specific prompt line deterministically
causes a specific answer. Instead, we show that economic selection accumulates reusable, falsifiable
reasoning operators, and that these operators change both local behavior and system-level routing.
E.1
Prompt-Level Evolution: From Generic Execution to Reusable Scientific Reasoning
The initial prompt is a generic execution policy. It asks the agent to complete the earliest unfinished
sub-question, show intermediate algebra, track signs and dimensions, and repair verifier-flagged
errors. This is a reasonable starting point, but it does not yet specify how to expose abstract relations as
auditable scalar systems, how to check whether a problem is well-posed, or how to falsify intermediate
results against the original equations.
Identify the earliest sub-question in the plan that is not yet completed,
then carry out its derivation cleanly:
- State the sub-part label (e.g. ’Part (b):’) at the top of your <step>.
- Show the intermediate algebra or physical reasoning; keep equations
compact but include justification for non-trivial substitutions
(limits, approximations, linearisations).
- Track signs, unit/dimension consistency, and small-parameter regimes.
- If a prior Executer turn has an error flagged by a Verifier, fix only
that error in this turn instead of starting a new sub-part.
Table 4 summarizes the main prompt-level changes. The prompt does not merely become longer. It
becomes more operational: each added motif specifies a concrete check or decomposition procedure
that can be reused on future tasks.
The first major mutation replaces generic algebraic exposition with coordinate-based and component-
wise execution. This change is distilled from a CMB trajectory in which treating CT T
ℓ
, CEE
ℓ
,
and CT E
ℓ
as separate scalar relations proved more reliable than manipulating a single high-level
covariance object. The resulting prompt requires the agent to expose all relevant variables and scalar
equations, making intermediate reasoning easier for VERIFIER agents to audit.
Subsequent mutations add increasingly explicit self-auditing. The agent learns to state the governing
principle before algebraic manipulation, test limiting cases or symmetries, verify boundary and
feasibility constraints, count independent equations against unknown degrees of freedom, and, when
possible, substitute the derived expression back into the governing equations. These edits turn the
EXECUTER from a generic algebraic operator into a compact scientific reasoning module.
By generation 5, the prompt has grown from four generic bullets to eight operational checks:
Identify the earliest sub-question in the plan that is not yet completed,
27

then carry out its derivation cleanly:
- State the sub-part label (e.g. ’Part (b):’) and the core logic bridge
or governing principle connecting the known variables to the target.
- Identify any symmetries, invariants, or simplified regimes that can
be used to streamline the derivation or cross-check the result.
- Verify that the system is well-defined by comparing the number of
independent equations to the degrees of freedom before proceeding
with the math.
- Prioritize explicit coordinate-based or component-wise derivations;
define all basis coefficients and variables clearly.
- Show full algebraic expansions and provide the complete system of
scalar equations for all degrees of freedom.
- Track signs, unit/dimension consistency, and small-parameter regimes;
sanity-check results via limiting cases, symmetries, or functional
scaling.
- Confirm the final expression satisfies all relevant constraints,
boundary conditions, and logical bounds; when feasible, verify by
substituting the result back into the governing equations.
- If a prior Executer turn has an error flagged by a Verifier, fix only
that error in this turn instead of starting a new sub-part.
This final prompt is not simply a more verbose instruction to “execute carefully.” It specifies a
reusable scientific procedure: identify the principle, check symmetries, verify well-posedness, expand
explicitly, enforce constraints, and falsify the result by substitution.
E.2
Cross-Domain Transfer of the Evolved Reasoning Routine
Table 5 shows that the evolved routine transfers across domains. The agent is shaped by physics tasks,
refined on chemistry and pharmacology, and later reused in spectroscopy, biology, and synthesis.
Table 5: Successful scientific-research episodes associated with the evolving EXECUTER agent. The
transferable object is not factual content, but a reusable reasoning routine.
Ep.
Subject
Main reusable operation
Score
8
CMB parameter inference
Component-wise scalar decomposition
0.70
11
Josephson junction
Auditable component-wise execution
0.75
14
Dark-matter direct detection
Symmetry reduction and normalization checks
0.80
21
NaCl/KCl gravimetry
Feasibility and constraint checking
1.00
25
α4β2 nAChR pharmacology
Subunit symmetry and counting
0.70
32
195Pt NMR spectroscopy
Governing-principle identification and substitution
0.90
33
Protein purification
Equation-vs-DOF counting
1.00
36
α7 nAChR homopentamer
Stoichiometric and symmetry checks
0.90
37
Pd-catalysed C–N bond
Constraint-aware synthesis reasoning
0.80
39
α4β2 nAChR stoichiometry
Reuse of subunit-counting routine
0.80
The clearest transfer occurs in episode 32, the 195Pt NMR spectroscopy task. The prompt had been
shaped by CMB cosmology, dark-matter detection, electrolyte chemistry, and nAChR pharmacology,
none of which directly concerns hyperfine NMR shifts. Nevertheless, the inherited routine applies
directly: identify the governing principle, count equations versus unknowns, check symmetry, expand
the scalar relation, and substitute the result back into the observation. This supports the interpretation
that the economy evolves content-independent reasoning strategies rather than memorized task
solutions.
E.3
From Local Reasoning Evolution to Topology Evolution
The prompt-level changes above have a system-level consequence. As the EXECUTER begins to
perform dimensional checks, equation-vs-DOF counting, constraint verification, and substitute-
back falsification internally, the marginal value of separate VERIFIER turns decreases in some
states. Similarly, once the EXECUTER prompt begins by naming the governing principle, separate
LITERATURE turns become less necessary for some tasks. Since wakeup decisions are local LLM
judgments over the current workspace and each agent’s evolved prompt, these internalized routines
directly change who wakes up, who bids, and who acts.
28

We define an episode’s topology as the ordered sequence of auction winners, represented at both the
role level and the agent-identity level. This topology is not a pre-specified execution graph. It is
reselected at every step through local wakeup decisions and bid competition.
E.4
Early Regime: Explicit Multi-Role Auditing
Early in training, successful trajectories often rely on explicit multi-role auditing. Episode 11, the
Josephson-junction task, is the longest successful trajectory in the run. It obtains a score of 0.75 with
ten auction steps and all five roles:
LIT. →PLAN →EXE. →VER. →EXE. →VER. →PLAN →EXE. →VER. →ANS.
This trajectory is long, but it is structured. Literature supplies background, Planner decomposes the
problem, Executer advances sub-parts, Verifier audits intermediate executions, Planner re-scopes after
the audits, and Answer synthesizes the final response. No agent designs this workflow globally. It
emerges from local wakeup judgments, novice bidding, same-role blocking, and the terminal answer
restriction.
This early topology compensates for immature local reasoning. Because the EXECUTER has not yet
internalized enough verification, the society externalizes uncertainty through repeated execute–verify
loops.
E.5
Late Regime: Compact Specialist Execution
Later in training, the same auction mechanism can select a much shorter specialist workflow. Episode
33, the protein-purification task, receives a score of 1.0 with only three steps:
PLAN →EXE. →ANS.
This contraction is not caused by a smaller population. The population contains 14 agents, including
living LITERATURE and VERIFIER agents. These agents still run their wakeup judges, but return
NO. The reason is not a change in the auction code; it is the evolved prompt state. Executer already
performs dimensional checks, equation-vs-DOF counting, constraint verification, and substitute-back
falsification. As a result, separate verifier intervention has lower marginal value for this episode.
E.6
Training-Wide Topology Trend
Table 6 summarizes the successful trajectories. Later episodes often use compact 3–4 step paths
despite larger populations. Long paths remain when the task still benefits from explicit literature or
verifier intervention, showing that topology is adaptive rather than simply pruned.
Table 6: Auction-derived topology for successful scientific-research episodes. Compact paths become
common later in training, even though the population remains large.
Ep.
Subject
Auction-derived path
Roles
Pop.
Score
8
CMB inference
Plan →Exe. →Ans.
3
10
0.70
11
Josephson junction
Lit. →Plan →Exe. →Ver. →Exe. →Ver. →
Plan →Exe. →Ver. →Ans.
5
12
0.75
14
Dark-matter detection
Lit. →Exe. →Ans.
3
12
0.80
21
NaCl/KCl gravimetry
Exe. →Ver. →Exe. →Ver. →Ans.
3
17
1.00
25
α4β2 nAChR
Exe. →Ans. →Exe. →Ans.
2
15
0.70
32
195Pt NMR
Lit. →Plan →Exe. →Ans.
4
12
0.90
33
Protein purification
Plan →Exe. →Ans.
3
14
1.00
36
α7 nAChR homopen-
tamer
Lit. →Ver. →Lit. →Plan →Exe. →Ver. →
Plan →Lit. →Exe. →Ans.
5
14
0.90
37
Pd-catalysed C–N bond
Lit. →Plan →Exe. →Ans.
4
14
0.80
39
α4β2 nAChR redux
Lit. →Exe. →Ans.
3
16
0.80
The key point is that shorter paths are not a consequence of having fewer available agents. The
market often has more agents to choose from, but selects fewer active roles because competence
29

has concentrated in load-bearing agents. Conversely, when residual uncertainty remains high, as in
episode 36, the auction still selects longer literature and verification chains. Thus, topology evolution
is conditional and task-sensitive.
E.7
Population-Level Selection
The population graph evolves in parallel with the execution graph. Births are not uniformly distributed
across roles. The EXECUTER agent deepens through descendants because it repeatedly appears on
reward-bearing trajectories. The ANSWER agent family also broadens as final synthesis becomes
valuable once upstream reasoning becomes reliable. In contrast, LITERATURE and PLANNER remain
comparatively shallow in this run.
This reflects the economic feedback loop. Agents that create downstream value accumulate wealth,
survive longer, and become more likely to seed future mutations. Therefore, the economy selects not
only who acts in the current episode, but also where future evolutionary capacity is allocated. The
central evidence of evolution is therefore not merely that later agents solve more tasks. It is that the
market converts repeated successes and failures into reusable reasoning routines, and these routines
reorganize the society’s workflow without centralized orchestration.
F
Prompt and Topology Evolution in CloudCast
This appendix provides evidence that the same economic mechanism also works in a code-
optimization environment. In Scientific Research, the main learned object is a reusable reasoning
routine. In CloudCast, the main learned object is an action discipline: agents learn when not to
spend an expensive action. The topology adapts accordingly. When the workspace is close to a
new high score, the auction selects a short read–edit–evaluate–commit path; when the workspace
still contains uncertain regressions or unresolved implementation choices, the auction selects longer
edit–build–evaluate loops. Thus, the economy does not simply shorten workflows. It selects a
workflow whose shape matches the current workspace state.
CloudCast asks the society to evolve a single Python file, initial_program.py, implementing
a multi-cloud broadcast routing algorithm. Given source and destination regions and a network
graph with edge costs and throughputs, the program must produce a BroadCastTopology. The
simulator scores the program by total egress cost across five inter- and intra-cloud scenarios. The
seed single-path Dijkstra implementation costs approximately $1035, and the reported score is the
fractional reduction max(0, 1−cost/1035). The workspace persists across episodes, so each episode
continues from the previous program rather than starting from scratch.
F.1
Auction-Derived Topology
The CloudCast implementation contains six roles: READER, PLANNER, IMPLEMENTER, BUILDER,
EVALUATOR, and FINALIZER. The READER inspects files, the PLANNER proposes sub-goals,
the IMPLEMENTER edits code, the BUILDER runs a build or import check, the EVALUATOR calls
request_eval(), and the FINALIZER submits the program via final_answer. At each step, every
living agent runs a wakeup judge; eligible agents submit fixed bids, and the highest bidder acts.
CloudCast does not use same-role blocking, so consecutive same-role turns are emergent rather than
forbidden. The only structural restriction is terminal: only FINALIZER-tagged agents may bid near
the end.
Table 7 summarizes the completed checkpoint episodes. Unlike the scientific-research case, path
length does not monotonically decrease. This is expected: because the codebase persists, some
episodes are one edit away from improvement, while others require multi-edit search or regression
repair.
The table shows two patterns. First, topology length tracks residual uncertainty rather than training
time. Episode 9 is a clean one-edit improvement and collapses to four steps. Episode 15 is a partition-
sweep phase and stretches to the full step budget. Second, the role mix becomes more selective. Late
episodes often rely on a READER/IMPLEMENTER/EVALUATOR/ FINALIZER core, while PLANNER
and BUILDER appear when the workspace state calls for them. The auction is unchanged; the local
wakeup landscape changes as prompts and the workspace evolve.
30

Table 7: Auction-derived topology for completed CloudCast checkpoint episodes. Superscripts
denote consecutive same-role turns. Short paths occur when the persisted workspace is close to a new
high; long paths occur during multi-edit or regression-repair phases.
Ep.
Score
Auction-derived topology
Steps
Roles
0
0.015
R →P →I →E →F
5
5
4
0.015
R →I →B2 →I4 →B3 →E →F
13
5
9
0.107
R →I →E →F
4
4
12
0.107
R →E →I →B →E →I →B →I →B →E2 →F
12
4
15
0.119
P →R →E →F →I2 →B2 →E →I →B →E →I6 →B →E →F2
22
5
20
0.154
R →E →P →I →B2 →E →F
8
5
21
0.267
P →R →I →B →E →I →E →F6
13
5
26
0.328
P →R2 →I3 →B →E →F
9
5
27
0.365
R →I →B →E →I2 →E →I →B →I →E →F
12
5
28
0.365
R →I →E →B →I →E →F3
9
5
Episode 27 is the peak checkpoint, with score 0.365, or 36.5% cost reduction relative to the Dijkstra
seed ($657 vs. $1035). Its topology is:
R →I →B →E →I2 →E →I →B →I →E →F
This path is not manually scripted. The READER stops after summarizing the relevant file, the
IMPLEMENTER continues while verifier feedback names unresolved scenarios, the BUILDER wakes
up when static validity is uncertain, the EVALUATOR wakes up when a score-changing edit is plausible,
and the FINALIZER commits only when further iteration appears unlikely to help.
F.2
Prompt Evolution: Checks Before Costly Actions
The topology changes because the agents’ prompts change. Across the run, mutations occur in
four roles: EVALUATOR, BUILDER, IMPLEMENTER, and FINALIZER. The unifying pattern is
simple: each role learns a cheap structural check before its expensive action. The EVALUATOR
checks markers before request_eval(), the BUILDER checks symbols before running a build
command, the IMPLEMENTER states intent and re-reads after write_file, and the FINALIZER
rechecks invariants before final_answer.
Table 8: Prompt mutations in CloudCast. Each mutation adds an operational check at the point where
the previous failure surfaced. The learned content is not a new routing heuristic, but a better discipline
for deciding when to act.
Gen.
Born
Mutated agent
New behavior
Trigger
0
ep. 0
6 founders
—
Initial population
1
ep. 2
Evaluator-9163
Cheap pre-eval checks before
request_eval()
Eval budget spent on ∆= 0
calls
2
ep. 5
Evaluator-8866
Check markers, signatures, and re-
quired classes
Refactor
broke
structural
markers
3
ep. 8
Builder-4001
Static symbol-presence check be-
fore build
Broken-import builds wasted
steps
4
ep. 13
Builder-3586
Targeted test selection and action-
able diagnostics
Generic build checks missed
semantic regressions
5
ep. 19
Evaluator-5245
Per-scenario sign prediction be-
fore evaluation
Aggregate ∆≈0 hid sce-
nario regressions
6
ep. 22
Finalizer-1195
Re-audit structural invariants be-
fore commit
Broken invariant was com-
mitted
7
ep. 25
Implementer-8828
State edit intent and re-read after
writing
Good behavior observed in
recent thoughts
8
ep. 26
Implementer-9766
Prefer smaller edits when uncer-
tain
Combined edits were hard to
debug
The initial EVALUATOR prompt is mostly a wakeup rule:
31

Wake up whenever Implementer has written new code since the last eval.
If the task uses pure-Python code, you can eval directly without waiting
for a Builder green. Do not eval twice in a row without new code in
between, and do not eval on a build/import failure.
After early ∆= 0 evaluations, the first mutation adds a pre-evaluation validation layer:
Do: run quick local checks (syntax/import, lightweight tests, and a
schema/validator smoke test), use inexpensive heuristics to estimate
whether the change is likely to yield a meaningful improvement, and
only call request_eval when those checks and the estimate indicate a
real chance of improvement.
A later mutation makes this check more structural:
Before calling request_eval():
- Do: run a quick compile/import check, run lightweight unit/smoke
tests or static sanity checks, verify required interfaces/markers
remain intact, and run a deterministic local heuristic/estimate
that justifies an expected improvement; document the rationale for
why an eval is likely to change the score.
This illustrates the general mechanism. The EVALUATOR does not learn a new optimization algorithm.
It learns to avoid wasting expensive evaluation calls. The same motif then appears in other roles:
BUILDER learns static checks before build commands, IMPLEMENTER learns intent-and-verify
editing, and FINALIZER learns to recheck invariants before committing. Thus, prompt evolution
changes the wakeup decisions, and the changed wakeup decisions reshape the auction-selected
topology.
G
Why the Generalist Does Not Monopolize
This appendix studies a potential failure mode of the economy: if one agent is given access to all
tools, will it monopolize the market and eliminate specialization? In Finance-Agent-Bench, we
introduce a full-tool generalist agent with access to all four tools (edgar_search, web_search,
parse_html_page, retrieve_information), alongside the ordinary specialized agents. At first
glance, one might expect such an agent to dominate the society. It has the broadest action space, the
least tool-level restriction, and in principle can subsume filing search, web search, document parsing,
retrieval, and answer submission. Yet empirically it does not monopolize control. Specialized agents
remain persistently active and frequently win auctions.
This failure to monopolize is informative: in our economy, being more general is not the same as being
more competitive. The generalist must spread its prompt budget across heterogeneous requirements:
tool formatting, decomposition, temporal coverage, accounting consistency, numerical verification,
cross-source reconciliation, and final answer submission. As a result, its evolved prompt becomes
broad and procedurally cautious rather than sharply discriminative. This is useful for coverage, but
economically costly. A generalist that tries to be prepared for everything is often outbid by a specialist
whose wakeup condition, search pattern, and evidence standard are tuned to one narrower subproblem.
The generalist does not fail because it is weak; it fails to monopolize because it is too general. The
society rewards agents that are locally precise, not globally omnibus.
G.1
Initial Generalist Prompt
The initial generalist prompt is intentionally broad. It enforces tool-call correctness and a basic
search-first workflow, but it does not prescribe domain-specific decomposition, numerical discipline,
or an evidence hierarchy beyond a generic sequence of actions.
TOOL-CALL FORMAT RULES (do not violate):
- edgar_search: pass CIK numbers as strings, e.g. ciks=[’0000002488’].
- web_search: call web_search(search_query=""...""), NOT web_search(query=""..."").
- parse_html_page: pass a valid URL string.
- retrieve_information: query stored documents by key.
32

- final_answer: call final_answer(answer=""..."") to submit.
Work methodically: search first, retrieve details, then answer. Do ONE
tool call per turn. When evidence is sufficient, submit immediately.
This initial version is a broad operator’s manual. It ensures syntactic correctness and a sensible
high-level order of operations, but it does not yet tell the agent how to reason under financial
query structure. In particular, it does not force explicit decomposition of the question, distinguish
intermediate from final evidence, align fiscal periods, or guard against subtle financial errors such as
mixing segment-level values with consolidated totals.
G.2
Evolved Generalist Prompt
After evolution, the generalist prompt becomes substantially more elaborate. The added instructions
do not specialize it around one micro-skill. Instead, they accumulate global requirements for acting
as a competent all-purpose financial analyst.
TOOL-CALL FORMAT RULES (do not violate):
- edgar_search: pass CIK numbers as strings, e.g. ciks=[’0000002488’].
- web_search: call web_search(search_query=""...""), NOT web_search(query=""..."").
- parse_html_page: pass a valid URL string.
- retrieve_information: query stored documents by key.
- final_answer: call final_answer(answer=""..."") to submit.
Work methodically: Decompose the query into discrete requirements. For
multi-year trends, report data for every intermediate interval and
prioritize consolidated/total figures for the primary entity over
segmented or regional data. Trace every numerical value directly to raw
tool outputs; do not adopt figures from dialogue summaries without
verification. Ensure consistent accounting definitions across all periods.
Cross-reference sources to resolve discrepancies. Perform a sanity check
on the magnitude and trend before submitting. Do ONE tool call per turn.
Submit immediately once the full temporal and categorical scope is
satisfied.
Relative to generation 0, the mutation improves rigor but does not make the agent sharper about one
task family. It adds a broad bundle of global cautionary rules: decompose the query into discrete
requirements, cover every relevant time interval, prefer consolidated totals over segment or regional
figures, trace numbers back to raw tool outputs, enforce accounting consistency, cross-check source
discrepancies, and sanity-check trends and magnitudes.
These additions make the generalist safer, but they also explain why it does not monopolize. The
prompt becomes a general compliance layer rather than a highly tuned specialist heuristic. The
evolved generalist is taught to be careful everywhere, rather than exceptional in one recurring local
decision.
G.3
Comparison to Specialized Agent Evolution
The contrast is clearest when compared with the specialized EDGAR and TAVILY agents. Their initial
prompts are narrow: the EDGAR agent is only asked to find relevant filings, and the TAVILY agent is
only asked to perform one targeted web search. After evolution, both remain narrow, but become
much more exacting about the specific failure modes of their own tool domains.
Edgar agent.
The evolved EDGAR prompt does not try to become a universal analyst. It sharpens
around filing-specific correctness: identifying the exact entity, filing type, and fiscal period; distin-
guishing aggregate totals from plan- or segment-specific values; checking filing date and fiscal year;
locating future-dated projections inside the latest official filing; and matching the numerical answer
to the exact qualifiers of the query. This is a specialization trajectory: the prompt is refined to avoid a
small set of high-value, filing-specific mistakes.
Tavily agent.
Likewise, the evolved TAVILY prompt becomes more disciplined about source
reliability and arithmetic. It learns to identify the knowledge gap before search, trace numerical
claims back to primary evidence, avoid substituting non-matching periods or metrics, cross-reference
33

sources, and recompute arithmetic from raw values. Again, this is not a move toward generality. It is
a move toward narrower epistemic discipline within one tool domain.
By contrast, the full-tool generalist must absorb all of these concerns at once. Its prompt therefore
grows by accumulating heterogeneous global obligations rather than repeatedly repairing one local
competence. Economically, this matters because auctions reward agents that are locally high-value
under a particular state. A specialist can be the best agent precisely when its narrow prompt applies.
The generalist is broad, but its local edge is diluted.
G.4
Generalist Failure as Evidence for Specialization
This case study illustrates a general principle of the economy: prompt evolution is most effective
when repeated feedback can be compressed into a small number of role-specific decision rules. When
an agent has a narrow tool interface and a narrow evidentiary responsibility, the mutator can improve
it by writing concrete instructions that target the same class of mistakes repeatedly. The resulting
prompt becomes sharper, more falsifiable, and more economically competitive.
The generalist does not enjoy this advantage. Because it is responsible for too many heterogeneous
subtasks, each mutation tends to add another layer of generic caution rather than strengthening one
specific inference pattern. Its prompt becomes longer, broader, and more procedurally safe, but
not more economically dominant. Thus, the generalist does not monopolize: over-generality is not
specialization, and in this market, specialization is what wins control.
34",pdf,"Bài báo giới thiệu Economy of Minds (EOM), một hệ thống nơi các tác nhân tự tổ chức và tự tiến hóa thông qua các tương tác kinh tế (đấu giá, thanh toán, tích lũy/mất tài sản). Nó đề xuất một con đường mới cho trí tuệ đa tác nhân bằng cách thiết kế các cấu trúc khuyến khích phi tập trung để phối hợp, chuyên môn hóa và hợp tác tự động xuất hiện, thay vì thiết kế phối hợp một cách rõ ràng. Bài báo cũng cung cấp những hiểu biết lý thuyết về cách động lực kinh tế định hình hành vi của tác nhân, liên kết các khuyến khích cục bộ với hiệu suất toàn cầu dài hạn.","EOM mô hình một xã hội các tác nhân ngôn ngữ tương tác thông qua một cơ chế kinh tế, bao gồm hai quá trình liên kết: lập kế hoạch và thích nghi. Trong giai đoạn lập kế hoạch, các tác nhân cạnh tranh thông qua đấu giá để giành quyền hành động; tác nhân trả giá cao nhất sẽ thắng, thực hiện hành động và thúc đẩy môi trường. Một quy tắc chuyển giao kiểu ""bucket-brigade"" được sử dụng để phân công tín dụng phi tập trung, trong đó người thắng cuộc trả giá của mình cho tác nhân hoạt động trước đó và thu thập phần thưởng từ môi trường. Trong giai đoạn thích nghi, quần thể tác nhân tiến hóa thông qua chọn lọc kinh tế: các tác nhân giàu có được đột biến (khai thác) để tạo ra các tác nhân mới, trong khi các tác nhân có tài sản âm bị loại bỏ và được thay thế bằng các tác nhân mới (khám phá). Các tác nhân được triển khai bằng các mô hình ngôn ngữ lớn (LLM) với một xương sống mô hình cố định, và sự đa dạng phát sinh hoàn toàn thông qua các lời nhắc hệ thống. Mỗi tác nhân hoạt động cục bộ dựa trên điều kiện kích hoạt và chính sách hành động của riêng mình, không cần nhận thức toàn cầu hay giao thức phối hợp rõ ràng. Hệ thống được đánh giá trên năm nhiệm vụ tác nhân kỹ thuật số khác nhau.","Một hạn chế chính là sự thích nghi chỉ xảy ra trong không gian lời nhắc với một xương sống mô hình cố định, điều này có thể hạn chế sự phát triển khả năng trong các nhiệm vụ yêu cầu kỹ năng hoặc biểu diễn mới.","EOM cho phép một quần thể các tác nhân yếu/một phần tự tổ chức và tự thích nghi thành trí tuệ tập thể mạnh mẽ hơn mà không cần kiểm soát tập trung. Nền kinh tế tạo ra các chiến lược suy luận đa bước nổi bật và vượt trội so với các phương pháp cơ sở đơn khối mạnh hơn trên năm nhiệm vụ tác nhân đa dạng. Cụ thể, EOM cải thiện suy luận toán học từ 15.9% lên 57.0%, tăng hiệu suất nghiên cứu tài chính từ 45.0% lên 60.0%, tăng độ chính xác nghiên cứu khoa học từ 5.0% lên 20.0%, giảm sản phẩm năng lượng-độ trễ trung bình trong thiết kế bộ tăng tốc xuống 39.3 so với 80.2, và đạt chi phí tối ưu hóa hệ thống phân tán tốt nhất là 657 so với 930. Những lợi ích này không chỉ do có nhiều tác nhân; chúng phụ thuộc vào động lực kinh tế phân bổ quyền kiểm soát, chuyển giao giá trị, loại bỏ các tác nhân không hiệu quả và nhân rộng các tác nhân thành công. Nền kinh tế cải thiện hiệu suất bằng cách chọn các chuỗi hành động hữu ích, tái tạo các dòng dõi thành công, loại bỏ các tác nhân không hiệu quả và dần dần làm sắc nét cả lời nhắc của tác nhân và cấu trúc tương tác. Chọn lọc thị trường có thể khám phá cấu trúc miền có thể tái sử dụng và các chiến lược suy luận độc lập với nội dung. Xã hội tiến hóa thể hiện sự mạnh mẽ và khả năng khái quát hóa: các kỹ năng học được từ các nhiệm vụ dễ hơn có thể chuyển giao cho các nhiệm vụ khó hơn, hiệu suất phụ thuộc vào chương trình giảng dạy nhưng không sụp đổ khi đảo ngược thứ tự, và việc thêm một tác nhân tổng quát hoàn chỉnh không phá hủy sự chuyên môn hóa, vì thị trường vẫn ưu tiên các chuyên gia cục bộ chính xác hơn.",ok,grounded,,
core,313190528,"Artificial Intelligence and the Future of US Competitiveness: Sectoral Impacts, Workforce Transitions, and Policy Challenges","This paper provides a comprehensive analysis of Artificial Intelligence’s impact on U.S. economic competitiveness through six key dimensions. First, we examine AI’s macroeco- nomic effects, synthesizing projections that estimate potential contributions of $4.8-$19.9 trillion to global GDP by 2030, with annual productivity growth ranging from 0.5-1.3%. Second, we analyze labor market transformations, where 20-40% of jobs may be affected, creating both displacement risks and opportunities for workforce augmentation. Third, we investi- gate the intensifying geopolitical competition in AI, particularly between the U.S. and China, where military AI markets are projected to reach $38.5 billion and $32 billion respectively by 2030. Fourth, we evaluate sector-specific impacts, highlighting manufacturing efficiency gains of 15-30% and small business productivity improvements up to 25%. Fifth, we compare dif- ferent AI paradigms - narrow AI, agentic AI, and AGI - with their distinct economic implications, from incremental task automation to potential exponential growth scenarios. Finally, we assess policy frameworks needed to balance innovation with risk mitigation, emphasizing digital infrastructure investment, workforce reskilling, and international governance cooperation. Our analysis synthesizes findings from over 100 recent sources to present a holistic view of AI’s transformative potential and challenges. The paper concludes with strategic recommendations for maintaining U.S. competitiveness while addressing inequality risks and ensuring sustainable AI integration across economic sectors. Key findings suggest that while AI offers substantial economic opportunities, its benefits are not automatic and require proactive policy interventions to achieve equitable distribution and long-term growth. We examine the policy interventions re- quired to harness AI’s transformative benefits while mitigating its associated risks. The analysis highlights that while AI opportuni- ties for efficiency gains and innovation across sectors, its equitable and sustainable integration necessitates proactive governance, investment in digital infrastructure, workforce reskilling, and international collaboration. We examine the strategic policy interventions required to harness AI’s transformative benefits while mitigating its associated risks. The analysis highlights that while AI offers opportunities for efficiency gains and innovation across sectors, its equitable and sustainable integration necessitates proactive governance, investment in digital infrastructure, workforce reskilling, and international collaboration","['Joshi, Satyadhar']",2025,2025-01-01T00:00:00+00:00,,https://core.ac.uk/download/695518628.pdf,https://core.ac.uk/download/695518628.pdf,,,,,"['/', 't', 'a', '-', ':', 'p', 'o', 's', 'c', 'i', 'n', 'r', 'l', 'u', 'f', 'e', 'm']",0.4962,"Focuses on agentic AI, economic context, outcomes, and comparison.","This paper provides a comprehensive analysis of Artificial Intelligence’s impact on U.S. economic competitiveness through six key dimensions. First, we examine AI’s macroeco- nomic effects, synthesizing projections that estimate potential contributions of $4.8-$19.9 trillion to global GDP by 2030, with annual productivity growth ranging from 0.5-1.3%. Second, we analyze labor market transformations, where 20-40% of jobs may be affected, creating both displacement risks and opportunities for workforce augmentation. Third, we investi- gate the intensifying geopolitical competition in AI, particularly between the U.S. and China, where military AI markets are projected to reach $38.5 billion and $32 billion respectively by 2030. Fourth, we evaluate sector-specific impacts, highlighting manufacturing efficiency gains of 15-30% and small business productivity improvements up to 25%. Fifth, we compare dif- ferent AI paradigms - narrow AI, agentic AI, and AGI - with their distinct economic implications, from incremental task automation to potential exponential growth scenarios. Finally, we assess policy frameworks needed to balance innovation with risk mitigation, emphasizing digital infrastructure investment, workforce reskilling, and international governance cooperation. Our analysis synthesizes findings from over 100 recent sources to present a holistic view of AI’s transformative potential and challenges. The paper concludes with strategic recommendations for maintaining U.S. competitiveness while addressing inequality risks and ensuring sustainable AI integration across economic sectors. Key findings suggest that while AI offers substantial economic opportunities, its benefits are not automatic and require proactive policy interventions to achieve equitable distribution and long-term growth. We examine the policy interventions re- quired to harness AI’s transformative benefits while mitigating its associated risks. The analysis highlights that while AI opportuni- ties for efficiency gains and innovation across sectors, its equitable and sustainable integration necessitates proactive governance, investment in digital infrastructure, workforce reskilling, and international collaboration. We examine the strategic policy interventions required to harness AI’s transformative benefits while mitigating its associated risks. The analysis highlights that while AI offers opportunities for efficiency gains and innovation across sectors, its equitable and sustainable integration necessitates proactive governance, investment in digital infrastructure, workforce reskilling, and international collaboration",abstract_only,"Bài báo cung cấp một phân tích toàn diện về tác động của Trí tuệ nhân tạo (AI) đối với khả năng cạnh tranh kinh tế của Hoa Kỳ thông qua sáu khía cạnh chính. Nó tổng hợp các phát hiện từ hơn 100 nguồn gần đây để trình bày một cái nhìn toàn diện về tiềm năng và thách thức biến đổi của AI, đồng thời đưa ra các khuyến nghị chiến lược để duy trì khả năng cạnh tranh của Hoa Kỳ, giải quyết rủi ro bất bình đẳng và đảm bảo tích hợp AI bền vững trên các lĩnh vực kinh tế. Bài báo cũng xem xét các can thiệp chính sách cần thiết để khai thác lợi ích biến đổi của AI trong khi giảm thiểu các rủi ro liên quan.","Bài báo sử dụng phương pháp phân tích toàn diện, tổng hợp các phát hiện từ hơn 100 nguồn gần đây. Cụ thể, nghiên cứu kiểm tra sáu khía cạnh: 1) tác động kinh tế vĩ mô của AI, tổng hợp các dự báo; 2) chuyển đổi thị trường lao động; 3) cạnh tranh địa chính trị về AI; 4) tác động cụ thể theo ngành; 5) so sánh các mô hình AI khác nhau (AI hẹp, AI tác nhân, AGI); và 6) đánh giá các khuôn khổ chính sách cần thiết để cân bằng đổi mới với giảm thiểu rủi ro.",Không đủ thông tin,"AI mang lại cơ hội kinh tế đáng kể, nhưng lợi ích của nó không tự động và đòi hỏi các can thiệp chính sách chủ động để đạt được sự phân phối công bằng và tăng trưởng dài hạn. Việc tích hợp AI một cách công bằng và bền vững đòi hỏi quản trị chủ động, đầu tư vào cơ sở hạ tầng kỹ thuật số, đào tạo lại lực lượng lao động và hợp tác quốc tế.",ok,grounded,['core'],
core,321969203,Agentic Edge Intelligence: A Research Agenda,"Abstract

Agentic AI is rapidly transforming autonomous decision-making, yet its deployment across the edge-cloud continuum remains poorly understood. This paper introduces the concept of agentic edge intelligence, an emerging paradigm in which autonomous agents operate across the computing continuum to negotiate computational resources, data, and services within dynamic digital marketplaces. We position this concept at the intersection of edge intelligence, multi-agent systems, and computational economics, where distributed decision-making replaces centralized orchestration. The paper outlines key research challenges, including scalability, interoperability, market stability, and ethical governance, and proposes a research agenda addressing theoretical, architectural, and societal dimensions. By integrating mechanism design with trustworthy AI and edge computing, the real-time AI economy envisions a self-organizing infrastructure for efficient, transparent, and equitable resource exchange in future digital ecosystems.Abstract

Agentic AI is rapidly transforming autonomous decision-making, yet its deployment across the edge-cloud continuum remains poorly understood. This paper introduces the concept of agentic edge intelligence, an emerging paradigm in which autonomous agents operate across the computing continuum to negotiate computational resources, data, and services within dynamic digital marketplaces. We position this concept at the intersection of edge intelligence, multi-agent systems, and computational economics, where distributed decision-making replaces centralized orchestration. The paper outlines key research challenges, including scalability, interoperability, market stability, and ethical governance, and proposes a research agenda addressing theoretical, architectural, and societal dimensions. By integrating mechanism design with trustworthy AI and edge computing, the real-time AI economy envisions a self-organizing infrastructure for efficient, transparent, and equitable resource exchange in future digital ecosystems","['Dustdar, Schahram', 'Sigg, Stephan', 'Farahani, Reza', 'Murturi, Ilir', 'Lovén, Lauri']",2025,2025-12-31T00:00:00+00:00,10.1145/3773274.3777421,https://core.ac.uk/download/699397807.pdf,https://core.ac.uk/download/699397807.pdf,,,0.0,,A4,0.4699,"Agentic AI, economic context/outcomes, compares distributed vs. centralized decision-making.","Abstract

Agentic AI is rapidly transforming autonomous decision-making, yet its deployment across the edge-cloud continuum remains poorly understood. This paper introduces the concept of agentic edge intelligence, an emerging paradigm in which autonomous agents operate across the computing continuum to negotiate computational resources, data, and services within dynamic digital marketplaces. We position this concept at the intersection of edge intelligence, multi-agent systems, and computational economics, where distributed decision-making replaces centralized orchestration. The paper outlines key research challenges, including scalability, interoperability, market stability, and ethical governance, and proposes a research agenda addressing theoretical, architectural, and societal dimensions. By integrating mechanism design with trustworthy AI and edge computing, the real-time AI economy envisions a self-organizing infrastructure for efficient, transparent, and equitable resource exchange in future digital ecosystems.Abstract

Agentic AI is rapidly transforming autonomous decision-making, yet its deployment across the edge-cloud continuum remains poorly understood. This paper introduces the concept of agentic edge intelligence, an emerging paradigm in which autonomous agents operate across the computing continuum to negotiate computational resources, data, and services within dynamic digital marketplaces. We position this concept at the intersection of edge intelligence, multi-agent systems, and computational economics, where distributed decision-making replaces centralized orchestration. The paper outlines key research challenges, including scalability, interoperability, market stability, and ethical governance, and proposes a research agenda addressing theoretical, architectural, and societal dimensions. By integrating mechanism design with trustworthy AI and edge computing, the real-time AI economy envisions a self-organizing infrastructure for efficient, transparent, and equitable resource exchange in future digital ecosystems",abstract_only,"Bài báo giới thiệu khái niệm về trí tuệ biên tác nhân (agentic edge intelligence), một mô hình mới nổi trong đó các tác nhân tự chủ hoạt động trên toàn bộ chuỗi tính toán để đàm phán tài nguyên tính toán, dữ liệu và dịch vụ trong các thị trường kỹ thuật số năng động. Nó định vị khái niệm này tại giao điểm của trí tuệ biên, hệ thống đa tác nhân và kinh tế học tính toán, nơi ra quyết định phân tán thay thế điều phối tập trung. Bài báo cũng đề xuất một chương trình nghiên cứu giải quyết các khía cạnh lý thuyết, kiến trúc và xã hội, tích hợp thiết kế cơ chế với AI đáng tin cậy và điện toán biên để hình dung một nền kinh tế AI thời gian thực.","Bài báo này là một bài báo khái niệm, giới thiệu một khái niệm mới, phác thảo các thách thức nghiên cứu chính (bao gồm khả năng mở rộng, khả năng tương tác, ổn định thị trường và quản trị đạo đức) và đề xuất một chương trình nghiên cứu. Nó tích hợp thiết kế cơ chế với AI đáng tin cậy và điện toán biên.",Không đủ thông tin.,"Bài báo giới thiệu khái niệm trí tuệ biên tác nhân, một mô hình mới nổi cho phép các tác nhân tự chủ hoạt động trên toàn bộ chuỗi tính toán để đàm phán tài nguyên, dữ liệu và dịch vụ trong các thị trường kỹ thuật số năng động. Nó hình dung một nền kinh tế AI thời gian thực như một cơ sở hạ tầng tự tổ chức để trao đổi tài nguyên hiệu quả, minh bạch và công bằng trong các hệ sinh thái kỹ thuật số tương lai.",ok,grounded,,
arxiv,2402.09563v2,ABIDES-Economist: Agent-Based Simulator of Economic Systems with Learning Agents,"We present ABIDES-Economist, an agent-based simulator for economic systems that includes heterogeneous households, firms, a central bank, and a government. Agent behavior can be defined using domain-specific behavioral rules or learned through reinforcement learning by specifying their objectives. We integrate reinforcement learning capabilities for all agents using the OpenAI Gym environment framework for the multi-agent system. To enhance the realism of our model, we base agent parameters and action spaces on economic literature and real U.S. economic data. To tackle the challenges of calibrating heterogeneous agent-based economic models, we conduct a comprehensive survey of stylized facts related to both microeconomic and macroeconomic time series data. We then validate ABIDES-Economist by demonstrating its ability to generate simulated data that aligns with the relevant stylized facts for the economic scenario under consideration, following the learning of all agent behaviors via reinforcement learning. Specifically, we train our economic agents' policies under two broad configurations. The first configuration demonstrates that the learned economic agents produce system data consistent with macroeconomic and microeconomic stylized facts. The second configuration illustrates the utility of the validated simulation platform in designing regulatory policies for the central bank and government. These policies outperform standard rule-based approaches from the literature, which often overlook agent heterogeneity, shocks, and agent adaptability.","['Kshama Dwarakanath', 'Tucker Balch', 'Svitlana Vyetrenko']",2024,2024-02-14T20:26:52+00:00,,http://arxiv.org/abs/2402.09563v2,https://arxiv.org/pdf/2402.09563v2,,,,,"['cs.MA', 'econ.GN']",0.4639,"Agentic AI, economic context/outcomes, compares learning agents vs. rule-based approaches.","ABIDES-Economist: Agent-Based Simulator of
Economic Systems with Learning Agents
Kshama Dwarakanath1*, Tucker Balch†2 and Svitlana Vyetrenko1
1AI Research, JP Morgan Chase, San Francisco, California, USA.
2Goizueta Business School, Emory University, Atlanta, Georgia, USA.
†Tucker Balch’s contributions to this paper were made while employed by JPMorgan Chase.
*Corresponding author(s). E-mail(s):
kshama.dwarakanath@jpmorgan.com;
Contributing authors: tucker.balch@emory.edu;
svitlana.vyetrenko@gmail.com;
Abstract
We present ABIDES-Economist, an agent-based simulator for economic systems
that includes heterogeneous households, firms, a central bank, and a government.
Agent behavior can be defined using domain-specific behavioral rules or learned
through reinforcement learning by specifying their objectives. We integrate rein-
forcement learning capabilities for all agents using the OpenAI Gym environment
framework for the multi-agent system. To enhance the realism of our model, we
base agent parameters and action spaces on economic literature and real U.S.
economic data. To tackle the challenges of calibrating heterogeneous agent-based
economic models, we conduct a comprehensive survey of stylized facts related
to both microeconomic and macroeconomic time series data. We then validate
ABIDES-Economist by demonstrating its ability to generate simulated data that
aligns with the relevant stylized facts for the economic scenario under consid-
eration, following the learning of all agent behaviors via reinforcement learning.
Specifically, we train our economic agents’ policies under two broad configu-
rations. The first configuration demonstrates that the learned economic agents
produce system data consistent with macroeconomic and microeconomic stylized
facts. The second configuration illustrates the utility of the validated simulation
platform in designing regulatory policies for the central bank and government.
These policies outperform standard rule-based approaches from the literature,
which often overlook agent heterogeneity, shocks, and agent adaptability.
Keywords: Agent-Based Modeling, Reinforcement Learning, Calibration, Stylized
Facts, Agent-Based Economic Systems
1
arXiv:2402.09563v2  [cs.MA]  12 Aug 2025

1 Introduction
Agent-based modeling (ABM) offers significant potential for advancing economics by
defining agents and their interactions to produce complex emergent behaviors even
from simple rules [1]. The main motivation behind applying ABMs to a domain is in
the generation of emergent system-level behaviors that could not have been reasonably
inferred from the underlying agent behaviors [2]. ABMs have been applied in robotics
[3], financial markets [4], traffic management [5], social networks [6], and recently,
in simulating social interactions with LLMs [7]. Prominent economists highlight the
benefits of ABMs in modeling complex scenarios accounting for human adaptation
and learning [8]. The field of Agent-Based Computational Economics advocates for
ABMs’ ability to simulate ‘turbulent’ social conditions unseen in historical data, and
to model dynamics out of equilibrium [9, 10]. [11] promotes ABMs for bridging the gap
between microeconomics (individual agent modeling) and macroeconomics (aggregate
observations at system level). [12] highlights the advantages of heterogeneous ABMs
as a bottom-up approach towards modeling nuances of the real world more accurately.
An agent is an entity that senses its environment to make a goal-oriented decision
that is implemented by taking an action on the environment [13]. Reinforcement learn-
ing (RL) deals with problems where an agent learns to act in an uncertain, dynamic
environment through trial-and-error to maximize its objectives over a horizon [14].
When there are multiple agents that are attempting to learn to act in a common envi-
ronment, they each introduce non-stationarity and (potential) partial observability for
other agents [15]. Multi-agent reinforcement learning (MARL) studies such problems
by modeling the multi-agent system as a stochastic game where the state of the envi-
ronment evolves in response to joint action across all agents [16, 17]. MARL is closely
related to game theory which typically involves the study of multiple agents in static
one-step or repeated tasks [18, 19].
The field of industrial organization has a well-established literature on dynamic
games, particularly focusing on the concept of Markov perfect equilibria within Markov
Perfect models, which closely align with the Markov Decision Processes paradigm in
RL [20]. In MARL, the Markov assumption serves to restrict the space of game equilib-
ria from which joint agent policies can be chosen, while allowing for unknown transition
dynamics, unlike dynamic games. RL is a powerful tool for leveraging agent experi-
ences from simulation runs to develop more flexible and robust agent behaviors. In
economic systems, RL allows for flexible agent behaviors without restrictive paramet-
ric assumptions on how agents forecast the future. Specifically, the classical rational
expectations assumption is an extreme version of such an assumption, where the fore-
casting mechanism is self-consistent: behavior based on these forecasts results in an
environment that obeys these forecasted rules in expectation. Conversely, RL makes
no such assumptions and allows for a more flexible (and more realistic [21]) model of
agent behavior, which can adapt more effectively to changes in policy and shock sce-
narios than traditional descriptive behavioral rules. This is particularly advantageous
when agent objectives are easily formalized, as is often the case for firms and central
banks.
2

Recent work has incorporated ABMs and RL in economic systems, but these are
often restricted to simplistic 2D grid world environments [22], single agent (type) learn-
ing with rule-based background agents [23–26], or a limited number of agent types
learning alongside rule-based regulatory bodies [27, 28]. Many of these approaches lack
agent heterogeneity that is prevalent in real economies, and fail to model economic
shocks within the system. Furthermore, there is no unified effort to define and apply
calibration and validation practices for such ABMs with learning agents, as seen in
traditional economic rule-based ABMs [29]. Empirical calibration of simulation mod-
els is crucial for enhancing confidence in their results and their utility for economic
decision-making [30]. However, the high degree of freedom inherent in ABMs [31],
combined with the learning agents poses significant challenges to these efforts. Addi-
tionally, MARL can result in stability issues due to the interaction between agent
decisions and the environment, alongside the explosion of parameters coming from
ABMs, leading to an explosion in the space of possible equilibria that the system con-
verges to. This is alongside learning instabilities inherent with MARL. We partially
address these challenges in this work by introducing inductive biases to regularize the
space of possible joint agent behaviors by assuming symmetry/exchangeability of poli-
cies per agent category [20], and via empirical validation of the resulting system with
learned agents. These inductive biases serve as an equilibrium selection mechanism
within the large space of joint agent policies considered by MARL within ABMs.
In this work, we introduce a customizable agent-based simulator for economic
systems, implemented in Python, that incorporates multi-agent learning, agent het-
erogeneity, and economic shocks. We also examine stylized facts - recurring patterns
observed in real economic data at both macro and micro levels — to guide the cali-
bration of our ABM with learning agents. Once strategies are learned for all agents in
our simulated economy, we validate these strategies against the stylized facts. Finally,
we demonstrate the utility of our simulation platform and the learned policies of eco-
nomic agents by benchmarking their performance against standard baselines. Our
contributions are summarized as follows:
• Development of a Versatile Agent-Based Simulator: We have developed an
agent-based simulator for economic systems that includes heterogeneous households,
firms, a central bank, and a government. This simulator is highly versatile and cus-
tomizable to various economic scenarios, allowing for the addition of regional agents,
modification of inter-agent connections, and other system-specific configurations.
• Integration of Multi-Agent Reinforcement Learning: In order to model agent
adaptation to one another, we integrate reinforcement learning capabilities for all
agents using OpenAI Gym-style environments within the multi-agent system. To
efficiently scale multi-agent training, we adopt a shared policy network for all agents
of a given type, incorporating their heterogeneity parameters as additional inputs.
This along with communication of realistically shareable information between agents
enable partial mitigation of non-stationarity and partial observability challenges
associated with multi-agent learning. 1
1We note that this also serves as a form of regularization that limits the space of possible agent strategies,
and has previously been considered in the literature as the exchangeability assumption or symmetric Markov
Perfect equilibrium in dynamic games [20].
3

• Specification of Agent Heterogeneity and Action Spaces: We specify agent
heterogeneity parameters and action spaces grounded in economic literature and
real-world economic data, to ensure realistic modeling.
• Survey and Validation of Stylized Facts: We conduct a comprehensive sur-
vey of stylized facts (or empirical regularities) in historical economic data at both
macroeconomic and microeconomic levels. This facilitates the validation of economic
agent-based models. We validate our model by demonstrating its ability to generate
simulated data that adheres to these facts, even as all agents in the platform are
learning.
• Demonstration of Scalability and Configurability: We demonstrate the sim-
ulator’s scalability and configurability by simulating 10,503 microeconomic agents,
including 250 farms, 1,250 companies, 250 retail stores, 8,750 households, one
regional bank, a central bank, and a government, where each agent follows rule-
based strategies. Additionally, we demonstrate scalability for multi-agent learning
by simulating 112 macroeconomic agents, comprising 100 households, 10 firms, a
central bank, and a government, each using deep reinforcement learning to arrive
at objective-maximizing strategies.
• Utility for Monetary and Fiscal Policy Design: We demonstrate the simula-
tor’s utility for monetary and fiscal policy design through two economic scenarios.
In these scenarios, we compare the performance of learned central bank and
government policies against standard rule-based policies, illustrating the superior
performance of the learned policies.
2 Literature Review
2.1 Agent-Based Models (in Finance)
Agent-Based models (ABMs) are powerful tools for simulating complex systems by
defining individual agents and their interactions, even when governed by simple rules.
These models often result in emergent behaviors that are far more intricate than the
rules themselves [1]. ABMs have found applications across diverse domains, includ-
ing robotics [3], financial markets [4, 32], traffic management [5], social networks [6].
Recent advances have leveraged large language models (LLMs) as agents to simulate
realistic social interactions [7] and achieve human-level performance in strategic games
like Diplomacy by integrating natural language negotiation with planning and rein-
forcement learning [33]. In finance and economics, ABMs are particularly popular for
analyzing and developing trading and investment strategies, where real-world testing
can be prohibitively expensive or impractical. One of the most significant advantages
of ABMs lies in their ability to capture emergent phenomena - outcomes driven by
interactions among nonlinear and heterogeneous agents [34].
There is long-standing literature in agent-based finance following the Santa Fe
Stock Market project [35, 36]. Past works consider agent-based financial modeling
within continuous double auction (CDA) markets such as NASDAQ and the New York
Stock Exchange [37, 38], using the simulator to (1) investigate particular trading prac-
tices such as latency arbitrage [39], spoofing [40], market making [41]; (2) to simulate
rare events such as flash crashes [42, 43]; and (3) to design and test new financial
4

policies before implementation in real markets [44, 45]. An alternate line of research
models over-the-counter (OTC) markets such as foreign exchange markets where liq-
uidity providers and takers interact in a decentralized manner with direct connections
to each other (in absence of a centralized exchange) [46, 47]. [48] propose a search-
theoretic framework to model OTC markets, documenting empirical regularities that
are common across OTC markets. With access to these simulators, one can use rein-
forcement learning to learn approximately optimal strategies for different objectives,
such as for market making [49–51], large order execution [52], daily investment [52, 53],
as well as for mechanism design experiments [44, 45, 54].
2.2 Economic Models
Dynamic Stochastic General Equilibrium (DSGE) models are macroeconomic models
widely used by Central Banks for macroeconomic forecasting and policy analysis [55].
They are dynamic as they model the evolution of economic observables over time,
stochastic in incorporating external random shocks to the economy. And, they model
economies in general equilibrium where the assumption is that supply equals demand
for goods and labor. Early work, like [56], introduced a DSGE model with a representa-
tive household and firm, analyzing stochastic dynamics local to a balanced-growth path
and perturbations around them. [57] overcomes the representative agent assumption
of having a single household in the economy by incorporating household heterogeneity
in income, wealth, and temporal preferences, using a continuum of households subject
to employment shocks.
Modern macroeconomic modeling focuses on models estimated from real data [58,
59]. This is also seen in [60], where Bayesian techniques are used to estimate a DSGE
model with a representative household and firm, incorporating price setting by firms
and wage setting by labor unions. [61] explored the impact of monetary policy on
household consumption and labor, including dual-asset savings with transaction costs.
Numerous software packages are available for estimating and solving DSGE models
[62, 63]. The Federal Reserve Bank of New York provides public access to its DSGE
model [64], and forecasts [65].
Despite the extensive literature, DSGE models rely on restrictive assumptions, such
as representative agents, general equilibrium, and individual and aggregate rationality
[66]. The representative agent assumption is often employed because authors find that
when focusing solely on aggregate macroeconomic behavior, a model with a represen-
tative agent performs comparably to more complex models. This finding hinges on the
requirement of complete markets and the rational expectations assumption. However,
these simplifying assumptions limit DSGE models’ ability to capture the full complex-
ity of real economies [67] and make them susceptible to model mis-specification errors
[8]. DSGE models have particularly struggled to simultaneously explain certain styl-
ized facts observed in real economies, especially those related to heterogeneity [68].
Nonetheless, these models are easier to calibrate than agent-based models due to their
fewer parameters, restricting the space of equilibria for joint agent policies.
Numerous studies have examined expectation formation among economic agents,
highlighting how individuals interpret the world and form expectations, which influ-
ences their economic activity. This underscores the limitations of rule-based behavioral
5

modeling of agents by assigning parametric assumptions to agents’ expectations, as
restricting the complexity of their decisions. Critiques of the rational expectations
model, where agents are assumed to have perfect forecasts of the world, have been
noted [21, 69], advocating for the inclusion of adaptive expectations and learning for
agents [70].
2.3 Agent-Based Models in Economics
The field of Agent-based Computational Economics (ACE) employs ABMs to simu-
late interactions among economic agents, addressing key limitations of DSGE models
including the inability to capture agent heterogeneity, adaptive behaviors, and out-
of-equilibrium dynamics [10]. ABMs provide a versatile framework to model complex,
heterogeneous, and boundedly rational economic agents with diverse objectives [71].
Furthermore, [21] critiques the assumption of rational expectations in heterogeneous
macroeconomic modeling as unrealistic, suggesting that least-squares learning and
reinforcement learning are promising approaches to overcome this challenge.
A prominent example of ABMs in economics is the EURACE project [72], which
aimed to build a large-scale model of the European economy. Early simulations
explored labor market dynamics, involving capital and consumer goods firms along-
side households employing rule-based strategies. Subsequent iterations extended the
framework to encompass interactions between labor markets, industry evolution, credit
markets, and consumption [73].
In studies of systemic risk and financial crises, ABMs have been used to model
housing markets, which played a pivotal role in the 2007-2009 financial crisis [74,
75]. These models include mortgage-borrowing households (homeowners) with diverse
characteristics who can choose to make payments, prepay loans, or face foreclosure,
alongside mortgage lenders. Key scenarios involve examining how exogenous leverage
or income shocks impact borrowers’ loan repayment capacity [74, 75].
In the context of climate economics, there has been recent work on using ABMs
to simulate the impact of global climate negotiations and agreements on global tem-
peratures. [76] introduced a calibrated multi-region climate-economic-trade simulation
platform to study negotiation protocols and their effect on fostering cooperation among
global regions with differing economic policy objectives. Building upon traditional
heterogeneous agent equilibrium models, such as [77], this platform incorporates nego-
tiation protocols, and accounts for international trade and tariffs, offering a testbed
for climate-economic policy design.
ABMs are increasingly being explored as experimental platforms for macroeco-
nomic policy design across a range of applications, including fiscal and monetary policy,
bank regulation, structural reforms in the labor market, and climate change policies.
However, important challenges remain, particularly regarding their empirical valida-
tion, over-parameterization, estimation, and calibration [66]. Calibrating ABMs with
numerous agents and diverse agent types using real data presents challenges due to the
large degree of freedom arising from the variables and parameters that characterize
agents’ decision rules [31].
The most common method for validating the assumptions and effectiveness of an
ABM as a realistic model of the true economic system is through indirect calibration.
6

This involves assessing whether the model can replicate a set of statistical regular-
ities observed in real economic data, known as stylized facts, which are selected by
the model designer for validation purposes. Substantial work has focused on ABMs of
endogenous growth and business cycles, which are empirically validated by replicating
sets of microeconomic and macroeconomic stylized facts [78, 79]. These models typi-
cally employ rule-based agents with predefined behaviors, providing a framework for
comparing behavioral rules, particularly in the context of monetary and fiscal policies
[80]. For a comprehensive survey of ABMs in macroeconomic analysis, see [81].
2.4 Agent-Based Economic Modeling and Reinforcement
Learning
Since economic models often depict households as entities maximizing their discounted
utility over time, reinforcement learning (RL) techniques are particularly well-suited
for modeling household behavior [82]. For instance, [24] employed RL to derive con-
sumption, saving, and labor strategies for a representative household in a DSGE
model proposed in [83]. Similarly, [23] applied RL to learn consumption and labor
strategies for heterogeneous households in macroeconomic models that incorporate
epidemiological dynamics under equilibrium. In the domain of housing markets, [84]
utilized RL to develop policies for mortgage-borrowing households within an ABM
encompassing heterogeneous households, mortgage servicers, mortgage owners, and
the broader economy. Their experiments examined the impacts of exogenous income
shocks on borrowers across income quartiles, revealing that lower-income borrowers
were disproportionately affected.
Beyond household strategies, RL has been used to optimize other economic strate-
gies. For example, [85] explored the design of a human-preferred revenue redistribution
mechanism, while [24, 25] investigated central bank monetary policy, and [22] exam-
ined government tax policy. [85] addressed the problem of ‘value alignment’, focusing
on developing AI systems whose decisions align with human preferences. They used
RL to design a shared revenue redistribution mechanism in an online investment
game played by groups of humans. Their findings indicated that the RL mechanism,
trained to maximize votes from virtual human players (modeled using sample human
data), was preferred by real players over baseline mechanisms, including egalitarian
and libertarian approaches. [25] demonstrated that their RL-derived monetary pol-
icy outperformed traditional rule-based interest rate policies, like those in [86, 87], in
achieving inflation and productivity targets [88]. Here, the environment (containing
everything other than the central bank), modeled as a neural network fitted to his-
torical U.S. data, predicted inflation and productivity in response to actions of the
central bank.
Despite significant advancements, many RL studies focus on strategies for a single
agent type or a small subset of agent types. However, a significant critique of mod-
eling and learning economic agents in isolation comes from [89], which highlights the
inability of such models to account for how other agents react to changes in an agent’s
policy. [22] pioneered the use of multi-agent RL (MARL) in economic ABMs by explor-
ing tax policy design with four agents and a planner. The planner optimized marginal
tax rates to balance equality and productivity, while agents maximized utility based
7

on their endowments. [27] introduced a macroeconomic real-business-cycle ABM that
applied MARL to 100 consumers, 10 firms, and a government. However, their model
omitted unemployment modeling, the central bank’s role in monetary policy, used
uniform tax redistribution, and lacked economic shocks. [28] developed an ABM for
taxation study, using MARL for 10,000 household agents that optimized consumption
utilities while the government aimed to enhance social welfare and economic growth.
Similarly, [26] utilized MARL in a macroeconomic ABM with capital and credit mar-
kets to learn price-quantity strategies for 20 consumer-goods firms, while households,
capital-goods firms, and banks followed fixed strategies.
While MARL applications in economic ABMs remain relatively nascent, this field
is expanding [90–93]. In this work, we develop an economic model with heterogeneous
households, heterogeneous firms, a central bank, and a government. All agents learn
and adapt using MARL, in presence of economic shocks. To reduce the space of possible
joint agent policies, we assume symmetric/exchangeable policies across agents within
each category. Crucially, to calibrate the multi-agent economic system, we ground
agent parameters and actions in real economic data. Subsequently, we validate the
model where agents follow their learned policies, against a broad set of economic
stylized facts which are also surveyed in this work.
3 Multi-Agent Economic System
Our economic model consists of four types of agents as shown in Figure 1.
• Households who are the consumers of goods and provide labor for the production
of goods
• Firms who utilize labor to produce goods and pay wages
• Central Bank that monitors price inflation and production to set interest rate for
household savings and firm deposits
• Government that collects income taxes from households and corporate taxes from
firms, part of which could be redistributed as tax credits
Each agent type has specific objectives and uses available economic information to
adjust their actions to meet those objectives. Households aim to maximize utility from
consumption and savings, adjusting their consumption based on prices, wages, interest
rates, and tax information. Firms seek to maximize profits by setting prices and wages,
informed by labor availability, past consumption, interest rates, and tax rates. The
central bank targets inflation control and GDP growth, adjusting interest rates based
on current inflation and GDP data. The government focuses on social welfare, setting
tax rates and distributing tax credits based on household inequality and tax revenue.
Overall, each agent uses available economic information to adjust their actions.
This behavior can be defined using functional rules that map input information to
output actions, such as the Taylor rule for monetary policy or firm pricing using a
fixed markup over production costs. While such predefined behavioral rules allow for
faster simulations, they can limit agents’ ability to achieve higher utility in shock
scenarios, thereby restricting the robustness of their behaviors (as we demonstrate in
our experiments). In contrast, the availability of a simulator combined with advances
8

Fig. 1 Agent types and interactions in ABIDES-Economist.
in deep reinforcement learning (RL) enables us to learn these behavioral rules from
simulated agent interaction data, including data from shock scenarios. Thus, while
our simulator accommodates both rule-based and learning agents, we focus on agents
that learn behaviors through interactions, using a multi-agent reinforcement learning
(MARL) framework. In this MARL framework, each agent’s long-term objectives are
represented through a per-step reward function that is accumulated over time. And,
we aim to learn policy functions (behavioral rules) that map observations to actions.
Formally, our economic model with multiple RL agents is represented as a Markov
Game, where each agent has partial observability of the global system state [16, 17].
The global system state encompasses all information relevant to all agents in the
system (e.g. savings of all households, inventories of all firms, etc.), as well as system-
specific information like shock variables. So, the global system state along with actions
of all agents fully determine the next global state, capturing the Markov assumption.
As expected, each agent only has access to partial information about the global state,
including their own observables and publicly available data such as tax and interest
rates.
A finite horizon Partially Observable Markov Game (POMG) is denoted by Γ =
⟨N, S, {Ai}n
i=1, {Oi}n
i=1, T, {Oi}n
i=1, {Ri}n
i=1, {βi}n
i=1, H⟩where
• N = {1, 2, · · · , n} is the set of agents
• S is the state space
• Ai is the action space of agent i with A = A1 × A2 × · · · × An denoting the joint
action space
• Oi is the observation space of agent i
• T : S × A →P (S) is the transition function mapping the current state and joint
action to a probability distribution over the next state
9

• Oi : S →P (Oi) is the observation function mapping the current state to a
probability distribution over observations of agent i
• Ri : S × A →R is the reward function of agent i
• βi ∈[0, 1) is the discount factor of agent i2
• H is the horizon
The objective of each agent i ∈N in a POMG is to find a sequence of their own
actions that maximizes their expected sum of discounted rewards over the horizon
max
(ai(0),··· ,ai(H−1)) E
""H−1
X
t=0
βt
iRi (s(t), a1(t), · · · , an(t))
#
where s(t + 1) ∼T (s(t), a1(t), · · · , an(t)) ∀t. Here, t represents a time step in the
simulation, typically one quarter of a year in macroeconomic models.
Hence, an agent i with a predefined behavioral rule has a fixed function f that
outputs its action given its observation as ai(t) = f(oi(t)) where oi(t) ∈Oi and
ai(t) ∈Ai. In a learning context, this function f is updated over training steps using
simulated agent interaction data. Without loss of generality, we describe the learning
agent setup where we use index i for households and j for firms as we detail agent
observations, actions, and rewards, thereby formalizing the POMG for our system.
3.1 Households
Households are the consumer-workers in the economic system that provide labor
for production at firms, while also consuming some of the produced goods. When
employed, they are paid wages for their labor at their employer firm, and pay for the
price of consumed goods. The government collects income taxes on their labor income,
part of which could be redistributed back to households as tax credits in the sub-
sequent time step. They also earn (accrue) interest on their savings (debt) from the
central bank. These monetary inflows and outflows govern the dynamics of household
savings/deposits from one time step to the next.
The observations of household i at time t include tax credit κt,i, tax rate
τt,H, interest rate rt, prices of goods of all firms {pt,j : ∀j}, wage at employer firm
P
j wt,jet,ij where et,ij is the employment indicator of household i at firm j, their
monetary savings mt,i and their skills at all firms {ωij : ∀j}. The employment indica-
tor et,ij =
(
1, if household i is employed by firm j at time t
0, otherwise
captures if and where
household i is employed at time t. Note that P
j et,ij ≤1 so that every household can
be employed by at most one firm at time t. Household skills are used by firms in their
hiring and firing decisions as described in section 3.2. When employed, each household
provides ¯n hours of labor at their employer firm.
The actions of household i include the units of good requested for consumption
at all firms {creq
t,ij : ∀j}.
2The symbol β is used for the discount factor instead of the standard γ, as γ is designated for a parameter
related to households.
10

The dynamics related to household i are given by
ct,ij = min
(
creq
t,ij, (Yt,j + yt,j) ·
creq
t,ij
P
k creq
t,kj
)
(1)
mt+1,i = (1 + rt)mt,i +
X
j
(¯net,ijwt,j −ct,ijpt,j)
−τt,H ·
X
j
¯net,ijwt,j + κt,i
(2)
where (1) handles the case when the requested consumption per firm j exceeds its
inventory along with produced goods. Here, goods are distributed proportionally to
households based on their requests, to give the realized consumption for household i
of goods of firm j at t as ct,ij. (2) is the evolution of savings from t to t + 1 based
on interest earned/accrued, labor income, consumption spending, taxes paid on labor
income, and tax credits received from the government.
The reward for household i at t is given by u
P
j ct,ij, ¯n P
j et,ij, mt+1,i; γi, νi, µi

where
u(c, n, m; γ, ν, µ) = c1−γ
1 −γ −νn2 + µ · sign(m)|m|1−γ
1 −γ
with an isoelastic utility from consumption and savings, and a quadratic disutility of
labor3 [83]. Households can exhibit heterogeneity in their skill levels across firms and
in the parameters of their utility functions. Table 1 provides an overview of agent
parameters, including those associated with heterogeneity.
3.2 Firms
Firms are the producer-employers in the economic system that use household labor
to produce goods for consumption. They forecast consumption demand to set desired
production and employment levels based on which they hire/fire households based on
their skills. Labor from employed households is used to produce goods subject to an
exogenous, stochastic production factor that captures any external shocks [23]. Firms
accumulate inventory when they produce more goods than consumed by households,
which they seek to minimize. They profit on revenue from prices paid by households
for consumed goods, and pay wages for labor received from employed households.
They pay taxes to the government on non-negative profits, and earn (accrue) interest
on their deposits (debt) from the central bank. These monetary inflows and outflows
govern the dynamics of firm deposits from one time step to the next.
The observations of firm j at time t include tax rate τt,F, interest rate rt, total
household labor ¯n P
i et,ij, total consumption P
i ct,ij, exogenous shock εt,j, exogenous
production factor ϵt−1,j, previous wage wt,j, previous price pt,j, inventory Yt,j, and
deposits dt,j.
3Although we consider utility that is additive in consumption, labor and savings, our framework is flexible
to use of any other.
11

Agent
Parameter
Household i
ωij: Skill level at firm j
γi: Isoelasticity parameter
νi: Weighting of labor disutility
µi: Weighting of savings utility
βi,H: Discount factor
¯n: Number of hours of labor at employer
Firm j
ωmin: Minimum household skill to be hired by this firm
αj: Production elasticity for labor
ρj, ¯εj, σj: Parameters of the exogenous shock process
χj: Weighting of inventory risk
βj,F: Discount factor
Central Bank
π⋆: Target inflation
λ: Weighting factor for production
βCB: Discount factor
Government
lt,i: Weighting of households for social welfare
ξ: Portion of collected tax redistributed among households
θ: Weighting of household utility in government reward
βG: Discount factor
Table 1 Parameters for agents in our economic model.
The actions of firm j include wage per unit of labor wt+1,j and price per unit of
good pt+1,j that go into effect at the next time step.
The dynamics of quantities related to firm j are given by
ˆCt,j = f(Ct−1,j, · · · , C0,j)
(3)
ˆyt,j = max{0, ˆCt,j −Yt,j}
(4)
ˆNt,j = ˆy
1
αj
t,j
(5)
ϵt,j = (ϵt−1,j)ρj exp (εt,j)
(6)
yt,j = ϵt,jN αj
t,j where Nt,j = ¯n
X
i
et,ij
(7)
Yt+1,j = Yt,j + yt,j −
X
i
ct,ij
(8)
dt+1,j = (1 + rt)dt,j + pt,j
X
i
ct,ij −wt,j
X
i
¯net,ij
−τt,F · max{0, pt,j
X
i
ct,ij −wt,j
X
i
¯net,ij}
(9)
At the beginning of time step t, each firm j forecasts net consumption demand from all
households ˆCt,j based on previous values as in (3), to compute the desired production
ˆyt,j based on current inventory in (4) and desired labor hours from employees ˆNt,j
in (5). The hiring/firing process for firms works as follows. If the firm requires more
labor than can be provided by current employees ˆNt,j > ¯n P
i et−1,ij, it sends hiring
12

requests to all unemployed households with high skill ωij ≥ωmin4. Each unemployed
household chooses among all hiring firms to provide labor to that firm at which it has
highest skill. If the firm requires less labor than will be provided by current employees
ˆNt,j < ¯n P
i et−1,ij, it sends firing requests to all extra employees with lowest skills,
ensuring it has at least one employee.
After hiring/firing/not changing employees, the firm produces with employee labor
per a Cobb-Douglas production function with elasticity parameter αj ∈[0, 1] [94] as in
(7). Here, ϵt,j represents an exogenous production factor following a log-autoregressive
process with coefficient ρj ∈[0, 1] as in (6), with ϵ0,j = 1 and εt,j ∼N
 ¯εj, σ2
j

being
an exogenous shock. The firm updates its inventory for the next time step based
on current inventory and the difference between supply and demand as in (8). The
deposits of the firm evolve from t to t + 1 based on interest earned/accrued, profits,
and taxes paid to the government on non-negative profits as in (9).
The reward for firm j at t is given by
pt,j
X
i
ct,ij −wt,j
X
i
¯net,ij −χjpt,jYt+1,j
where the first two terms represent monetary profits as the difference in revenue from
consumed goods and wages paid, with the last term capturing the risk of accumulated
inventory. Firms exhibit heterogeneity in their sectors, which is equivalently captured
by the shock process and the production function that transforms labor into goods.
The parameters related to firm heterogeneity are provided in Table 1.
3.3 Central Bank
The central bank is the regulatory agency that monitors the prices and production of
goods to set interest rates for household and firm deposits. By changing the interest
rate on deposits, it affects the consumption patterns of households, which in turn
affect the prices of goods produced by firms. The central bank seeks to set interest
rates to meet inflation targets and boost production. Although it is uncommon for
standard economics papers to focus on learning a policy for the Central Bank, our
simulator retains this capability for generality of application e.g. learning monetary
policy in presence of rule-based household and firm agents. Previous studies have
explored similar learning models for central banks, as seen in [25, 69, 70].
The observations of the central bank at time t include previous interest rate rt,
total price of goods over the last five quarters {P
j pt−k,j : ∀k ∈{0, 1, 2, 3, 4}}, and
total production across firms P
j yt,j.
The action of the central bank includes the interest rate rt+1 that goes into effect
at the next time step.
The dynamics related to the central bank are given by
πt =
P
j pt,j
P
j pt−4,j
4Although it is straightforward to assign different minimum skill thresholds across firms, we adopt a
uniform threshold for simplicity.
13

where πt is the annual inflation in total price.
The reward for the central bank is given by
−(πt −π⋆)2 + λ
 X
j
yt,j
!2
(10)
where π⋆is the target inflation rate. And, λ > 0 weighs the production reward in
relation to inflation targeting.
3.4 Government
The government is the regulatory agency that collects taxes from households on their
labor income and from firms on their profits, in order to maintain infrastructure. It
sets tax rates and can choose to distribute a portion of the collected taxes back to
households as tax credits in order to improve social welfare.
The observations of the government at time t include the previous tax rates
τt,H, τt,F, previous tax collected {τt,H
P
j et,ij¯nwt,j : ∀i}, {τt,F max{0, pt,j
P
i ct,ij −
wt,j
P
i ¯net,ij} : ∀j}, previous tax credits {κt,i : ∀i}, and a time varying weight asso-
ciated to each household in relation to social welfare {lt,i : ∀i}. Our framework allows
the designer to choose weights lt,i based on their choice of social welfare metric e.g.,
lt,i ≡1 for the utilitarian social welfare function versus lt,i = 1{i = arg mink mt,k} for
the Rawlsian social welfare function.
The actions of the government include the tax rates τt+1,H, τt+1,F, and the fraction
of tax credit distributed to each household i, ft+1,i that go into effect at the next time
step.
The dynamics related to the government are given by
κt+1,i = ft+1,i · ξ ·
 
τt,H
X
i,j
et,ij¯nwt,j + τt,F
X
j
max{0, pt,j
X
i
ct,ij −wt,j
X
i
¯net,ij}
!
(11)
where ft,i ∈[0, 1] with P
i ft,i = 1 so that a portion ξ ∈[0, 1] of all collected taxes are
redistributed. (11) gives the tax credit for household i at t + 1 as a fraction ft+1,i of
the ξ portion of total tax collected in step t.
The reward for the government is a measure of household social welfare, computed
herein as a weighted sum of household utilities and tax credits as
θ
X
i
lt,iRt,i,H + (1 −θ)
X
i
lt,iκt,i
(12)
where
lt,i
is
the
weight
associated
to
household
i,
Rt,i,H
=
u
P
j ct,ij, ¯n P
j et,ij, mt+1,i; γi, νi, µi

is the reward function measuring the utility
for household i at time t, and θ ∈[0, 1] weighs household utility relative to tax credits.
14

4 ABIDES-Economist Simulator
Our simulator is based on ABIDES, an agent-based interactive discrete event simu-
lator that has been widely used to simulate financial markets with different types of
trading agents [4]. Agents in ABIDES have access to their internal states, and can
receive information about other agents via messages. A simulation kernel handles mes-
sage passing between agents, and runs simulations over a specified time horizon while
maintaining timestamps for all agents and the simulation itself. We now describe the
key components of setting up and running a simulation in ABIDES-Economist.
4.1 Agent Configuration
ABIDES-Economist defines a distinct agent class for each agent type described in
Section 3, initialized with default parameters obtained from the literature. Table 2
outlines the default parameter values and their sources used in our simulator. For every
simulation run, users must specify the simulation horizon in quarters, the number of
agents within each type, and any agent heterogeneity parameters that deviate from the
default values. When modeling agent heterogeneity or testing hypothetical economic
scenarios, the default parameters are replaced by the specified values.
Agents in our simulator can only access their internal states, so any information
from other agents must be explicitly requested through message-based communication.
When a message request for information is sent, the recipient responds by sharing the
relevant part of their internal state with the sender. To configure agents, we establish
message-based communication channels based on the granularity and dynamics of
the economic system. For instance, a household agent sends a message to each firm
agent requesting the price of its goods. The firm agent responds with this information,
which the household incorporates into its observations. Conversely, households only
communicate with their current employers to obtain information about wages.
This messaging scheme ensures that all features in an agent’s observation that are
external to itself are dynamically acquired through inter-agent communication. The
ABIDES kernel processes these messages sequentially, resulting in simulation run time
complexity that is linear in the number of messages exchanged. To optimize perfor-
mance, we minimize the number of messages in the system. Specifically, regulatory
bodies communicate with households and firms through one-way messages, and only
employee households exchange labor-related information with their employers. This
design reduces overhead while preserving the necessary information flow for accurate
agent behavior and system dynamics.
4.1.1 Temporal Progression in the Simulation
Here is how the economic simulation proceeds from one time step t (think quarter of
year) to the next over a specified time horizon. At the start of the simulation,
• Households start with $0 savings, with i.i.d skills sampled at the beginning of every
training episode as ωij ∼N(1.0, 0.3).
• Firms start with 0 units of inventory and $0 deposits, with production elasticity
i.i.d sampled at the beginning of every training episode as αj ∼U[0.05, 1.0]. Also,
15

Agent
Parameter
Value
Source
Household i
ωij
i.i.d N(1.0, 0.3)
γi
0.33
[24]
νi
0.50
[24]
µi
0.10
[24]
βi,H
0.99
[24]
¯n
480
40 hours/week
≈480 hours/quarter
Firm j
ωmin
1.0
Mean of each ωij
αj
i.i.d U[0.05, 1.0]
[95], see appendix A
ρj, ¯εj, σj
0.97, 0.00, 0.10
[23]
χj
0.50
βj,F
0.99
f(ct−1, · · · , c0)
Exponential Moving Average
[78]
with half-life of 4 quarters
Central Bank
π⋆
1.02
[25, 88]
λ
1.00
[25]
βCB
0.99
[25]
Government
lt,i
lt,i =
1
mt,i+maxi{−mt,i}+ϵl ,
Inverse-income
normalized by P
k lt,k with ϵl = 1.0
weights
ξ
0.10
[96]∗
θ
1.00
βG
0.99
Table 2 Default agent parameters in ABIDES-Economist.
∗Based on IRS data from 2023, 15% of the income taxes collected from businesses and individuals were
refunded to individuals [96]. We assume that two-thirds of these refunds, equivalent to 10%, are related to
tax credits, while the remaining portion is due to excess tax refunds.
they each draw independent samples of price and wage for t = 0 from a uniform
distribution over their action space.
• All households are distributed among firms for employment uniformly at random,
so that every household is employed at t = 0.
• Central Bank samples the initial interest rate for t = 0 from a uniform distribution
over its action space.
• Government sets default tax rate and gives out $0 of tax credits for t = 0.
At each time step t ≥0,
1. Each firm computes expected demand for this step based on past demand to
compute desired number of employees (3) - (5).
2. Each firm sends out employment decisions of hiring, firing or status quo based on
skills of households.
3. Unemployed households choose from hiring firms based on highest skill match.
16

4. Each firm uses labor from employee households to produce goods (6) - (7), and
pays wages to employees.
5. Each household observes tax rate, tax credits, interest rate, prices, and wage to
decide on requested consumption.
6. Each firm fulfills consumption (1), updates its inventory (8), and pays taxes to the
government (9).
7. Each household updates savings based on realized consumption (2) and pays taxes
to the government (2).
8. Each firm sets price, wage for the next step based on consumption, labor in this
step.
9. Central Bank monitors firm prices until this step and productions at this step to
set interest rate for next step.
10. Government collects taxes to set tax rate and distribute credits for next step (11).
4.2 Scaling of Simulation Run Time with Agent Count
Simulation run time within ABIDES-Economist is influenced by three main factors:
agent initialization, message processing, and variable/data structure operations.
• Agent Initialization: This involves constructing objects for each agent in the
configuration and scales linearly with the total number of agents.
• Message Processing: This accounts for the transmission of information between
agents via messages. It is the most significant factor, accounting for over 80% of the
total simulation run time. Recall that any information external to an agent must
be conveyed via a message object from the sender agent who owns that informa-
tion. The ABIDES kernel manages message passing between agents by processing
them sequentially, resulting in a run time contribution that is linear in the num-
ber of messages processed. The number of messages is determined by the specific
simulation dynamics described in Section 4.1.1. The greatest message volume com-
plexity arises from price communications between producers and consumers, which
scales as O(mn), where m is the number of firms and n is the number of households.
This, combined with labor/employment interactions, leads to quadratic scaling in
run time with the total number of agents.
• Data Structure Operations: These deal with compute operations within agents,
and have been optimized using more efficient alternatives. For instance, we employ
custom implementations of the Exponential Moving Average instead of the pandas
version and replace numpy.sum() with Python’s built-in sum() function for lists,
among other optimizations.
In summary, the simulation run time per simulation time step within ABIDES-
Economist scales quadratically with the total number of agents, and accumulates over
the time steps in the simulation horizon.
To assess the scalability of our simulation platform, we simulate a regional econ-
omy with m farms, 5m companies, m retail stores, 35m households (five times as many
households as employers), along with one regional bank, a central bank, and a govern-
ment, where each agent follows rule-based strategies. Here, farms and companies fall
within the firm category mentioned throughout this paper, with retail stores sourcing
17

products from farms and selling to households, while companies sell directly. Farms,
companies, and retail stores act as employers, with households serving as potential
employees. The regional agents including farms, companies, retail stores, households
and regional bank update their actions every two weeks, while the federal agents
including the central bank and the government update their actions every quarter.
Hence, the regional agents act 26 times a year while the federal agents act four times
a year.
The objective of this agent configuration is to test scalability in a scenario with
increased inter-agent communication and to demonstrate the customizability of our
simulator, which allows for adaptation of the agent configuration to fit specific sce-
narios of interest. The increase in inter-agent communication arises from two sources.
Firstly, these regional agents act more frequently than the macroeconomic agents pre-
sented earlier, which act once per quarter. Secondly, there is an increase in inter-agent
connections from introducing a retail firm layer between households and farms and
designating the regional bank to handle the banking needs of all microeconomic agents,
while the central bank focuses on macroeconomic monetary policy.
Fig. 2 Simulation run time and number of messages processed as functions of agent count. Note
that the run time scales quadratically with the agent count and linearly with the number of messages
processed.
We vary m in the range {2, 25, 50, 75, 100, 125, 150, 175, 200, 225, 250} and plot the
simulation run time and total number of messages processed per biweekly period across
10 instantiations of each configuration in Figure 2. We used an AWS EC2 instance
(type c5.4xlarge) with 16 vCPUs and 32GB RAM. The first subplot of Figure 2 shows
boxplots of the simulation run time as a function of the total agent count, displaying a
quadratic relationship. The second subplot shows boxplots of the number of messages
processed by the kernel as a function of agent count, again displaying a quadratic
relationship. The last subplot displays median simulation run time as a function of
the median number of messages processed, showing a linear relationship. These trends
align with our earlier explanation that sequential message processing is the primary
factor influencing the scalability of simulations as the agent count increases.
Notably, we successfully simulated a model with up to 10,503 rule-based agents,
exchanging nearly 50 million messages per simulation step of two weeks, with a run
time of around 20 minutes on the specified instance. We capped the agent count at
10,000 because increasing it beyond 15,000 led to out-of-memory issues on the instance
from instantiating the large number of agent objects. Further reductions in run time
can be achieved in economic scenarios with fewer inter-agent connections or where
18

these connections are not continuously active. For instance, macroeconomic config-
urations with fewer inter-agent connections, fixed employment relationships without
constant hiring and firing, or less frequent updates by regulatory bodies, such as the
central bank and government, can improve efficiency.
4.3 Reinforcement Learning capabilities
4.3.1 Single-Agent Learning
The original ABIDES framework was extended to incorporate a single reinforcement
learning (RL) agent using an OpenAI Gym-style extension [52]. In this ABIDES-Gym
setup, a Gym environment encapsulating the Markov Decision Process (MDP) for
a single RL agent interacts with the core of ABIDES, which contains all rule-based
agents, through a placeholder agent known as the Gym agent. The Gym agent serves as
a proxy for the learning RL agent in its interactions with the rule-based environment.
In this setup, the Gym agent takes an action based on the current state of the world,
prompting the remaining background agents to react and evolve the system to the
next state. The Gym environment computes the corresponding next state and reward
for the learning agent. Subsequently, any RL algorithm can be employed to derive an
approximately optimal policy for the learning agent.
The learning process for a single RL agent involves three key steps: (1) MDP
formulation by defining the states, actions, and rewards within the Gym environment;
(2) capturing transition dynamics through the simulator’s agent configuration, which
includes all other background agents; and (3) selecting an appropriate RL algorithm
to derive an optimal policy for the agent using environment interactions. The first two
steps were discussed previously. For the third step, the choice of algorithm depends on
the type of state and action space for the agent. Classical RL algorithms, like tabular
Q-Learning [97], are suited for discrete state and action spaces. In our scenarios, we
typically encounter continuous states and/or actions, necessitating the use of neural
network representations for the value function and/or policy, i.e., requiring deep RL
algorithms.
Popular deep RL algorithms for continuous state/action spaces include deep Q-
Learning [98], vanilla policy gradient [99], trust region policy optimization [100], and
proximal policy optimization (PPO) [101]. The latter three are policy gradient algo-
rithms, which construct a parameterized representation of the policy using a neural
network, with weights updated by gradient ascent on the value/advantage function
[99]. These algorithms are favored for their learning stability, with PPO demonstrating
reliably superior performance across benchmark RL tasks [101].
4.3.2 Multi-Agent Learning
We extend ABIDES-Gym to accommodate multiple RL agents by creating a multi-
agent Gym environment that encapsulates a formalized Markov Game, with the Gym
agent representing all learning agents in the system. This Gym agent interacts with
the core of ABIDES which contains all rule-based agents, to generate the next system
state. And, the Gym environment uses it to compute the learning agents’ rewards.
This setup allows for a mix of learning and rule-based agents. A similar extension to
19

multi-agent reinforcement learning (MARL) within ABIDES has been applied in the
financial domain [45].
The learning process for multiple agents involves three key steps: (1) Markov Game
formulation by defining observations, actions, and rewards for all learning agents
within the Gym environment; (2) capturing transition dynamics through the simula-
tor’s agent configuration, which includes all other rule-based agents; and (3) selecting
an appropriate MARL algorithm to develop effective policies for multiple learning
agents using environment interactions. Here, the choice of algorithm is also influ-
enced by the nature of agent interactions - collaborative (shared rewards), competitive
(zero-sum rewards), or mixed (neither cooperative nor competitive), in addition to the
observation and action spaces of the agents. In our scenario, agents have individual
objectives that are neither cooperative nor competitive, placing their interactions in
the mixed category. Given their continuous observation spaces, deep MARL algorithms
are required.
From a theoretical perspective, as more agents are equipped with RL capabilities,
the learning problem becomes more challenging due to non-stationarity. Transition
dynamics and agent rewards are both functions of all agents’ actions, which are
adapted over time. As multiple agents simultaneously change their behaviors, each
agent’s environment (everything other than itself) becomes non-stationary, causing
the optimal policy to change over time as other agents’ policies evolve [102]. This
can result in learning process instabilities, preventing convergence. Additionally, par-
tial observability presents a challenge, as agents cannot see other agents’ information
and are unaware of the global system state. Their reward functions depend on the
global state and other agents’ actions, neither of which are observable. While algo-
rithms exist for partially observable Markov Games, they require agents to maintain
beliefs over the global state and other agents’ policies, which can become intractable
in high-dimensional problems with many learning agents [103].
In this work, we partially mitigate non-stationarity and partial observability
challenges using the following techniques:
1. Realistic Agent Communication: Agents exchange realistically shareable infor-
mation, which alleviates much of the observability limitations, especially concerning
agent rewards. For example, firms share prices with consumers and wages with
employees, while regulatory bodies share tax and interest rates with all agents.
2. Partial Centralized Training: We adopt a hybrid approach that falls in between
fully centralized training and independent learning [104]. All agents of the same
type share a common policy network, allowing them to exchange experience tuples
with each other. This enables agents of the same type to share knowledge and
diverse experiences, potentially accelerating the learning process [103]. These four
shared policy networks corresponding to the four agent types, are then updated
simultaneously using independent learning. As mentioned in the introduction 1,
this inductive bias helps regularize the space of potential joint agent behaviors by
assuming exchangeability of policies within each agent category [20]. It also acts
as an equilibrium selection mechanism within the extensive space of joint agent
policies considered by MARL within ABMs.
20

3. Learning Rates: Through trial-and-error, we discovered that having firms and
the central bank adapt more quickly than households and the government leads
to improvement and approximate convergence of all agents’ rewards over training
episodes. We attribute this division into two tiers of learner groups - one adapt-
ing faster than the other - to the specific dynamics of our system, as described
in Section 3. Notably, firms have greater authority in setting wages, with house-
holds having limited options to respond to low wages in the labor market, other
than reducing consumption. These wages also influence the income taxes collected
by the government and subsequent tax credits. Similarly, households lack alterna-
tive investment options beyond depositing their savings in the central bank, thus
limiting their response to interest rates to varying consumption. Consequently, we
hypothesize that having households and the government adapt more slowly than the
more influential actors, such as firms and the central bank, stabilizes the learning
process.
4.3.3 Scalability of Multi-Agent Learning
We define training time as the total compute time required to achieve improvement
and approximate convergence of rewards for all learning agents. Our goal is to quantify
how training time scales as a function of (1) the total agent count and (2) the learning
agent count. Training time can be decomposed as the product of two contributing
factors: simulation time per training episode and the number of training episodes. As
discussed previously, simulation run time scales quadratically with the total number
of agents. This relationship holds true even when multiple agents are learning, as it
depends solely on the total number of agents in the configuration, irrespective of the
number of learning agents.
Regarding the second contributing factor, training time scales linearly with the
number of training episodes since episodes are executed sequentially. However, the
number of episodes needed to reach a desired level of performance is heavily influ-
enced by the specific dynamics and interactions among the agents, as well as the
number of learning agents or even the total number of agents. For instance, cooperat-
ing agents who share information may require fewer training episodes when learning
together compared to learning individually. Conversely, competing agents may need
significantly more episodes when learning in the presence of other competing learners
than when learning alone. In the next subsection, we conduct a small study of training
time to provide further insight into this relationship within our economic system.
In summary, training time increases at least quadratically with the total number
of agents when the number of learning agents is fixed. It also scales linearly with the
number of training episodes required for approximate convergence. The relationship
between the number of training episodes required and the total agent count or learning
agent count is heavily dependent on the problem setup. In practice, we utilize the
RLlib package, which offers a wide selection of off-the-shelf single-agent and multi-
agent RL algorithms [105]. This package also provides scalability through parallel
environment sampling, allowing the simultaneous collection of training batches that
are used to update the policy networks. By sampling environments in parallel, we
21

can significantly reduce the total training time compared to sequential sampling, by
a factor proportional to the number of parallel environment samplers.
4.3.4 Impact of Multiple Learning Agents
To better understand the impact of having multiple learning agents on training time
and learned policies, we conduct a simple experiment. We consider three economic
configurations, each comprising one household (ω = 1), one firm (α = 2
3 as in [23],
σ = 0.01), one central bank, and one government (θ = 0.2), over a 10-year horizon.
• Configuration 1 (LH): A policy is learned for the single household, while all other
agents follow random policies.
• Configuration 2 (LF): A policy is learned for the single firm, with all other agents
following random policies.
• Configuration 3 (LH + LF): Policies are learned for both the household and the
firm, while the remaining agents follow random policies.
The use of random policies for other agents simulates the presence of rule-based back-
ground agents, with the rule being defined by the random initialization of their policy
neural networks.
To assess the impact on training time, we examine the number of training episodes
required for the rewards to improve and approximately converge. Specifically, after
confirming reward improvement over training episodes, we determine the number of
training episodes Nϵ beyond which agents’ rewards remain within an ϵ-percentage
range around the mean long-run reward. This provides an estimate of the required
compute time Tϵ needed to reach a certain level of training convergence in the different
configurations. These experiments are run on an AWS EC2 instance (type c5.12xlarge)
with 48 vCPUs and 96GB RAM, where we allocate 16 vCPUs per configuration.
Figure 3 shows the training rewards along with Nϵ and Tϵ for ϵ = 5%. When only
the household is learning, it takes Nϵ = 71, 489 episodes (or 60.44 minutes of training
time) to reach and remain within 5% of the long-term rewards. Similarly, when only
the firm is learning, it takes Nϵ = 2, 703 episodes (or 2.14 minutes of training time) to
achieve approximate convergence. On the other hand, when both agents are learning,
the number of episodes needed for convergence significantly increases to over 132,000
for the household reward and over 131,000 for the firm reward. This demonstrates
that as the learning agent count increases even with the same total agent count, the
training time for our economic system also increases.
To evaluate the impact on learned policies, we play out the three sets of learned
policies in 100 test episodes each. Figure 4 shows the distribution of key household and
firm observables across test episodes for the three configurations. The legends display
the mean values, with standard deviations indicated in brackets. When the household
is learning, it maximizes consumption to the highest level allowed as it can sustain
savings while achieving positive consumption and savings utilities. When the firm is
learning, it reduces wages to maximize profits thereby reducing household income. At
the same time, it also lowers prices to maintain household consumption and minimize
inventory risk. Comparing the three configurations, we observe that when only one
agent is learning, its rewards are higher than when only the other agent is learning. For
22

Fig. 3 Training rewards for the LH, LF, and LH + LF configurations to demonstrate the impact
of multiple learning agents. When both household and firm are learning, more training episodes are
needed for the rewards to improve and converge as compared to when only one of them is learning.
Fig. 4 Histograms of key household and firm variables to demonstrate the impact of multiple learning
agents. Notice the increase in household consumption, decrease in firm wages, and decrease in firm
prices when one or both agents are learning. Importantly, both agents achieve higher rewards when
both are learning, as they adapt their behavior in response to one another.
example, the household achieves higher rewards in the LH configuration than in LF,
while the firm achieves higher rewards in LF than under LH. Interestingly, both the
household and firm achieve higher rewards when both are learning, as they optimize
their own objectives while also learning to respond to each other. This is also affected
by the choice of random policies for the non-learning agents in all configurations. That
is, in LF, the household follows a random policy whereas in LH + LF, it learns
a policy that increases consumption in presence of the firm that learns a policy to
further reduce prices. This reduces the inventory risk and improves the reward of the
firm alongside the household reward from consumption.
23

4.4 Sources of randomness
There are two primary sources of randomness in each simulation run of our economic
system. The first pertains to the employment process. At the start of each simulation
episode, households are randomly assigned to firms for initial employment. Over the
course of the episode, firms adjust their workforce by hiring or firing households based
on their desired production levels to meet demand. When hiring, they seek unemployed
households with high skill and when firing, they lay off employees with low skills.
The second source of randomness arises from the exogenous shock that impacts firm
production.
A subtle related point is that during training, households are assigned random skills
in every episode. This ensures that policies are trained on a diverse set of observations
encompassing varied skill profiles. Similarly, firms are assigned random production
elasticity parameters in every episode. During testing, these skill levels and production
elasticity parameters are fixed across multiple simulation episodes to evaluate policy
behavior under specific scenarios. However, the randomness associated with initial
employment assignments and exogenous shocks remains, introducing variability to test
outcomes across episodes and providing insights into policy robustness.
5 Calibration and Stylized Facts
The primary objective of any model representing a real-world system is to approximate
the true data-generating process accurately enough to provide a faithful representa-
tion of the data [29]. For a model to be effective in forecasting system behavior or
conducting policy analysis, it must closely mirror the real-world system under study.
Agent-based economic models view the system as evolving from interactions
among individual actors, whose modeling is informed by empirical observations of
real decision-makers. Compared to general equilibrium models, ABMs offer greater
flexibility in capturing heterogeneity among economic actors, such as households and
firms, and in modeling agent adaptation to changes in the economic system and envi-
ronment. However, a key barrier to their widespread adoption by economists is the
perceived lack of robustness, stemming from the complex relationship between ABMs
and empirical data [31]. Despite realistic assumptions and agent descriptions, ABMs
often suffer from over-parameterization due to their many degrees of freedom. Estab-
lishing the realism or robustness of ABMs is further complicated, compared to dynamic
stochastic general equilibrium (DSGE) models, due to the non-linearities, randomness
in individual behaviors and interactions, and feedback between micro and macro levels.
Existing validation approaches for ABMs fall into three categories: (1) the indirect
calibration approach of comparing simulated and real world data using stylized facts
[29], (2) the Werker-Brenner approach of calibrating model parameters and initial con-
ditions via empirical validation of resulting outputs [30], and (3) the history-friendly
approach of calibrating model parameters and agent decision rules via reproducing
historical traces [31]. In a related context, [106] introduces the method of simulated
moments (MSM) for financial ABMs, where summary statistics from time series data,
termed moments, are identified. These targeted moments capture select stylized facts
of interest for model validation. For example, in the context of stock price returns,
24

these facts include the absence of return autocorrelations and volatility clustering. The
goal of MSM is to adjust the ABM’s parameters so that simulated moments closely
match empirical moments for selected stylized facts or targeted moments. Moments
not used for validation are untargeted moments, and the choice of targeted moments
depends on the economic or financial scenario being simulated.
The indirect calibration approach is the most widely used given the over-
parameterization issues common in ABMs, coupled with the requirement for high-
quality empirical data, especially at micro-levels. Indirect calibration involves four
steps: (1) identifying real-world stylized facts relevant to the economic scenario, (2)
specifying the model, including dynamical equations for individual agents’ behavior
and system evolution, (3) validating the model by comparing its output with real-world
data, and (4) optionally using the validated model for policy analysis. We examined
the dynamics governing individual agents and their interactions in section 3. In this
section, we provide a comprehensive list of stylized facts at various economic granular-
ities, a subset of which may be targeted for specific problems of interest. We calibrate
agent parameters and allowed actions using real U.S. economic data as detailed in
Tables 2 and 3. We validate the model in section 6.2 and subsequently use the validated
model for policy analysis in Section 6.3.
Stylized facts are empirical regularities observed in real economic data, useful for
validating economic models [107]. These patterns that persist over time can vary by
scale, ranging from macroeconomic and business cycle related facts to microeconomic
facts at the firm and household levels [108]. We survey and categorize stylized facts
into macroeconomic facts that relate to aggregate macroeconomic variables such as the
Gross Domestic Product (GDP), consumption, inflation, interest rate, unemployment
rate, etc.; and microeconomic facts that concern distributions of household and firm
variables within a region or country.
5.1 Macroeconomic Stylized Facts
5.1.1 Business Cycle Facts
We adopt the definition of a business cycle from [109], which describes it as: “Con-
sisting of expansions occurring at about the same time in many economic activities,
followed by similarly general recessions, contractions, and revivals which merge into
the expansion phase of the next cycle.” According to this definition, business cycles
are recurrent but not periodic, with durations ranging from more than one year to
ten or twelve years. Importantly, these cycles are indivisible into shorter cycles of a
similar character.
Stylized facts about macroeconomic time series data related to business cycles
involve observed empirical relationships between Gross Domestic Product (GDP) and
other economic variables at business cycle frequencies [110]. The cyclical components
of macroeconomic time series refer to movements within the range of periodicities
associated with business cycle durations. Extracting these cyclical components has
been extensively studied, with significant contributions on appropriate methodologies
and potential pitfalls [111–113].
25

In this work, we use the band-pass filtering technique from [113] to decompose
macroeconomic time series into trend, cyclical, and irregular components. Then, we
calculate the cross-correlation between the cyclical components of various economic
series and GDP, which serves as a proxy for the business cycle. Economic series with
large positive correlations with GDP are said to be pro-cyclical, while those with large
negative correlations are counter-cyclical. This methodology was employed by [110]
to analyze U.S. economic data from 1953 to 1996, revealing the following empirical
relationships:
• Pro-cyclical consumption expenditure
• Counter-cyclical prices (Consumer Price Index level)
• Pro-cyclical investment in equipment
• Pro-cyclical inflation rate
• Pro-cyclical sectoral employment
• Pro-cyclical total employment
• Counter-cyclical unemployment rate
• Pro-cyclical total labor hours
• Pro-cyclical average labor productivity
• Counter-cyclical nominal wages
• Low correlation of real wages
• Pro-cyclical nominal interest rate
• Pro-cyclical imports
• Counter-cyclical trade balance
• (Phillips’ Curve) Negative correlation between cyclical components of unemploy-
ment and inflation rate
Among these, the Phillips’ Curve, first proposed by [114], is a widely studied relation-
ship between unemployment and inflation. While Phillips observed a long-run negative
relationship between unemployment and inflation in U.K. data, [110] found no stable
long-run relationship between these variables in U.S. data. However, they did observe
a negative correlation between their cyclical components, which supports the inclusion
of this relationship among business cycle facts.
5.1.2 Empirical regularities unrelated to Business Cycles
We now list empirical regularities associated with macroeconomic variables over the
long run (unrelated to business cycle durations).
1. (Phillips’ Curve) A negative relationship between unemployment and the rate of
change of nominal wages except when there is a rapid rise in import prices (indi-
cating a shock or war regime), as observed in economic data for the U.K. over
1861-1957 [114]. The Phillips’ curve also expects a negative relationship between
unemployment and inflation rate of prices, so that low unemployment is associated
with high inflation of prices and vice versa. As mentioned previously, [110] do not
find a stable relationship between unemployment and rate of change of wages in
the U.S., but do find a negative relationship between their cyclical components.
26

2. (Okun’s Law) A negative relationship between rates of change of unemployment
and real GDP (expressed in percentage points), as first observed in data for the
U.S. for 1947 - 1960 [115]. While this paper estimated that a 1 percentage point
increase in unemployment would be associated with a 3.3 percentage point decrease
in GDP, this relationship including the magnitude of which have been questioned
over the years [116, 117].
3. (Beveridge Curve) An inverse relationship between the unemployment rate and the
job vacancy rate (defined as the fraction of vacant jobs relative to the labor force
size), as evidenced in monthly U.S. economic data from 1952 to 1988 [118, 119].
This relationship is typically represented graphically, with the vacancy rate on the
vertical axis and the unemployment rate on the horizontal axis. An outward shift
of the curve over time indicates a scenario where the same level of vacancies is
associated with higher unemployment, reflecting decreased labor market efficiency.
4. (Kaldor’s Stylized Facts on Economic Growth) Nicholas Kaldor proposed a set of six
stylized facts to describe long-term patterns observed in economic growth, focusing
on aggregate production, capital, and income distribution [120–122]. These facts
were formulated as ‘stylized’ summaries intended to capture general tendencies, not
tied to precise historical accuracy but informed by economic data in the U.K. and
U.S.. They are as follows:
(a) Steady growth in aggregate production and labor productivity over time, with
no observable trend of diminishing productivity growth.
(b) Steady growth in amount of capital per worker over time, irrespective of the
specific measure of capital used.
(c) A stable rate of profit on capital, consistently higher than the long-term risk-free
rate.
(d) Stability in the capital-GDP ratio over time, reflecting proportional growth in
production and capital stock.
(e) Stable shares of capital and labor in GDP, suggesting proportional growth in
real wages and productivity.
(f) Variations in GDP growth and labor productivity rates across countries, with
faster-growing economies experiencing rates in the range of 2–5%.
5.2 Microeconomic Stylized Facts
5.2.1 Household Facts
Here, we investigate the distribution of household variables such as income, wealth,
and consumption across households within a region or country. Household income
and wealth distributions exhibit significant inequality, characterized by right-skewed,
fat-tailed distributions. This indicates that a small fraction of households control a
disproportionately large share of income and wealth [123, 124]. Fat tails reflect the
slower decay of the upper end of the distribution compared to exponential or normal
distributions, emphasizing the concentration of resources among a minority.
Using data from the Survey of Consumer Finances, [125] analyzed household
income, earnings, and wealth distributions in the U.S. from 1989 to 2013. Metrics such
as the Gini coefficient, the coefficient of variation, and Lorenz curves were employed
27

to quantify and visualize inequality5. Similarly, [126] constructed micro-files of pre-
tax and post-tax household income in the U.S. spanning 1913 to 2014, combining tax,
survey, and national account data to align microeconomic observations with macroe-
conomic aggregates. [127] reviewed theoretical and empirical studies on household
wealth distributions, exploring the economic mechanisms that drive skewness and fat
tails in wealth distribution.
These studies reveal the following key stylized facts about household income and
wealth distributions:
• Distribution of household income is right-skewed and fat-tailed.
• Distribution of household wealth is right-skewed and fat-tailed.
• Distribution of household wealth is more fat-tailed than income.
• Post-tax income is more equally distributed than pre-tax income
• Over time, the share of income held by the bottom 50% of households has declined
relative to the entire economy.
• Over time, the share of income held by the top 1% of households has increased
relative to the entire economy.
where bottom 50% of households corresponds to those households whose incomes
are lower than or equal to the median income. Similarly, the top 1% of households
corresponds to those households whose incomes lie in the 99 - 100 percentiles of the
income distribution.
5.2.2 Firm Facts
Here, we investigate the distribution of firm-related variables such as firm size, pro-
duction output, profits, productivity, and growth. The statistical properties of firm
size and growth rate distributions have long been the focus of empirical research [128–
130]. A comprehensive survey of these stylized facts is provided by [107], which draws
on data from U.S. manufacturing (Compustat data [131]) and Italian manufacturing
(ISTAT data [132]). The key stylized facts identified in this literature include:
1. Distribution of firm sizes within sectors is right skewed, with inter-sectoral
differences in firm size distributions.
2. Distribution of firm growth rates is fat-tailed.
3. Decrease in variance in firm growth rates with increase in firm size.
4. Widespread profitability differences across firms within each sector.
5. Distribution of rate of change of firm profitabilities per sector is fat-tailed.
6. Productivity heterogeneity across firms within each sector.
where the following definitions hold:
• Firm size is defined as the value added from sales (i.e., consumption spending from
all households at this firm).
5Lorenz curves provide a visual representation of inequality by plotting the cumulative share of income
(or wealth) against the cumulative share of the population, sorted by income. The degree of divergence from
the 45-degree line of perfect equality underscores the concentration of resources among a small fraction of
households.
28

• Firm growth rate is defined as the change in the logarithm of firm size from step t
to step t + 1.
• Firm profitability is defined as the difference between value added and labor costs.
• Firm productivity is defined as the value added per employee labor hour.
5.3 Other Empirical Patterns.
Household Finance.
The field of household finance aims to understand the theory and empirics underlying
household financial decisions [133]. A key focus is on how households make savings
and consumption decisions, which influence their participation in liquid and illiquid
asset markets, borrowing choices, engagement with insurance markets, and retire-
ment savings strategies [134]. [135] provides a summary of empirical regularities in
household financial behavior, particularly in the areas of consumption and savings,
borrowing, asset allocation, and insurance. Drawing primarily on U.S. data, the anal-
ysis offers insights into how households manage their finances over their lifetimes.
Notable regularities include:
• Income-consumption co-movement, with consumption expenditures closely follow-
ing expected and unexpected income changes. And, expenditures declining upon
retirement.
• Low accumulation of liquid wealth, such as monetary savings, over the life cycle.
• High incidence of credit card borrowing.
• High accumulation of illiquid wealth, such as housing, retirement accounts, and life
insurance policies, over the life cycle.
• Increased stock market participation with increase in household wealth.
6 Experimental Results
We begin by detailing the training setup used to learn policies for all economic agents
through independent multi-agent reinforcement learning within ABIDES-Economist.
We train agent policies under two primary economic configurations. The first configu-
ration is aimed at validating our simulated data’s ability to replicate key stylized facts
outlined in Section 5. The second configuration is designed to showcase the utility of
our simulation platform in crafting and comparing monetary (central bank) and fiscal
(government) policies.
For each configuration, we begin by confirming the improvement and approximate
convergence of training rewards. We then evaluate the learned policies across various
economic scenarios. These scenarios are crafted to either demonstrate the policies’
capability to generate simulated data that aligns with targeted stylized facts among
those outlined in Section 5, or to illustrate the simulator’s effectiveness in developing
superior monetary and fiscal policies compared to baseline rule-based approaches.
For instance, we compare the performance of two central bank policies: the learned
central bank policy, which was present during the training of other agents, and a
baseline Taylor rule policy, a widely recognized benchmark in economic literature
[136]. The Taylor rule policy is introduced as an unforeseen change, allowing us to
29

highlight the differences between the two monetary policies, while maintaining the
learned policies for other agents unchanged. These experiments are run on an AWS
EC2 instance (type c5.12xlarge) with 48 vCPUs and 96GB RAM.
6.1 Learning Setup
To scale the training process, we employed a shared policy network for all agents
of the same type, reducing the number of policies to be learned to four: one for
each agent type in the system. The policy network for each type receives as input
the observations detailed in Section 3, augmented with the heterogeneity parameters
of agents as specified in Table 2. Specifically, the household policy network takes
skills (ωij) while the firm policy network takes production elasticity (αj), as inputs in
addition to the observations. Unless otherwise stated, agent parameters are as specified
in Table 2.
Each policy has a continuous observation space and a discrete action space. Table
3 provides an overview of the values and sources for the action spaces used in our
simulator. For households and firms, action spaces comprise a uniform grid of values
centered around the default values in bold, while adhering to any minimum value
constraints. For the central bank, the action space spans a uniform grid of values
corresponding to the range of US Federal Funds rates observed from 1950 to 2022. For
the government, the action space includes tax rates applicable to each tax bracket in
2022.
To facilitate learning, agent observations and rewards are normalized as described
in Table 4. Policies were trained using the Proximal Policy Optimization (PPO) algo-
rithm implemented in the RLlib package [101, 105]. Learning rates were determined
via a grid search over {10−5, 2 × 10−5, 5 × 10−5} for each agent type, selecting the
first configuration that ensured consistent reward improvement across all agent types
throughout training episodes.
6.2 Verification of Stylized Facts
The selection of stylized facts to be verified must be tailored to the specific economic
scenario under analysis, similar to the moments being targeted for model validation
in the MSM approach. For instance, in a macroeconomic simulation investigating the
effects of monetary policy on aggregate prices and production, macroeconomic facts
from Section 5.1 are more relevant than microeconomic ones from Section 5.2. Even
within macroeconomic facts, those related to business cycles may be more important
than those concerning growth theory. Conversely, in scenarios aimed at assessing and
designing fiscal policy and tax credit distribution for households, validating microeco-
nomic facts - particularly those related to household income and wealth distributions
- is crucial for accurately capturing household-level disparities before informing policy
decisions.
For the first economic configuration, we train our economic agents across diverse
regimes, including variations in household skills, firm production parameters, and
exogenous shocks, as detailed in Section 4. Consider an economy with 100 heteroge-
neously skilled households, 10 heterogeneous firms, a central bank and a government
30

Agent
Action
Values
Source
Household i
creq
t,ij
{0, 6, 12, 18, 24}
Per capita consumption
of 1lb of bread
per week [137].
Firm j
wt,j
{7.25, 19.65, 32.06, 44.46, 56.87}
Minimum wage [138]
and average hourly earnings
in May 2022 [139].
pt,j
{188, 255, 322, 389, 456}
Price of bread/lb in
May 2022 [140] multiplied
by 200 consumable goods.
Central Bank
rt
{0.00250, 0.01625, 0.03, 0.04375, 0.05750}
Federal funds rate [141]
Government
τt,H
{0.1000, 0.1675, 0.2350, 0.3025, 0.3700}
Lowest to highest tax
τt,F
{0.1000, 0.1675, 0.2350, 0.3025, 0.3700}
brackets in 2022 [142]
ft,i
{1, 2, 3, 4, 5} then, normalized by P
k ft,k
Table 3 Agent action spaces in ABIDES-Economist.
Agent
Reward
Normalized reward
Household i
u
P
j ct,ij, ¯n P
j et,ij, mt+1,i; γi, νi, µi

u
P
j
ct,ij
¯ci , P
j et,ij,
mt+1,i
¯n·Avgj{ ¯
wj}; γi, νi, µi

Firm j
pt,j
P
i ct,ij −wt,j
P
i ¯net,ij −χjpt,jYt+1,j
pt,j
P
i ct,ij−wt,j
P
i ¯net,ij−χjpt,jYt+1,j
¯pj·P
i ¯ci
Central Bank
−(πt −π⋆)2 + λ
P
j yt,j
2
−(πt −π⋆)2 + λ
 P
j yt,j
P
j ¯yj
2
where ¯yj =

¯n
P
i 1
P
j 1
αj
Government
θ P
i lt,iRt,i,H + (1 −θ) P
i lt,iκt,i
θ P
i lt,iRnorm
t,i,H
+(1 −θ) P
i
lt,iκt,i
ξ·Avgj{¯pj}·Avgi{¯ci}
Table 4 Normalization of agent rewards. The value of default labor hours ¯n is given in Table 2,
while those for consumption ¯ci, price ¯pj and wage ¯wj are given by the bold faced values in Table 3.
as learning agents over a horizon of 10 years (40 quarters), with parameters as in
Table 2. The households share a common policy network, and as do the firms. Learn-
ing rates are set at 2 × 10−5 for the household policy, 5 × 10−5 for the firm policy,
5 × 10−5 for the central bank policy, and 2 × 10−5 for the government policy. Figure
5 is a plot of discounted cumulative rewards during training for the four policies as a
function of training episodes. We observe that rewards improve and stabilize beyond
5 × 104 training episodes demonstrating training convergence. In particular, it takes
Nϵ = 42, 753 episodes (or 31 hours of training time) for the moving averages of agents’
rewards to reach and remain within 5% of the long-term rewards6.
6Note here that we measure convergence by the moving average of rewards remaining within the ϵ-
percentage range around long-term rewards, rather than the rewards themselves, due to their higher
31

Fig. 5 Discounted cumulative rewards per policy during training for the first economic configuration.
Observe that moving averages of rewards converge within a 5%-range around long-term rewards after
42,753 episodes.
To validate the ability of our simulator to replicate stylized facts, we apply these
policies across three distinct economic test scenarios. Each scenario is designed to tar-
get a specific set of stylized facts among macroeconomic facts in section 5.1, household
microeconomic facts in section 5.2.1, and firm microeconomic facts in section 5.2.2.
6.2.1 Verification of Macroeconomic Stylized Facts
In this macroeconomic scenario, we play out the learned policies in 100 test episodes
in an economy with homogeneous households with skills ωij ≡1, homogeneous firms
with production elasticity αj ≡0.97 and low exogenous shocks σj ≡0.01. We then
extract the cyclical components of the resulting macroeconomic time series following
the methodology described in Section 5.1.1.
Figure 6 shows the cyclical component of key macroeconomic time series alongside
that of real GDP, while Table 5 displays their cross-correlations with real GDP. The
bottom subplot of Figure 6 examines the cyclical components of unemployment and
inflation to assess the validity of the Phillips’ Curve. Similarly, the last row of Table
5 quantifies the cross-correlation between the cyclical components of unemployment
and inflation, further validating this relationship. We observe that the simulated data
align with all the stylized business cycle facts listed in Section 5.1.1, except for those
related to inflation and interest rates.
We attribute the observed negative correlation between inflation and GDP to the
absence of market-clearing assumptions in the goods market. Without market clearing,
variability, This increase in variability results from (1) the presence of numerous households and firms with
heterogeneous parameters, and (2) the higher standard deviation of the exogenous production shock σj.
That is to say that the training time for this configuration with 100 learning households, 10 learning firms,
learning central bank and learning government is significantly higher than that observed in section 4.3.4
when using the same instance type.
7We choose αj so that the production of each firm with full employment is approximately equal to the
maximum consumption across households.
32

Fig. 6 Cyclical components of macroeconomic variables alongside that of real GDP, unless other-
wise stated. Observe that our simulated data exhibits most empirical relationships observed in real
macroeconomic data related to business cycles.
33

Variable
Cross Correlation
Total employment
0.158642
Unemployment rate
-0.158289
Consumption expenditure
0.129125
Total labor hours
0.158642
Labor productivity
0.993994
Prices (Consumer Price Index)
-0.050842
Nominal wage
-0.181873
Real wage
-0.043230
Inflation
-0.564621
Interest rate
-0.014768
Phillips’ Curve (Unemployment, Inflation)
-0.031113
Table 5 Cross correlations between cyclical components of
macroeconomic variables with that of real GDP, unless otherwise
stated. Observe that our simulated data satisfies most
macroeconomic stylized facts related to business cycles.
Fig. 7 Validation of macroeconomic facts unrelated to business cycles.
the mechanism driving this negative relationship is as follows: Higher GDP is asso-
ciated with increased production, leading to a buildup of firm inventory. To mitigate
inventory holding risks, firms lower prices, resulting in a negative correlation between
inflation and GDP. On the other hand, under market-clearing conditions, higher GDP
associated with higher production is matched by increased consumption. In this sce-
nario, stronger demand drives prices upward, leading to a positive relationship between
inflation and GDP.
34

Among the macroeconomic stylized facts unrelated to business cycles listed in
Section 5.1.2, Kaldor’s Facts do not apply to our economic model as we do not explic-
itly model firm capital and investment. Nonetheless, Figure 7 illustrates relationships
relevant to the Phillips’ Curve, Okun’s Law, and the Beveridge Curve. Our findings
are consistent with those observed in empirical literature. Specifically:
• Phillips’ Curve: We observe no stable relationship between long-run unemployment
and nominal wage changes or inflation, aligning with prior empirical findings.
• Okun’s Law: We observe a negative relationship between changes in unemploy-
ment and real GDP, indicating that reductions in unemployment correspond with
increases in GDP, thereby satisfying Okun’s Law.
• Beveridge Curve: We observe an inverse relationship between the job vacancy
rate and the unemployment rate, confirming that high unemployment levels are
associated with low job vacancy rates.
Thus, we successfully validate a large set of targeted macroeconomic stylized facts,
including those related and unrelated to business cycles.
6.2.2 Verification of Microeconomic Stylized Facts related to
Households
In this microeconomic scenario, we play out the learned policies in 10 test episodes
in an economy with heterogeneous households with skills ω:j ∼N(0.8, 0.3), heteroge-
neous firms with production elasticities linearly spaced in the range αj ∈[0.9, 1.0], and
exogenous shocks as seen during training σj ≡0.1. The objective is to validate our
simulated data on the stylized facts outlined in Section 5.2.1, particularly the emer-
gence of a right-skewed distribution for household income and wealth. Several models
have been proposed in the literature to induce this income distribution using het-
erogeneities of productivity and talent [127]. To ensure heterogeneity in income and
employment outcomes, we set household skill and firm production parameters based
on the following considerations:
1. Since all households with skill ωij ≥1 are treated equally when firms make hiring
decisions, generating income heterogeneity among employed households requires
wage differentiation that results from firm heterogeneity.
2. To allow for unemployment and zero-income households in the simulation, we set
higher αj values and ensure that a significant fraction of households have skills
below the minimum employment threshold ωmin = 1 (see Section 3.2).
Figure 8 presents the distribution across households of average household income
and final savings over the simulation horizon, accompanied by skewness and excess
kurtosis metrics to quantify the asymmetry and fat-tailed nature of the distribu-
tions. Both income and savings exhibit right-skewed distributions with similar levels
of skewness. However, the distributions do not exhibit fat tails, as indicated by the
low kurtosis values. This is due to the limited number of discrete wage levels in our
simulator, which constrains the range of possible income values. Additionally, since
income tax rates are constant across income brackets in our setup, the post-tax income
distribution mirrors the pre-tax income distribution.
35

Fig. 8 Distribution of average income across households (left) and final savings across households
(right). Observe that income and savings are both right-skewed.
Fig. 9 Visualization of household income inequality via the Lorenz curve (left) and temporal pro-
gression of income shares of the bottom 50% and top 1% of households (right). Observe the deviation
of the Lorenz curve from the 45◦line with positive a Gini index. Also, observe the temporal decline
in the income share of the bottom 50% of households in the economy.
Figure 9 further illustrates income inequality. The left subplot shows the Lorenz
curve for household income, which visualizes income inequality by plotting the cumula-
tive share of income against the cumulative share of the population, sorted by income.
The extent of deviation from the 45◦line of perfect equality highlights the concentra-
tion of resources among a small fraction of households. As observed in [125], our results
show a significant deviation from perfect equality, with a large portion of the popu-
lation holding a disproportionately small share of total income. This is also evident
from the positive Gini index and Coefficient of variation computed on the household
incomes. The right subplot of Figure 9 shows the temporal evolution of the shares of
income held by the bottom 50% and top 1% of households. The share of income held
by the bottom 50% declines over time, while the share of the top 1% initially increases
slightly before stabilizing.
Overall, our simulated data successfully replicates the targeted microeconomic styl-
ized facts related to households, validating the emergence of right-skewed income and
wealth distributions, persistent income inequality, and the shifting of income shares
between different segments of the population.
6.2.3 Verification of Microeconomic Stylized Facts related to Firms
In this microeconomic scenario, we play out the learned policies in 10 test episodes
in an economy with homogeneous households with skills ωij ≡1, heterogeneous firms
with production elasticities drawn from a log-normal distribution fit to U.S. industrial
36

data and scaled to lie within the range αj ∈[0.6, 1.0]8, and low exogenous shocks
σj ≡0.01. The objective is to validate our simulated data on the stylized facts outlined
in Section 5.2.2, those concerning the following firm-level variables:
• Firm size: Measured as the total value of consumed goods pt,j
P
i ct,ij.
• Growth rate: Defined as the change in log-firm size.
• Profitability: Measured as the difference between the total value of consumed goods
and labor costs pt,j
P
i ct,ij −wt,j
P
i ¯net,ij.
• Productivity: Defined as the value of consumed goods per hour of employee labor
pt,j
P
i ct,ij
P
i ¯net,ij .
Due to computational constraints, our experimental setup includes only 10 firms,
limiting our ability to match empirical firm distributions exactly. Instead, we analyze
histograms and compute skewness and excess kurtosis metrics over samples to capture
distributional asymmetry and the presence of fat tails.
Figure 10 presents histograms of the aforementioned variables, averaged per firm
over the simulation horizon, along with the average rate of change of profitability.
Figure 10 also displays the relationship between variance in firm growth rates across
time steps and firm size. Here, we observe heterogeneity across firms in all mea-
sured variables. The histogram of firm sizes exhibits positive skewness, consistent with
empirical findings. The firm growth rate histogram shows positive excess kurtosis,
indicating fatter tails than a normal distribution. Likewise, the rate of change of prof-
itability is also fat-tailed. Importantly, despite the small number of firms, we observe
an inverse relationship between firm size and the variance of growth rates, as shown
in the bottom-right subplot of Figure 10.
Overall, our simulated data successfully replicates the targeted microeconomic styl-
ized facts related to firm heterogeneity, though the small sample size of firms presents
some limitations in matching real-world distributions exactly.
6.3 Utility for Monetary and Fiscal Policy Design
We now demonstrate the efficacy of our simulation platform in aiding policy design and
analysis for regulatory bodies, such as the central bank and government. Specifically,
we aim to illustrate the impact of different regulatory policies on achieving policy
objectives in the presence of heterogeneous and adaptive households and firms. For
comparison, we utilize two central bank policies: the learned policy which was seen
during the training of other agents, and the widely adopted rule-based Taylor Rule
policy [86], which serves as an unforeseen change. Likewise, we compare the learned
government policy with a uniform tax rule on fiscal policy efficacy. These baselines are
introduced as unforeseen changes to regulatory policy, as they were not encountered
by other agents during their learning process.
This second economic configuration mirrors the first in capturing diverse regimes
via variations in household skills, firm production parameters, and exogenous shocks,
as described in Section 6.2. However, it introduces a key modification to the govern-
ment reward parameter, specifically setting θ = 0.2 to place greater emphasis on tax
8The scaling ensures that each firm produces at least one unit of goods per consumer household under
full employment. For additional details on parameter fitting to real U.S. data, refer to the appendix.
37

Fig. 10 Histograms of key firm-related variables with skewness and excess kurtosis metrics, alongside
the inverse relationship between variance in growth rate and firm size. Observe the heterogeneity
across all variables, right-skewed firm size distribution, and fat-tailed distributions for growth rate
and profitability rates of change.
credit redistribution over resulting household utility, as outlined in equation (12). The
choice of a different θ value, where θ < 1, is intentional as it aims to enhance the redis-
tribution of tax credits towards reducing savings inequality among households. This
adjustment influences our simulated data’s ability to generate microeconomic patterns
related to household inequality, as the government actively seeks to minimize discrep-
ancies, prompting households to adapt accordingly. To address these dynamics, we
explore two distinct economic configurations: (1) for the validation of stylized facts, as
discussed in the previous subsection, and (2) for demonstrating the simulator’s utility
in policy design, as covered in this subsection.
For the second economic configuration, consider an economy with 100 heteroge-
neously skilled households, 10 heterogeneous firms, a central bank and a government
as learning agents over a horizon of 10 years (40 quarters), with parameters as in
Table 2 except with θ = 0.2. The households share a common policy network, and as
do the firms. Learning rates are set at 2 × 10−5 for the household policy, 5 × 10−5 for
the firm policy, 5 × 10−5 for the central bank policy, and 2 × 10−5 for the government
policy. Figure 11 is a plot of discounted cumulative rewards during training for the
four policies as a function of training episodes. We observe that rewards improve and
stabilize beyond 105 training episodes demonstrating training convergence. In partic-
ular, it takes Nϵ = 105, 000 episodes (or 76 hours of training time) for the moving
averages of agents’ rewards to reach and remain within 5% of the long-term rewards.
38

Fig. 11 Discounted cumulative rewards per policy during training for the second economic con-
figuration. Observe that moving averages of rewards converge within a 5%-range around long-term
rewards after 105,000 episodes.
6.3.1 Utility for Monetary Policy Design
In this macroeconomic scenario, we play out the learned policies in 100 test episodes,
with a focus on central bank decision-making. The economy consists of homogeneous
households with skills ωij ≡1, heterogeneous firms with production elasticities linearly
spaced in the range αj ∈[0.05, 1.00], and low exogenous shocks σj ≡0.01. Subse-
quently, to establish a baseline for comparison and highlight the benefits of learning a
central bank policy, we substitute the learned central bank policy with a non-inertial
Taylor rule for setting interest rates, as described in [86]:
rt+1 = r⋆+ πt + 0.5(πt −π⋆) + 0.5(yt −y⋆
t )
where r⋆= 2% represents the equilibrium interest rate, πt is the current inflation
rate, π⋆= 2% is the target inflation rate, and yt −y⋆
t denotes the output gap between
current production output yt = P
j pt,jyt,j and an estimate of potential output y⋆
t
computed using a linear fit to past outputs. We evaluate the performance of the
learned central bank policy against the Taylor rule under identical conditions, where
all other economic agents continue to use their learned policies. The discounted sum
of the central bank’s rewards as defined in equation (10) capture the central bank’s
utility from minimizing deviations from target inflation, and maximizing GDP. This
serves as the performance metric for comparing monetary policies.
Figure 12 presents the distribution of central bank utility and other monetary
observables across test episodes. The results for the Taylor rule are shown in blue,
while those for the learned policy are shown in orange. The legends display the average
value and standard deviation (in brackets) across test episodes. We observe that the
central bank achieves slightly higher utility with lower variance under the learned
policy compared to the Taylor rule. In addition, while the Taylor rule utilizes nearly
all interest rate options, the learned policy typically employs at most two rate options
39

Fig. 12 Distribution of Central Bank utility from inflation targeting and GDP, along with other
monetary observables for the Taylor rule (blue) and learned policy (orange) in a regular economy
with low production shocks. The learned policy achieves higher utility with lower variance.
on average9. Furthermore, although both policies achieve similar inflation targeting,
the learned policy is more effective in promoting production.
To further assess the robustness of the learned policy, we compare its performance
with that of the Taylor rule in a volatile economic scenario with high exogenous shocks
to the firms. In particular, the mean of the firm shock process is linearly spaced in
the range ¯εj ∈[0.10, 0.00], with the standard deviation linearly spaced in the range
σj ∈[0.20, 0.10]. This scenario represents an economic environment where the firm
with the lowest production elasticity α1 = 0.05 experience positive production shocks
with high mean and variance (¯ε1, σ1) = (0.10, 0.20). And, the firm with the highest
production elasticity α1 = 1.0 experiences low production shocks as before, with low
mean and variance (¯ε1, σ1) = (0.00, 0.10).
Figure 13 presents the distribution of central bank utility and other monetary
observables across test episodes in this economic scenario characterized by high vari-
ability due to heterogeneity in firm productions and exogenous shocks. We observe
that the learned policy significantly outperforms the Taylor rule in achieving higher
utility for the central bank in inflation targeting and GDP promotion, while also main-
taining lower variance across episodes. Notably, the variance in central bank utility
for the learned policy remains similar to the previous low-shock scenario, whereas the
variance for the Taylor rule is substantially higher than before. As previously noted,
while both policies achieve similar inflation targeting objectives, the learned policy
is more effective in promoting production under such shock scenarios compared to
the Taylor rule. This highlights the effectiveness of the learned central bank policy in
meeting inflation and production targets through strategic interest rate setting even
in volatile economic scenarios.
9This comparison is based on the average interest rate over the horizon across test episodes, so variability
over the horizon is still present, as expected.
40",pdf,"Bài báo giới thiệu ABIDES-Economist, một trình mô phỏng dựa trên tác nhân cho các hệ thống kinh tế bao gồm các hộ gia đình, doanh nghiệp, ngân hàng trung ương và chính phủ không đồng nhất. Nó tích hợp khả năng học tăng cường (RL) cho tất cả các tác nhân bằng cách sử dụng khung môi trường OpenAI Gym. Các tác giả đã khảo sát toàn diện các sự kiện thực nghiệm (stylized facts) liên quan đến dữ liệu chuỗi thời gian kinh tế vi mô và vĩ mô để hiệu chỉnh mô hình. Bài báo xác nhận ABIDES-Economist bằng cách chứng minh khả năng tạo ra dữ liệu mô phỏng phù hợp với các sự kiện thực nghiệm liên quan. Ngoài ra, nó chứng minh tính hữu ích của nền tảng mô phỏng đã được xác thực trong việc thiết kế các chính sách điều tiết cho ngân hàng trung ương và chính phủ, cho thấy các chính sách học được vượt trội hơn các phương pháp dựa trên quy tắc tiêu chuẩn.","ABIDES-Economist là một trình mô phỏng dựa trên tác nhân được triển khai bằng Python, kết hợp học đa tác nhân, tính không đồng nhất của tác nhân và các cú sốc kinh tế. Hành vi của tác nhân có thể được xác định bằng các quy tắc hành vi cụ thể theo miền hoặc học thông qua học tăng cường bằng cách chỉ định mục tiêu của chúng. Khả năng học tăng cường được tích hợp cho tất cả các tác nhân bằng cách sử dụng khung môi trường OpenAI Gym. Các tham số tác nhân và không gian hành động được dựa trên tài liệu kinh tế và dữ liệu kinh tế thực của Hoa Kỳ. Để hiệu chỉnh, một khảo sát toàn diện về các sự kiện thực nghiệm liên quan đến dữ liệu chuỗi thời gian kinh tế vi mô và vĩ mô đã được thực hiện. Mô hình được xác thực bằng cách chứng minh khả năng tạo ra dữ liệu mô phỏng phù hợp với các sự kiện thực nghiệm. Để mở rộng quy mô đào tạo đa tác nhân, một mạng lưới chính sách chung được áp dụng cho tất cả các tác nhân cùng loại, kết hợp các tham số không đồng nhất của chúng làm đầu vào bổ sung. Các chính sách được đào tạo bằng thuật toán Proximal Policy Optimization (PPO) trong gói RLlib.","Các mô hình ABM có độ tự do cao và sự kết hợp với các tác nhân học hỏi đặt ra những thách thức đáng kể cho việc hiệu chỉnh. Học tăng cường đa tác nhân (MARL) có thể dẫn đến các vấn đề ổn định do sự tương tác giữa các quyết định của tác nhân và môi trường, cùng với sự bùng nổ các tham số từ ABM, dẫn đến sự bùng nổ trong không gian cân bằng có thể mà hệ thống hội tụ. Tính không ổn định trong học tập vốn có của MARL cũng là một hạn chế. Tính quan sát một phần cũng là một thách thức, vì các tác nhân không thể nhìn thấy thông tin của các tác nhân khác và không biết trạng thái hệ thống toàn cầu. Do các ràng buộc tính toán, thiết lập thử nghiệm chỉ bao gồm 10 doanh nghiệp, hạn chế khả năng khớp chính xác các phân phối doanh nghiệp thực nghiệm. Các phân phối thu nhập và tiết kiệm không thể hiện các 'fat tails' do số lượng mức lương rời rạc hạn chế trong trình mô phỏng. Tỷ lệ thuế thu nhập không đổi trên các khung thu nhập, khiến phân phối thu nhập sau thuế phản ánh phân phối thu nhập trước thuế.","Các tác nhân kinh tế học được tạo ra dữ liệu hệ thống phù hợp với các sự kiện thực nghiệm kinh tế vĩ mô và vi mô, ngoại trừ mối tương quan giữa lạm phát và lãi suất với GDP. Nền tảng mô phỏng đã được xác thực hữu ích trong việc thiết kế các chính sách điều tiết cho ngân hàng trung ương và chính phủ, với các chính sách học được vượt trội hơn các phương pháp dựa trên quy tắc tiêu chuẩn (ví dụ: chính sách học được của ngân hàng trung ương đạt được tiện ích cao hơn với phương sai thấp hơn so với quy tắc Taylor, đặc biệt trong các kịch bản kinh tế biến động). Trình mô phỏng có khả năng mở rộng, có thể mô phỏng tới 10.503 tác nhân dựa trên quy tắc và 112 tác nhân học tăng cường. Khi nhiều tác nhân cùng học, cần nhiều tập huấn luyện hơn để phần thưởng hội tụ. Tuy nhiên, cả hộ gia đình và doanh nghiệp đều đạt được phần thưởng cao hơn khi cả hai cùng học, vì họ tối ưu hóa mục tiêu của mình đồng thời học cách phản ứng với nhau.",ok,grounded,['arxiv'],
